chrom,chromstart,chromend,name,score,strand,top5RBP,top5rpm,top5fc,AARS,AATF,ABCF1,ADAT1,AGGF1,AKAP1,AKAP8L,APEX1,APOBEC3C,AQR,BUD13,CPEB4,CPSF6,CSTF2T,DDX1,DDX21,DDX24,DDX3X,DDX42,DDX43,DDX47,DDX51,DDX52,DDX55,DDX6,DGCR8,DHX30,DROSHA,EEF2,EFTUD2,EIF3G,EIF4E,EIF4G2,ELAC2,ELAVL1,EWSR1,EXOSC10,EXOSC5,FAM120A,FASTKD2,FMR1,FTO,FUS,FXR1,FXR2,GARS,GEMIN5,GNL3,GPKOW,GRWD1,GTF2F1,HLTF,HNRNPA1,HNRNPC,HNRNPK,HNRNPL,HNRNPM,HNRNPUL1,HNRNPU,IGF2BP1,IGF2BP2,ILF3,KHDRBS1,KHSRP,LARP4,LARP7,LIN28B,LSM11,MATR3,MBNL1,METAP2,METTL1,MORC2,MTPAP,NCBP2,NIPBL,NOLC1,NONO,NPM1,NSUN2,PABPC4,PCBP1,PHF6,PPIL4,PRPF8,PTBP1,PUM1,PUM2,PUS1,QKI,RBFOX2,RBM15,RBM22,RNF187,RPS10,RPS11,RPS3,RPS6,RYBP,SAFB2,SAFB,SBDS,SDAD1,SERBP1,SF3B1,SF3B4,SLBP,SLTM,SMNDC1,SND1,SRSF1,SRSF7,SRSF9,SSB,SUPV3L1,TAF15,TARDBP,TBRG4,TIA1,TRA2A,TROVE2,U2AF1,U2AF2,UCHL5,UPF1,UTP18,UTP3,WDR3,WDR43,WRN,XRCC6,XRN2,YBX3,YWHAG,ZC3H11A,ZC3H8,ZNF622,ZNF800,ZRANB2
chrX,73852408,73852723,XISTint1,0,-,RBM15;UCHL5;RBM22;YWHAG;HNRNPC,675.8217;302.3825;145.4243;71.7449;50.8328,152.1633;68.6349;33.5275;17.0474;12.37,0,0,0,19.04304401,0,0,0,0.515094227,0,0,0,0,0,0,0,0,0,2.478362009,0.603206899,13.08058421,0,3.59561619,4.50794927,0,0,31.75925632,0,2.689788224,0,0,0,13.38575044,0,2.278855921,0,0,0,9.068149006,0,6.878084509,1.544059286,0,0,0,0,0,0,7.135942878,6.429003929,5.348803966,0,0,0,50.83283166,0,0,0,0,0,0,0,0,0,0,7.294780803,0,0,35.49049853,0,0,1.785029272,19.56226783,33.06157594,0,18.94941202,45.31426917,23.66053964,0,3.499517036,0,0,0,0,0,0,0,0,9.665753421,0.145463071,0,9.326230529,675.8217162,145.4242684,6.012321242,0,7.370823215,4.916690053,4.503248537,1.339275463,0,0.398603523,0,29.7418354,0,0,0,0,13.48879902,0,0,32.60997698,13.02659952,0,0,0,0,0,0.983864893,4.990310709,0,13.8242342,27.20320825,15.96448812,302.3824915,0,1.118656825,0,0,0,0,23.82602779,0,0,71.74494199,0,3.769549638,2.902866405,0,0
chrX,73851981,73852407,XISTrA,0,-,RBM15;NIPBL;UCHL5;SDAD1;SRSF1,2302.9227;319.9974;282.7897;260.8828;200.6509,224.931;32.1158;28.4978;26.3677;20.5108,5.063002099,5.312386204,0,78.96167321,0,20.30414378,8.527332935,0.934201339,0,0,0,6.432596097,0,0,0,0,0,0,1.654779608,0,0,25.82276585,0,0,0,37.02269602,0,1.650250102,7.243127044,0,0,4.753027362,0,0,4.813814961,0,17.01580489,0,0,16.11443194,3.961659285,0,0,0,0,1.269631558,0,0,8.542870761,0,0,12.42009965,0,114.6691513,0,0,0,0,0,0,0,0,0,0,42.94119725,0,0,20.81624687,0,0,3.009575903,44.33021531,116.558034,0,0,319.9973958,14.91692428,0,0,0,0,0,0,0,0,0,0,0,0,0,0,2302.922665,8.964748926,13.53085617,35.58753483,0,7.843504724,0,0,0,6.606688924,0,260.8827818,0,0,0,0,8.742439239,0,0,200.6508683,0,0,0,0,0,0,0,0,0,4.852111552,168.924161,76.27169845,282.7897187,0,0,1.129759299,0,0,0,51.74514346,0,0,39.3502571,0,0,0,0,0
chrX,73850917,73851980,XISTrF,0,-,HNRNPM;RBM15;EXOSC5;UCHL5;FXR2,2292.1648;1570.2157;1478.4924;1338.911;547.3371,82.0025;56.4896;53.2482;48.3156;20.3423,104.8755274,17.07404451,8.252940496,198.4686648,0,0,33.36999252,0,2.685223368,0,15.9461908,3.464199133,37.15994286,66.03583913,90.26457594,50.45435568,38.82712989,0.078295182,68.40722766,0,91.20810887,197.1782086,32.8018578,2.128573504,38.83906486,85.46953772,2.186752423,87.22676756,5.69467335,12.91781584,22.12246805,6.005912662,9.164131643,169.9400718,0,26.00972251,47.34072076,1478.492384,0,31.65427233,0,133.9400404,28.18239919,25.56367922,547.3371318,45.64623244,0,55.52904243,51.96475937,0,62.90829591,8.838097956,245.4188577,32.02724892,11.14707545,0,2292.164753,55.20480058,174.5483396,0,0.100029011,92.51133242,0,0,103.9253039,0,31.51304135,53.53632968,0,42.97722683,62.99861158,132.8982706,219.8126258,35.92454141,30.84850165,217.5922255,67.81795738,0,1.812635356,0,0,0,0,7.921608424,4.237782719,0,0,0,27.09774696,0,244.6279947,1570.215676,446.7798118,17.9650218,185.2214888,0,38.0624088,34.1129932,11.3713552,45.72983941,74.21372435,0,216.2595521,0,51.42062666,0,0,112.8899121,0,60.03101037,49.02507849,24.7502166,3.701441821,0,0,86.61357828,37.58443423,97.97813844,6.290894455,0,68.5741044,50.05403631,37.82300707,1338.911025,0,39.3350182,40.18551747,33.89420898,40.2111653,56.99052781,156.9908305,17.91057402,0,138.0128173,7.182907821,12.90430311,0,0,1.967411522
chrX,73850773,73850916,XISTint2,0,-,EXOSC5;HNRNPM;TIA1;HNRNPK;UCHL5,199.972;106.2703;77.4418;65.1659;58.32,48.5402;26.2641;19.4106;16.4922;14.8646,1.239355256,7.136497973,0,8.084949469,1.408064807,2.348236955,0,2.025993359,0,0,0,1.365841985,3.559753047,28.16630479,8.606965427,33.05254767,0,0,13.40342539,0,25.36618632,17.68819117,15.50307994,7.558356197,0,5.254972894,8.224079009,17.51408549,0,0,0.921070641,0,0,12.73526827,6.736124507,5.315976373,0.552313426,199.9719867,0,0.234489111,5.29077347,0,8.427274291,0,6.170913285,0.415100708,0,2.886631901,0.99580084,0,15.77378713,0,3.191357886,0,65.16593135,0,106.2702892,3.042080299,20.17246279,0,0.27743496,47.87885157,0,10.53793759,0.836013219,4.805110231,0,7.78201036,14.96228527,0,0.87648466,0,6.941851263,7.110273324,6.908298568,0,15.28043617,8.719185211,0,0,0,55.52100643,3.496124963,0,0,11.16523459,0,3.215312477,5.949409108,0,28.77858509,0,53.9496314,0,22.94631929,2.169880653,7.123354733,0,5.610651844,0.681319864,12.98871823,14.03576337,8.4649676,0,13.23195298,0,3.752340061,6.640508867,0.21789029,12.11023232,0,0,0,0,0,2.188845489,2.509735765,0.430088724,77.44181938,1.003894144,13.95703953,39.97053255,39.87393748,58.31997908,0,0.824134959,3.402840146,2.457013492,0,19.33666041,17.05621118,12.49793575,0,2.380165331,0,0,0,0,15.00017886
chrX,73850683,73850772,XISTrB1,0,-,HNRNPK;ILF3;CSTF2T;PCBP1;DROSHA,41.2885;17.5834;10.6802;8.2477;6.8758,145.9918;62.747;38.5053;29.9633;25.1457,0,0.660475239,0,0,0,1.026158881,0,0,0,0.596046146,0,0,0,10.68017721,0,1.408823002,0,0,0,0,0,2.404042421,0,0,0,0.407529515,0.899088655,6.875828599,0,0,0,0,0,0,0,0,0,0.535778017,0,0,0,0,0,0,0.325664407,0,0.456665711,0,0,0,1.380249335,0,0,0,41.28853427,0,3.483198169,0,0,0,0,17.58336364,0,0,0,1.002591197,0,0,0,0,0,0,0,0,0,0,0,0,0,0,0,8.247719226,0,0,0,0,4.197076051,0.06864931,0,0,0,1.83688723,0.12478473,0,0,0,0,2.978527554,0,0,0,0.788302647,0,0,0,0,0,1.315596105,0.406527692,0,0,0,0,0,0,0,0.354865489,0,5.305894647,0,0,0,0,0,0,0,1.617540562,0,0,0,0.034973573,0,0,0,0,0,0,0,0
chrX,73849943,73850682,XISTint3,0,-,HNRNPM;HNRNPK;KHSRP;EXOSC5;ILF3,306.4245;179.9498;118.3448;85.7545;85.3208,30.5043;18.3266;12.3949;9.2569;9.2152,0,0,0,7.962154012,0,0,0,0,0,0,0,4.659227628,0,46.00535593,0,0,0,0,0,29.65333305,0,0,0,0,0,0.921697734,0,39.97706555,0,0,0.72370428,0,0,0,61.54850115,0,9.400375652,85.7544757,0,1.456545873,0,0,12.73949796,0,0,0,2.465685974,0.576154934,9.927506684,40.14928727,2.749336692,1.839549542,0,0,179.9498118,0,306.4245403,5.560840572,0,0,0,85.32084066,3.513299106,118.3447826,0,0,0,38.26276982,0,0,0,0,0,0.459353137,1.919764127,0.239089752,0,0,0,0,0,17.10778552,0,0,0,0,7.043606865,7.284924417,0,0,7.979816733,63.41740253,8.043948502,0,0,2.366749079,0,11.23353722,1.635082543,0,0,0,0,0,8.298155313,0,0,0,0,0,26.08712669,9.05578697,0,0,2.64776351,3.521305548,0,2.159967174,49.0840967,5.955542937,0,9.618866322,24.92127734,36.13857937,0,0,0,0,0,0,0,1.112002622,0,0,0,18.91326517,19.88057537,0,0
chrX,73849805,73849942,XISTrB2,0,-,HNRNPK;DROSHA;DDX42;PUM1;DDX47,350.6136;58.5477;16.1884;14.9146;9.4526,100.8688;17.6767;5.6111;5.2483;3.6925,0,0,0.336670309,0,0,8.287570448,1.863945774,0,0,0,0,0,0,0,0,0,0,0,16.18836378,0,9.452575709,0,0,0,0,5.25831809,0,58.54773349,9.236312492,0,0,0,0,0.201572176,0,0,0,0,0,0,0,0,0,0,2.898763768,0.340493168,4.644992643,0,0,0,0,0,0,0,350.6136242,0,0,0.403427599,7.347353487,0,0,0,0,0,0,0,0,0,0,0,0,0,0,0,0,0,0,0,0,0,0,0,0,0,0,0,14.91460376,0,0,0,0,0,0,3.326080135,0,0,0,0,4.503162779,0,0,0,4.092067639,0,3.962830237,0,0,2.712883821,0,0,0,0,0,0,0,0,0,0,0,0,0,0,0,0,0,0,0,0,0,0,0,9.071730794,0,0,0,0,0,0,0
chrX,73848208,73849804,XISTint4,0,-,HNRNPK;HNRNPU;DDX42;DROSHA;ILF3,687.9125;224.6321;39.2311;38.9086;36.5675,29.2588;10.2277;2.6116;2.5983;2.5022,0,0,0,0,0,0,1.11573462,0,0,0,0,0,0,0,2.827159284,0,0,0,39.23107509,0,5.634361059,0,0,0,0,3.809986454,0,38.90859742,2.213052533,0,0,0,0,0,0,0,0,0,0,0,0,0,0,0,0,0,0,0,0,0,0,0,10.17947048,0,687.9124864,35.05962931,0,6.535134261,224.6321133,0,0,36.56747589,16.71089102,0,0,0,0,0,0,3.086019848,0,0,0,0,0,0,0,0,0,0,0,0,0,0,0,0,0,0,0,24.32614112,0,0,0,8.131592401,0,0,0,0,0,0,0,0,0,0,0,0,0,0,0,0,0,0,0,0,0,0,0,0,0,0,0,0,0,0,0,0,0,0,0,0,0,0,0,0,0,0,0,0,0
chrX,73846611,73848207,XISTint5,0,-,HNRNPU;HNRNPK;LIN28B;HNRNPL;HNRNPA1,173.9745;123.8782;108.0825;55.7087;54.2986,8.5213;6.3555;5.6726;3.4084;3.3474,6.077921617,0,0,0,0,0,2.186579287,0,0,0,0,0,0,0,0,0,0,0,41.04030147,0,0,9.134659042,0,0,0,0,0,0,0,0,0,0,0,0,0,0,0,0,0,0,0,4.956097681,0,0,0,0,0,0,0,0,0,0,54.29863812,31.88569187,123.8781698,55.70869274,0,23.54906306,173.9745173,0,0,7.035004533,3.282158686,0,0,0,108.0824841,0,0,15.31159503,0,0,0,0,0.28919122,0,0,0,0,0,0,0,0,0,0,0,0,0,0,16.78492658,0,0,0,0,0,5.106703059,0,0,0,0,0,0,0,0,9.254451031,0,0,0,0,8.408349078,0,0,0,0,0,0,0,0,0,0,5.561913394,0,0,0,0,0,30.13352015,0,0,0,0,3.335553501,0,0,0,0,0,0,0
chrX,73844584,73846610,XISTrD,0,-,HNRNPK;HNRNPU;DDX42;HNRNPL;HNRNPA1,1372.0742;274.1589;132.548;117.404;69.279,47.4764;10.2866;5.4898;4.9768;3.3467,0,0,0,0,0,0,63.54499242,0,0,0,0,0,0,0,14.32129844,0,0,0,132.5479521,0,0,18.49245379,0,0,0,17.32328035,0,30.1496522,0,0,0,0,0,0,0,0,0,0,0,0,0,0,0,0,0,0,0,0,0,0,0,0,69.27895055,0,1372.074231,117.4039943,0,26.58112998,274.1588979,0,0,0,0,0,0,0,0,0,0,0,0,0,0.082791129,5.653974731,0,0,0,0,0,0,0,36.84180527,0,0,0,0,0,0,8.331440188,0,0,0,0,0,0,0,0,0,0,0,0,0,0,0,0,0,7.618738702,0,0,14.68785921,0,0,0,0,0,3.570799565,0,0,1.011642567,0,26.41611136,0,0,0,0,0,25.64489297,0,0,0,0,34.69203753,0,0,0,0,0,0,0
chrX,73843517,73844583,XISTint6,0,-,HNRNPU;HNRNPK;HNRNPL;ELAVL1;HNRNPC,134.2318;119.309;99.4251;56.9696;25.4818,8.4333;7.6069;6.5058;4.1548;2.4111,0,0,0,0,0,0,0,0,0,0,0,0,0,0,17.60309348,0,0,0,24.62324747,0,0,0,0,0,0,1.326089682,0,0,0,0,0,0,0,0,56.96957867,0,0,0,0,0,0,15.13572627,0,0,0,0,0,0,0,0,0,0,14.82069123,25.48181085,119.3090486,99.4251098,0,18.61906573,134.23182,0,0,0,8.503426224,0,0,0,0,0,0,0,0,0,0,0,0,0,0,0,0,0,0,0,0,0,0,0,0,0,10.56271524,0,0,0,0,0,0,0,2.982790283,0,0,0,0,0,0,0,0.625781991,0,3.165108417,0,0,7.282738074,0,0,0,0,0,0,0,0,12.29114637,0,11.02964922,0,0,0,0,0,0,0,0,0,0,0,0,0,0,0,0,0,0
chrX,73842450,73843516,XISTint7,0,-,HNRNPK;HNRNPU;DDX42;ILF3;DROSHA,560.3586;94.9349;30.0743;28.0194;22.0591,28.1153;5.5938;2.4553;2.3558;2.0674,0,0,0,4.451288455,0,4.678744071,0,0,0,0,0,0,0,0,0,0,0,0,30.0743417,0,0,0,0,0,0,0,0,22.0590955,1.641566657,0,0,0,0,0,0,0,0,0,0,0,0,0,0,0,0,0,0,0,0,0,0,0,0,0,560.3586411,0,0,13.40198917,94.9348945,0,0,28.0194465,0,0,0,0,0,0,0,0,0,0,0,0,0,0,0,0,0,0,0,0,0,0,0,0,0,0,0,0,0,0,0,6.90940241,0,0,0,0,19.60409066,0,0,0,0,0,0,0,0,0,0,0,0,0,0,0,0,0,0,0,0,0,15.26620596,0,0,0,0,0,0,0,0,0,0,6.885497643,0,0,0,0,0,0,8.435070266
chrX,73841382,73842449,XISTint8,0,-,KHDRBS1;DDX43;NOLC1;KHSRP;U2AF2,63.176;46.2824;41.5475;40.1222;36.4272,3.9446;3.1572;2.9365;2.8701;2.6978,0,0,0,4.552759664,0,0,0.892400835,0,0,0,0.608632717,0,14.93490143,0,0,0,11.73577922,0,3.61660589,46.28241037,0,0,0,0,0,0,0,16.01878889,1.383489009,0,0,0,0,0,0.93790797,0,13.60907959,13.14456674,0,11.85154119,0,4.864419998,0,0,31.65234563,0,0,0,14.71256545,18.5419615,0,23.86144109,26.7125155,11.18205347,0,0,0,24.35529111,0,0,0,29.54514082,63.17602635,40.12221694,15.52257302,0,0,0,0,7.740629606,0,22.50115949,0,11.64623059,2.759140259,0,41.5475082,0,0,0,0,0,0,0,0,0,0,0,0,0,0,7.187317955,0,33.23958939,15.16002209,0,0,0,8.997853221,5.925631431,0,0,0,0,10.93049441,0,0,0,0,0,2.130826432,14.92850956,0,0,2.750157978,0,0,0,0,3.175407758,2.762911205,20.49919303,36.42718294,0,0,0,0,0.75633155,2.834442869,0,20.590594,0,0,0,17.6391378,0,15.24189398,0,0
chrX,73827979,73837503,XISTint9,0,-,DDX43;ZNF622;GRWD1;EXOSC10;ILF3,352.0838;187.4507;180.2003;163.2329;154.268,28.4234;15.6003;15.0356;13.714;13.0157,5.97372471,0,0,0,15.95014759,0,17.28771798,0.872405236,0,0,79.19964028,0,24.43862431,0,0,0,138.9965323,0,0,352.0838168,25.64602979,0,0,0,0,0,0,0,11.06190823,4.316783592,0,17.70529033,0,0,0,0,163.2328653,0,0,4.677946572,35.9132404,0,46.17652571,0,0,29.52476193,0,0,29.52180346,180.2003249,0,112.9073636,0,0,0,0,0,0,0,0,0,154.2679692,0,0,31.70232864,0,0,7.141834068,0,120.0479717,18.44035378,54.66276952,0,37.42598728,42.33762584,3.857396194,90.89551573,0,0,0,0,8.966418864,0,0,13.8754315,23.96645835,52.14787247,0,0,0,44.99908631,66.42003473,0,82.53484193,149.6659777,3.557282932,0,93.21817895,113.5805198,0,12.1169011,0,0,0,20.79225441,41.77620122,0,8.677143576,0,0,114.5731808,126.307209,46.15917636,0,0,0,27.13806606,0,0,106.0501812,0,56.62173772,120.9000118,121.7706559,0,0,11.89115006,0,23.90672315,0,61.18058113,0,0,1.275209515,38.73913925,10.05105636,187.4506761,60.98637394,0
chrX,73827315,73827978,XISTrE,0,-,PTBP1;MATR3;MBNL1;TIA1;SND1,3717.4101;1321.115;302.6957;201.5005;145.1482,173.3181;62.2394;15.0313;10.3404;7.7282,4.665589632,0,0,88.51460955,0,0,0,100.5815753,5.352479714,0,0,0,0,0,0,0,11.12242079,0,0,0,0,0,0,0,0,0,6.54355965,0,0,0,0,0,0,9.947960249,80.09538322,0,0,0,0,0,28.12881715,0,0,0,0,0,13.76855757,0,0,0,35.03751915,0,0,0,0,0,0,0,0,0,0,0,0,13.76551416,0,0,0,0,1321.11498,302.6957455,0,0,47.29834336,0,14.54975127,0,8.316597327,0,0,0,0,26.30375871,0,0,0,3717.410088,0,19.42306312,5.201398593,0,0.264735663,0,0,0,0,0,0,0,0,0,0,0,0,0,0,0,0,0,0,145.1481902,0,0,0,0,0,0,46.54765356,10.60959615,201.5004932,0,34.49673219,28.99432798,100.6108382,0,0,0,0,0,0,0,0,0,0,0,17.19264185,0,0,0,0
chrX,73825984,73827314,XISTint10,0,-,NOLC1;DDX43;TRA2A;GRWD1;UCHL5,359.4871;281.7753;264.6232;247.8739;234.6695,16.3871;13.0608;12.3266;11.6097;11.0445,14.26217923,7.357390814,3.568975963,0,39.59055792,0,24.72640019,0,0,3.237580453,81.13363587,20.10043139,44.75718189,0,0,0,68.28322737,0,0,281.7753093,0,0,0,6.048936649,2.509222539,0,0,16.49773015,0,0,8.256377706,18.45902694,26.01829684,0.463397532,9.833977296,0,157.4674715,0,0,28.44724227,0,7.081179307,162.5135686,0,0,0,0,8.233241462,24.1998971,247.873855,47.30768802,181.2503982,43.38113592,18.74245721,0,22.41128547,0,0,0,0,0,1.95630452,21.7967151,5.031025215,134.9122371,0,0,119.6290632,0,178.0972075,18.08199661,161.796247,7.728274661,104.4209795,27.05010396,27.63643868,359.4871131,0,51.91235831,0,0,0,0,94.95877273,0,148.972387,11.74484655,1.37607167,2.488195736,0,101.9982386,12.85672294,0,148.4692076,120.2172807,16.71645151,21.95603615,52.91654968,112.2724217,83.64451952,116.7340362,3.463776849,0,0,0,0,0,52.56532141,9.404351463,33.06158302,99.79392117,102.4517652,3.136193417,0,0,25.97169648,41.23973855,4.728644475,31.74502176,264.6231953,14.54336271,35.26180317,61.90897205,234.6694536,0,0,105.9938489,5.511802585,104.3122788,0,144.4996619,0,0,37.32741146,172.7647396,17.83886771,201.8770345,53.92825748,2.827857428
chrX,73824653,73825983,XISTint11,0,-,HNRNPU;ZC3H11A;LIN28B;SAFB;KHDRBS1,49.926;49.0641;40.6951;22.4742;19.3266,3.6825;3.6362;3.1866;2.2076;2.0384,2.181406043,0,0,0,0,0,0,0,0,0,0,0,0,0,0,0,0,0,0,0,0,0,0,0,0,0,0,0,0,0,14.71702977,0,0,0,0,0,0,0,0,0,0,2.601248717,0,0,0,0,0,0,0,0,0,0,1.937869869,13.09314518,0,0,0,10.23747081,49.92599714,0,0,0,19.32663443,0,0,0,40.6950864,0,0,0,0,0.893698603,0,0,0,0,15.23412004,0,0,0,0,0,0,0,0,0,0,0,6.316443728,0,0,0,0,1.101431265,0,0,0,0,7.4337844,2.884987831,22.47423063,0,0,0,7.546096537,0,0,0,0,0,0,0,0,0,0,2.807528182,0,6.480077631,0,0,0,0,0,0,0,0,2.313953346,0,0,0,0,0,0,0,49.06413188,0,0,0,0
chrX,73823322,73824652,XISTint12,0,-,HNRNPU;HNRNPA1;KHDRBS1;SAFB;METTL1,74.4044;47.7374;43.3588;34.8416;21.5639,5.4982;3.886;3.6213;3.1064;2.3037,1.776717336,0,0,1.985304696,0,0,0,0,0,0,0,0,0,0,0,0,0,0,0,0,0,0,0,0,0,0,0,0,0,0,0,0,0,0,0,0,0,0,0,0,0,9.385817366,0,0,0,0,0,0,0,0,0,0,47.73737049,0,0,7.726463727,0,6.509347822,74.40443102,0,0,0,43.35880445,0,3.908950524,0,0,0,0,0,0,21.56385298,0,0,0,0,0,0,0,0,0,0,0,10.46548749,0,0,0,0,0,0,0,0,0,11.94599799,0,0,0,0,10.10547303,15.25302224,34.84164662,0,0,0,0,0,0,0,0,0,0,0,0,0,0,14.72479212,0,0,0,0,0,0,0,0,0,0,10.09151481,0,7.748667139,0,0,0,0,0,6.127261122,0,0,0,0
chrX,73821991,73823321,XISTint13,0,-,KHDRBS1;SAFB;ZC3H11A;ILF3;RNF187,55.8031;51.1588;43.0246;42.0286;41.4265,3.9781;3.7303;3.2962;3.243;3.2109,0,0,0,0,0,0,2.054038741,0,0,0,0,0,0,0,0,0,0,0,0,0,0,0,0,0,0,0,0,1.312147039,0,0,0.063140885,0,0,0,21.70820142,0,0,0,0,0,0,0.118177244,0,0,0,0,0,0,3.557549712,0,0,0,11.83980546,1.992383479,0,34.91489835,0,10.25632997,26.94256006,0,0,42.02859026,55.8030647,0,15.43871144,0,0,30.95349819,0,25.62734839,0,35.94643431,0,2.386906797,0,0,22.28736357,0,0,0,0,0,0,23.71377512,0,0,0,1.760495688,0,0,23.47593247,0,0,41.42651496,13.9691473,0,15.25169226,0,19.92957334,17.04235226,51.15878783,0,0,0,0,0,0,0,0,0,0,0,0,0,0,4.40711408,0,0,0,0,3.111237822,0,0,0,0,0,0,0,6.797522812,0,0,0,0,0,43.02462548,1.405575119,0,0,0
chrX,73820656,73821990,XISTint14,0,-,ZC3H11A;NOLC1;MBNL1;RNF187;METTL1,239.8579;215.2903;170.8535;150.7577;128.904,15.9344;14.4048;11.638;10.3867;9.026,0,0,0,0.149578677,21.56800424,0,8.691122236,0,0,0,15.0844824,17.92983209,0.137209778,0,0,0,2.020808006,0,0,29.09753554,0,0,0,0,0,0,0,39.79190101,0,0,0,7.434741386,0,0,0,0,22.50974191,0,0,14.53193241,0,0,100.2650728,0,0,0,0,0,10.69335019,12.44009001,0,58.21041,5.146124296,46.63107453,0,21.37520129,0,0.900672417,0,0,0,13.16487622,9.462126111,0,85.34741819,0,0,51.52600011,0,170.8535302,10.13557979,128.9039827,0,2.894669164,0,30.08153755,215.29028,0,0,0,0,0,0,26.20991906,0,0,0,0,0,0,47.35081456,0,0,150.7577178,65.19167138,2.157163265,10.80693199,0,94.53115057,40.07665013,50.48785717,0,0,0,15.07915526,0,0,0,0,0,6.187742863,0,12.93828769,0,0,0,2.488547729,0,0,21.35852032,0,0,4.909522121,15.35062028,0,0,0,0,49.33388029,0,64.6731752,0,0,0,239.8579264,0,24.75168763,0,0
chr11,65422797,65423796,NEAT1chk1,0,+,U2AF2;CSTF2T;U2AF1;HNRNPU;HNRNPA1,4459.6314;3855.2714;3822.4944;3516.2574;3195.4836,28.4276;24.7107;24.5091;22.6257;20.6528,1462.213037,899.3804686,514.5479032,1166.470328,132.5799386,581.5710441,1593.653188,496.165391,223.5805971,67.82355659,177.0317658,405.7701668,466.2383967,3855.271434,1466.08781,1448.428708,304.5510381,66.91899673,2069.371757,145.4668986,1486.985547,2039.92056,1809.006499,368.2364949,1691.026811,574.9275036,1855.281413,1549.501298,532.1178862,883.685917,506.5358532,823.7431872,935.1419066,871.1815229,0,1707.207537,543.1929295,867.7315297,892.2551361,650.8227739,164.7386994,807.2930737,1940.622862,90.63772727,644.6958818,337.2936919,1233.022538,230.0984229,583.5449198,0,2749.512914,308.675873,3195.483591,33.58431639,155.2137915,53.91077553,2807.311747,1977.43908,3516.257385,316.8248178,1101.652645,31.63796414,46.63148674,4.106614682,513.3643713,1165.31101,338.9045112,496.0699816,184.2020756,439.7058119,598.4647935,452.1624896,1454.020957,557.7084812,1031.437569,28.3474257,778.7778764,1005.70783,230.6060072,38.27631665,0,377.7940977,1708.206153,546.0690157,171.0717011,79.01926436,336.3817169,121.9016909,499.3762974,95.45658306,2341.976575,365.9978638,52.41687715,435.9671727,495.4450225,298.3160591,425.9022816,808.2328831,540.0224962,530.7925856,853.5881488,88.50119997,0,137.6400178,1307.205863,489.3951562,161.0580967,775.7483092,327.8062405,391.1655982,358.7227742,418.7061144,320.8870137,97.4898591,965.7353828,1185.070484,739.92158,1166.979245,2223.693435,820.9612457,354.534453,3822.494439,4459.631381,292.3493946,243.7720178,705.4468778,352.928165,1087.160053,505.6740513,618.7658924,781.2706891,1722.82182,0,204.8386276,756.6080609,707.2186667,11.37065369,312.5881364,2962.252491
chr11,65423797,65424796,NEAT1chk2,0,+,CSTF2T;HNRNPM;ZRANB2;HNRNPUL1;EWSR1,4121.2929;4113.9137;3162.8016;2182.7871;2132.3203,36.6205;36.5568;28.3363;19.8659;19.4298,523.9265645,387.1677437,148.8096733,568.3393668,242.3106159,199.795719,571.1285603,0,248.3467717,14.66012008,254.142199,492.2296179,573.2671309,4121.292895,1231.245243,719.2388354,143.386217,47.99161232,1100.869099,565.8790707,426.3288164,900.6691955,1135.412885,311.2789357,554.3554918,668.2078827,707.3741334,824.008643,140.3034534,238.7097393,337.2249913,29.03220332,630.1265591,1223.90533,0,2132.320327,493.9138865,1704.537275,743.9951909,258.5667618,0,410.8845845,1954.339794,18.95299572,178.8321428,69.92962568,838.0267118,223.4750887,148.3727664,584.8453978,603.216161,113.823671,1107.228509,0,151.8969288,0,4113.913748,2182.787107,1849.062008,378.4792212,555.1910414,126.1347492,308.444424,784.9008727,279.8479124,262.1390636,80.86837643,957.5217399,281.7745292,869.8858017,438.527942,901.3519008,690.4411629,629.5017901,381.6820197,332.0622223,1036.220079,1086.461143,105.6979572,0,23.53245718,252.6190095,1148.870318,750.2160995,199.050109,212.9495872,134.2872368,163.4971515,306.2270263,133.2496148,1774.768107,767.8165843,82.93157193,766.250093,160.1468698,200.3805068,226.4581325,345.6480576,611.3615738,403.725078,1038.907901,90.32904345,0,0,209.400486,17.64847128,83.26814135,549.6945613,359.7709959,244.1771514,348.2354144,634.1888886,1.296144274,0,427.9848148,1817.485641,829.0338393,1012.325862,1780.762341,596.9236234,374.5808496,1350.473526,1574.758927,676.3994573,78.33594779,295.6845145,679.4637014,226.3543577,350.1588436,214.3469062,505.0718839,675.6942319,29.30935771,384.1719197,707.2477794,589.3082435,325.0913411,70.42278841,3162.801638
chr11,65424797,65425796,NEAT1chk3,0,+,CSTF2T;GTF2F1;HNRNPUL1;EXOSC5;HNRNPU,3080.9433;2878.4473;1436.0173;1331.5272;1321.1621,33.5293;31.3913;16.1618;15.0586;14.9492,561.2509272,192.1675836,0,700.3047636,13.51467346,56.4804577,1083.192391,170.1631748,582.1115951,0,36.33001504,322.6467566,226.3614353,3080.943296,765.3252446,498.0429558,33.59186312,0,612.0672911,0,359.4084775,474.5461457,490.4392643,89.26342131,529.1658103,247.5113596,453.7073211,1024.726688,78.96588548,199.6522896,320.6108362,112.5173023,187.952091,671.3062979,512.9425982,1087.24985,253.4233215,1331.527192,561.1744579,760.648147,43.94572794,392.7854626,1049.966364,0,0,63.18789199,479.8958079,21.99957533,413.614731,0,2878.447251,232.6134113,1136.928556,0,0,0,931.3789123,1436.017272,1321.162095,122.1439699,183.470674,19.15138195,200.8775216,99.01598813,521.299735,131.8619063,0,384.3016853,182.0211213,562.5521946,256.2004821,610.8843637,815.602352,110.2130204,322.0877498,275.6396581,354.0701348,680.7378413,85.94791037,30.32219881,0,0,260.9618035,294.3036652,15.36661515,0,0,30.39581921,163.7982904,315.6512789,812.8763775,50.77197741,13.81786291,398.7918408,228.2398451,37.36697657,238.7052056,118.6250048,360.8777264,402.0295059,557.5851306,0,0,0,625.2413394,0,53.85006462,78.30405655,0,207.5548122,0,0,95.28081717,0,406.1474904,711.1872893,243.011991,503.3918337,1029.562718,142.3547827,156.6795426,131.4508454,242.6301004,224.438412,179.5934366,122.717343,173.512312,266.591318,257.1725412,411.6847652,494.8845619,416.1790336,0,42.66380861,683.8844616,24.31462211,0,0,0
chr11,65425797,65426796,NEAT1chk4,0,+,CSTF2T;KHSRP;HNRNPUL1;FUS;ZC3H11A,2869.2293;2461.8308;1559.8419;1449.9476;1303.1727,36.908;31.8095;20.5212;19.1459;17.309,203.2733089,103.4715775,0,314.8426862,76.22440663,0,352.4744736,0,283.0351637,0,0,1062.957913,440.6478899,2869.229283,610.7807088,199.5370017,33.78578216,33.01900316,618.8163281,0,0,132.1266822,646.2791668,254.5786794,288.5272435,304.0875362,546.3534379,713.2500845,69.87292141,137.0506309,110.665314,168.6770873,181.7586518,833.8641379,177.9133895,1109.64574,85.146588,877.9418473,185.0654122,280.5456391,0,179.5572077,1449.947601,13.048958,0,71.06343174,746.2956061,123.2131272,17.69787356,0,220.9075656,58.15846306,180.1666489,86.50805714,0,110.0349297,217.7641017,1559.841888,573.2751448,240.8707709,180.1563475,71.93795902,484.3182518,2461.830782,446.7450712,30.16396385,25.60346933,690.1319839,81.37622839,1089.06241,557.9946425,851.9513157,481.5943224,100.6899761,162.2362659,659.5855311,604.4779082,804.6207014,22.8236343,0,155.4091918,0,389.4947961,230.9829906,0,44.79997417,0,162.8904302,29.96221955,1085.360737,902.242954,0,12.24364955,917.4733457,190.3878251,145.0859754,116.585022,0,630.5276394,214.163781,394.2029733,13.45189379,0,0,111.9167094,0,39.47585034,96.13472208,79.0922778,132.6667795,0,80.07130901,77.089701,0,184.4896496,850.3466717,192.8972936,504.5629208,1028.274296,40.64185243,131.4751323,914.2145082,843.2139353,270.7316038,3.316487997,82.18943253,121.7393914,132.5832761,406.506351,181.2895328,184.9981573,562.8858138,0,55.11923261,1303.172738,309.222898,0,0,1159.209139
chr11,65426797,65427796,NEAT1chk5,0,+,CSTF2T;NONO;TIA1;EWSR1;HNRNPUL1,2906.7359;1664.353;1515.4141;1239.8886;1154.4105,72.646;42.0234;38.3523;31.5611;29.4542,144.0891292,0,44.07222969,0,60.84756143,45.95012646,102.989895,0,0,0,0,713.3509036,0,2906.735927,724.8336328,256.6538065,0,0,353.1128045,0,0,0,653.4211822,12.97901026,113.6794563,285.4997255,188.2088248,0,1.388225524,22.82121227,61.97820029,0,232.7285869,457.081675,35.74968437,1239.888627,0,0,170.8823718,0,0,124.2200588,1054.797662,0,0,0,335.3343671,0,2.03751741,0,0,0,0,11.07459279,115.7047066,107.3327154,280.9117612,1154.410455,244.1256534,139.5965014,500.6630895,33.3612669,89.41765439,167.9706219,0,28.3027112,0,322.3820565,464.4243734,318.9196278,197.9328559,199.899224,47.37633664,117.296497,61.44605095,3.14289699,86.31325913,1664.353013,0,0,0,171.3191896,406.6275908,30.96411167,0,379.8753269,16.44814668,0,96.07070901,134.49914,77.20651657,0,0,0,0,34.12252068,71.75540754,0,0,46.45871552,57.52746638,0,0,0,66.55036599,0,0,142.7593889,242.5825172,35.08721137,0,0,0,0,156.7941645,590.2218017,0,464.2588744,1515.414097,38.29378811,44.06018211,709.3253298,530.1195064,0,0,62.27527139,299.9418065,26.80349244,34.1658666,7.847880521,0,552.5408772,113.0835039,106.2150565,33.01810553,163.60685,0,0,312.7134659
chr11,65427797,65428796,NEAT1chk6,0,+,CSTF2T;NONO;QKI;HNRNPUL1;TIA1,682.2612;660.2617;525.9246;424.1044;353.2683,21.9613;21.2854;17.1581;14.0299;11.8536,0,0,0,0,0,0,0,0,0,0,0,247.1769795,0,682.2611817,57.60795628,0,0,0,91.61545688,0,0,0,0,0,0,0,0,0,0,0,0,0,8.318602373,0,0,66.39464189,0,0,0,0,0,0,192.8025821,0,0,0,0,0,0,0,0,0,8.878736469,0,0,57.67716142,0,424.1044438,61.71626185,0,49.65468758,0,120.7369037,0,0,0,92.28064218,59.01490893,44.56672323,51.19397443,0,27.56891302,0,0,0,0,0,660.2617336,0,0,0,0,12.76025723,0,0,56.21706613,0,0,0,525.9245942,0,0,0,0,0,6.619862993,0,0.900145447,0,0,0,0,35.87668121,0,9.801639313,0,0,6.037876373,7.546356262,0,0,0.502053388,0,0,105.2345074,164.079228,0,72.45379631,353.2683278,0,0,17.74084248,0,0,0,0,47.34821931,0,0,0,0,70.49750838,7.088345502,0,0,75.49160595,0,0,0
chr11,65428797,65429796,NEAT1chk7,0,+,TARDBP;ELAC2;IGF2BP1;EIF4G2;TIA1,953.6516;816.6998;264.9387;232.8981;172.9859,25.8251;22.2601;7.8968;7.0627;5.5031,0,0,0,0,0,0,0,0,0,0,0,1.705251915,0,52.3506006,0,0,0,0,0,0,0,0,3.632097915,0,0,0,0,0,0,0,0,0,232.898062,816.699794,142.8060627,21.99270126,0,0,0,0,0,0,0,0,0,13.191791,0,0,0,0,0,0,0,87.82960725,0,0,1.525654427,0,0,264.9386565,37.06281226,0,10.94921509,167.1162563,0,0,38.70048675,0,124.8494035,0,0,0,0,0,0,1.04902685,0,66.2406371,0,0,0,0,41.78192521,0,0,0,0,0,18.82697294,0,0,0,0,0,0,0,0,0,0,0,0,0,0,0,26.35620224,0,0,0,0,0,0,67.125149,0,0,0,0,953.6515961,0,172.985893,0,43.05740163,70.22155723,53.38358107,0,0,0,0,0,0,0,0,0,0,0,0,0,0,0,0
chr11,65429797,65430796,NEAT1chk8,0,+,HNRNPM;TIA1;NONO;U2AF2;EIF4G2,1291.8681;1043.8537;998.2927;894.4387;750.2458,31.8763;25.9487;24.8597;22.3776;18.9313,83.90693066,38.97794718,26.45149343,21.93234532,9.406683932,61.72289565,72.86707483,31.70195057,0,0,0,377.7483053,36.26505319,642.4245227,359.2331083,199.0727803,0,0,641.0622475,0,86.57779614,125.6342057,322.3469706,4.813203615,56.4085245,222.616308,249.6838133,46.71260644,11.80378814,11.71888699,14.56190142,0,750.2457759,569.9492049,16.93550256,419.8454682,0,126.5079408,140.2390466,22.05911896,0,15.5126643,254.8541112,0,0,0,130.1717807,11.67994081,0,0,0,0,0,0,330.1908736,63.85461398,1291.868057,431.4844403,2.180174545,192.4389537,395.8924411,32.30905197,0,718.1594152,0,55.35530313,0,149.1054697,417.7672609,0,33.81643263,0,29.75635968,28.51180247,28.81754055,17.35560406,30.24650727,998.2927347,0.668320914,0,0,184.2707593,422.1226311,0,0,156.9084273,0,85.38896261,112.3432911,0,6.495246572,0,0,0,26.45309111,76.576219,13.19008015,0,0,0,0,24.69010908,0,0,64.035534,65.99470023,24.48260965,64.13938226,164.4415718,67.54505185,0,25.37218898,0,0,19.60375458,0,500.8861106,55.79852815,1043.853685,35.36673665,55.16313018,562.1889266,894.4387339,0,0,0,3.815261701,0,0.51072944,39.00585137,0,438.2463304,61.35736032,11.55800625,19.5935541,146.7724989,0,0,700.2315561
chr11,65430797,65431796,NEAT1chk9,0,+,KHSRP;MATR3;ELAVL1;HNRNPL;U2AF2,353.4404;269.3047;244.1902;220.9785;144.8426,9.8276;7.7262;7.099;6.5192;4.6176,0,0,0,0,0,0,0,0,0,0,0,129.3576599,0,0,0,0,0,0,0,0,0,0,0,0,0,0,0,0,0,0,0,0,0,0,244.1902002,0,0,21.9130615,0,0,0,0,0,0,0,0,0,0,0,0,0,0,0,121.4974854,1.660609717,220.9784887,136.9056241,0,0,0,0,0,0,353.4403941,0,0,0,0,269.3046995,0,0,0,0,0,0,0,0,0,0,0,0,0,0,0,0,0,0,0,0,46.7967935,0,0,0,0,0,0,0,0,0,0,0,0,0,0,0,0,0,0,0,0,0,0,0,0,0,0,0,0,52.54586543,0,6.160354539,78.6007187,144.8426479,0,0,0,0,0,0,0,0,0,0,0,0,0,0,0,57.7409387
chr11,65431797,65432796,NEAT1chk10,0,+,KHSRP;ELAVL1;U2AF2;MATR3;CPEB4,1547.081;469.0702;377.5445;334.5221;330.3868,54.3079;17.1628;14.0091;12.5267;12.3842,0,0,0,10.52443279,0,0,0,0,0,0,0,330.3867776,0,0,0,0,0,0,0,0,0,0,0,0,0,34.20794778,0,0,0,0,0,0,0,0,469.0701703,0,0,34.43371366,0,0,0,0,0,0,0,0,21.14853515,0,0,0,0,0,0,19.10907572,0,49.64561673,79.79718022,0,0,0,0,0,0,1547.081042,0,0,0,0,334.522079,0,0,0,0,0,0,0,0,0,0,0,0,0,0,0,0,1.505142922,0,0,4.215544263,207.673009,0,0,0,0,0,0,0,0,0,0,0,0,0,0,19.55662924,0,0,0,0,0,0,0,0,0,0,0,0,0,226.8585895,0,0,70.72377156,377.5444555,0,0,0,0,0,0,0,0,0,0,0,0,0,0,0,197.38301
chr11,65432797,65433796,NEAT1chk11,0,+,U2AF2;ELAVL1;KHSRP;HNRNPL;TIA1,281.8054;270.1972;264.5384;220.3685;53.3604,10.1112;9.7359;9.5529;8.1249;2.7252,0,0,0,0,0,0,0,0,0,0,0,0,0,0,0,0,0,0,0,0,0,0,3.452549927,0,0,0,0,0,0,0,0,0,0,0,270.1971533,0,0,0,0,0,0,0,0,0,0,0,0,0,0,0,0,0,0,38.21796909,29.30168592,220.3684996,0,0,0,0,0,0,1.814925524,264.5384192,0,0,0,0,33.18637353,0,0,0,0,0,0,0,0,0,0,0,0,0,0,0,0,0,0,0,0,0,0,0,0,0,0,0,0,0,0,0,0,0,0,0,2.701562914,0,0,0,0,0,0,0,0,0,0,0,0,0,53.36043098,0,0,34.64125512,281.8053696,0,0,0,0,0,0,0,0,0,0,0,0,0,0,0,43.56866122
chr11,65433797,65434796,NEAT1chk12,0,+,U2AF2;KHSRP;U2AF1;ZRANB2;TIA1,1796.6423;1071.7175;899.1213;572.4953;551.0676,48.2297;29.1731;24.6359;16.0496;15.4863,0,0,0,0,25.98808076,0,0.430955281,0,0,0,0,443.3995513,39.62084819,0,79.28653548,0,0,0,467.8683468,6.934945551,0,0,154.455243,0,8.79133755,124.1871102,0,44.30633302,0,5.89458715,0,0,0,0,174.6227133,10.16644336,0,0,4.612296642,0,0,11.06287342,131.0493983,0,0,0,107.0327182,0,0,0,0,0,228.4424942,0,96.57184902,175.6490761,0,312.0601773,0,0,83.20935931,0,0,1071.717482,0,0,0,8.001882132,41.49845795,0,0,1.109038011,0,0,0,8.101774526,17.19657802,0,0,0,0,10.31025261,118.2750669,0,0,0,0,0,0,0,133.7371719,0,0,0,0,0,0,0,0,0,0.204656956,0,0,0,0,22.1556264,0,0,33.71565588,0,0,118.8806784,0,0,0,44.28535899,0,37.23395554,551.0675547,0,0,899.1213246,1796.642269,0,0,0,62.78168695,0,0,0,0,97.32955572,0,0,0,0,8.688009829,0,572.495298
chr11,65434797,65435796,NEAT1chk13,0,+,KHSRP;U2AF2;TIA1;ZRANB2;U2AF1,525.4023;476.1959;308.199;299.9435;270.3927,19.9457;18.1713;12.1135;11.8158;10.7502,0,8.187106843,0,0,1.534781468,0,0,0,0,0,0,185.6841202,56.58601464,0,86.97059557,24.76920829,0,0,156.1263055,0,0,0,114.8330897,0,0,38.49746623,0,0,0,0,0,0,0,0,0,74.48454281,0,0,2.044464267,0,0,0,191.6739233,0,0,0,13.04666096,0,0,0,0,0,0,59.99347438,3.197523653,0,92.08920872,268.585077,0,0,94.2651423,0,42.01066923,525.4022893,0,0,78.11243564,50.97438455,20.96080918,21.30830736,0,0,0,15.55419269,6.405934511,0,38.78689975,203.8440978,0,0,0,19.67067923,40.68436492,0,19.97943222,0,0,0,0,115.8253637,0,0,19.77571922,0,0,0,0,0,0,0,8.433494102,0,0,0,0,0,0,0,39.4616068,0,0,0,0,0,0,51.14244745,0,0,308.1990355,0,0,270.3926949,476.1959004,0,0,0,0,0,0,0,8.238541212,108.9396712,0,3.789318492,0,0,0,0,299.9435375
chr11,65435797,65436796,NEAT1chk14,0,+,NONO;TIA1;IGF2BP2;HNRNPM;U2AF2,630.9654;587.6864;354.2169;281.6197;267.9616,23.8158;22.2509;13.8086;11.1834;10.6895,0,0,0,0,0,0,0.633111225,0,0,0,0,129.4819642,3.631708837,83.21302977,82.72531424,57.8714608,0,0,238.5816747,0,8.804613496,28.8102328,56.87697107,0,0,59.11281975,16.14785662,0,0,0,0,0,39.88968763,25.12763289,0,128.4226683,0,0,40.7506958,0,0,0,234.1548337,0,0,0,30.42399601,0,0,0,0,0,32.84234656,0,48.47951845,48.07971853,281.6196726,260.5440939,19.51229496,0,354.2169186,0,27.150169,142.7430788,0,13.54067143,0,41.66945872,103.0006742,0,0,0,4.179680023,0,0,9.380522402,38.27812334,630.9654109,0,0,0,6.949246674,54.35431524,0,0,0,0,0,18.50796526,0,0,0,0,0,0,0,0,0,0,0,6.78620517,8.829572432,0,0,0,0,22.75051582,22.13428561,38.57109078,0,0,0,0,0,0,70.70995389,0,0,587.686422,5.264748118,0,211.5674372,267.9615929,0,0,0,10.39138855,0,0,0,0,232.6722941,42.15850456,0,0,63.90478056,0,0,95.73287906
chr11,65436797,65437796,NEAT1chk15,0,+,QKI;ELAVL1;U2AF2;TIA1;KHSRP,217.7165;140.9997;127.7074;109.8246;94.2579,6.6941;4.6876;4.34;3.8723;3.4652,0,0,0,0,0,0,0,0,0,0,0,65.96480781,0,0,0,0,0,0,14.59366174,0,0,0,0,0,0,0,0,0,0,0,31.83941189,0,0,0,140.9997086,0,0,0,0,0,0,20.88469223,0,0,0,0,0,0,20.47457806,0,0,0,5.82188663,86.64573694,40.77855556,63.37604703,0,8.009424674,0,0,0,0,0,94.2578508,0,0,0,0,0,0,0,0,0,0,0,0,0,32.56298839,0,0,0,0,0,0,0,0,0,0,19.00596787,217.7165348,0.505588324,0,0,0,0,0,0,0,0,0,0,0,0,0,0,0,0,0,0,0,0,0,0,0,0,0,0,4.583402324,109.8245611,0,0,11.49800114,127.7073831,0,0,0,0,0,0,0,3.010474337,0,0,0,0,0,0,0,18.21988823
chr11,65437797,65439396,NEAT1chk16,0,+,KHSRP;TIA1;HNRNPL;HNRNPC;NONO,424.7986;305.8014;167.16;132.0863;130.2821,9.6385;7.2187;4.3993;3.6861;3.6494,0,0,0,0,0,0,39.93186764,0,0,0,0,129.1363389,0,0,0,0,0,0,102.1501567,0,0,0,98.42717364,13.90854342,0,4.131863549,0,0,0,0,0,0,0,0,87.16790433,0,0,0,0,0,0,4.446084921,22.99879202,0,0,0,0,0,0,0,0,0,0,132.0862892,85.18710959,167.1600204,73.3593637,79.12297259,0,0,0,0,0,424.7986003,0,0,17.01999242,0,0,0,0,0,0,9.766119184,0,0,0,130.2821022,0,0,0,0,36.45895228,0,0,0,0,0,0,0,0,0,0,0,0,0,0,0,0,0,0,0,0,0,0,0,0,0,0,46.08141732,0,0,0,0,0,0,0,0,305.8013603,0,6.763282352,0,0,0,0,0,0,0,0,0,0,40.85497032,0,0,0,0,0,0,60.82641755
chr11,65439397,65440420,NEAT1chk17,0,+,HNRNPM;HNRNPA1;HNRNPU;DDX42;TAF15,414.7809;215.5875;110.5126;87.8741;76.3272,13.4539;7.4731;4.3182;3.6384;3.2917,0,0,0,0,0,0,0,0,0,0,0,0,0,0,0,0,0,0,87.87408362,0,0,0,0,0,0,0,0,0,0,0,0.87774898,0,0,0,61.34510155,0,0,0,0,0,0,0,0,0,0,0,0,0,0,0,0,0,215.5875451,36.41605628,0,0,414.7808786,0,110.5126266,0,0,0,62.50436246,0,0,0,66.99495179,0,0,0,0,0,0,0,0,0,0,16.97936095,0,0,0,0,0,0,0,0,0,0,0,0,0,0,0,0,0,0,0,0,0,0,25.83776466,0,0,0,11.53616948,0,0,0,0,0,0,0,0,0,0,76.32718908,0,0,0,0,0,0,0,0,0,0,4.740844256,0,0,0,29.84303921,0,0,0,0,0,0,0,0
chr11,65440421,65441444,NEAT1chk18,0,+,HNRNPA1;HNRNPU;DDX42;HNRNPUL1;TAF15,358.974;172.671;118.4438;89.0551;81.3072,12.1192;6.3485;4.6688;3.7585;3.5185,0,0,0,0,0,0,7.460221518,0,0,0,0,0,0,63.44150758,0,0,0,0,118.443826,0,0.529220957,0,0,3.821396546,0,0,0,0,0,0,22.40863905,0,0,0,69.75353152,0,0,2.315373859,0,22.23983743,0,42.35293608,6.971956807,0,0,0,0,0,10.5718917,0,0,0,358.9739992,5.660862032,0,0,58.5990879,89.05506192,172.6710096,0,0,59.87774955,73.17071114,0,59.03918134,25.64683784,0,22.96667045,0,0,0.363459911,40.23300971,0,9.870360932,0,0,0,2.65654802,0,0,0,0,0,22.72185681,0,0,0,0,0,0,15.95976356,0,0,15.11778692,0,0,0,0,13.19473057,11.6576764,0,0,0,0,0,0,0,11.10338296,0,6.729849113,0,0,0,0,12.40223776,81.30722331,0,0,56.61345109,0,13.38761324,0,0,0,0,0,0,0,7.575394418,0,27.18713431,19.78122662,0,0,0,0,0,0,0
chr11,65441445,65442468,NEAT1chk19,0,+,HNRNPC;HNRNPA1;GPKOW;DDX42;XRCC6,295.8776;104.5842;84.4119;81.0347;76.1316,6.6808;3.008;2.6207;2.5559;2.4617,0,0,0,0,0,0,0,0,0,0,0,0.295438572,0,0,0,0,0,0,81.03474049,0,0,0,0,0,0,0,0,0,0,0,17.13713847,0,0,0,75.99464427,0,0,0,0,0,0,38.26673277,0,0,0,0,0,0,84.41188014,0,0,0,104.5842093,295.877559,0,0,0,0,0,0,0,0,0,0,0,0,0,0,0,0,0,0,0,0,0,0,0,0,0,0,0,0,0,0,0,0,0,0,0,0,50.34354432,0,12.21579808,0,24.43779071,0,0,0,0,0,0,0,0,0,69.98488111,0,0,0,0,17.37609346,0,0,0,0,0,0,0,0,27.9059783,0,27.67765153,28.76863179,0,0,0,0,0,0,0,0,76.13157305,45.97305227,0,0,0,0,0,0,0
chr11,65442469,65443492,NEAT1chk20,0,+,NONO;TIA1;HNRNPUL1;EWSR1;CSTF2T,837.1989;516.6486;290.2351;230.8862;176.735,32.2241;20.2689;11.8246;9.6111;7.5915,0,0,0,0,0,0,0,0,0,0,0,0,0,176.7349853,51.14809449,23.57160674,0,0,0,0,0,0,62.09894097,0,0,107.2616775,0,0,0,0,0,0,0,0,51.86260141,230.8861625,0,0,0,0,0,0,73.51345785,0,0,0,0,0,0,0,0,0,15.10789273,24.54587452,90.51924479,0,35.13268281,290.2350585,7.317754929,0,159.2657242,13.48108845,0,70.3767204,0,0,44.42236534,49.80882999,0,18.79902419,0,0,0,0,0,0,0,837.1989126,0,0,0,0,61.99273353,0,0,0,0,0,10.11751882,0,0,0,0,0,0,0,0,0,0,0,0,0,0,0,0,0,0,4.66113559,51.71818425,7.64368535,0,0,0,0,2.978316102,26.78546026,0,28.55227373,516.6486065,0,20.70182844,0,0,0,0,0,16.94039395,0,0,0,0,106.8219057,11.03005419,9.413377251,0,33.61664158,0,0,0
chr11,65443493,65444516,NEAT1chk21,0,+,EIF4G2;ELAC2;CSTF2T;NONO;IGF2BP1,3421.2267;2138.5286;1383.3751;1185.3508;1054.8804,100.6795;63.3073;41.3055;35.5359;31.7346,173.1107569,370.2403963,9.922957393,43.87908493,34.00671985,32.53482353,159.3078988,25.50851442,0,18.17404687,6.66132516,0,8.280514257,1383.375087,405.8084442,344.6179609,28.83924745,0,273.4016231,0,80.32205857,172.7158679,294.1687342,29.36957489,128.442884,220.2112117,183.5067317,104.1158595,2.856630399,46.43457829,86.17283008,0,3421.226695,2138.528576,0,947.3732237,0,86.02398144,110.5362419,62.8834294,0,58.18845884,505.8648335,0,0,6.500809214,86.53087246,15.97363096,0,0,29.31825795,0,69.57485207,36.25979666,114.940893,0,560.8651305,648.337781,251.4116011,1054.880433,377.8151135,39.17577336,0,0,31.22884442,50.64320936,86.64280294,187.3760857,0,12.01666635,22.56671653,0,115.187901,175.3187393,104.6112143,0,96.66429696,1185.350802,22.35556916,0,0,41.99605139,378.8944982,55.72864957,0,44.26781284,0,0,21.07294055,0,83.91192211,0,0,0,0,83.18311132,43.69104455,0,0,0,51.75466409,0,0,0,37.92224867,0,106.2817903,121.2683525,165.0464352,43.8880808,14.18668081,202.5870263,0,0,116.4943676,250.519068,1036.098763,166.1368429,870.9959148,64.67294555,48.07120939,139.8847964,114.9302571,26.57424914,4.484888505,96.47113072,123.5690561,46.3788309,46.64247444,18.53851382,33.14248862,412.3554843,48.48577203,9.901675349,36.63847945,168.9398051,0,0,75.67892815
chr11,65444517,65445540,NEAT1chk22,0,+,EIF4G2;CSTF2T;NONO;EWSR1;TIA1,1361.2964;1153.2625;682.3948;677.5129;658.7482,40.5357;34.4938;20.8186;20.6768;20.1318,100.226084,250.0850925,18.46979582,75.47731629,29.83536828,59.95437992,448.2996523,59.05349659,0,0,0,40.79289193,0,1153.26254,296.3992201,331.8062157,29.47248641,0,258.3682208,58.62681391,134.9012146,256.72728,271.2835197,4.918902124,130.9530086,118.1033668,159.7198278,95.17462341,47.89260828,64.94484435,71.53521346,2.690724585,1361.296355,615.020262,0,677.5128642,39.45287345,0,108.4144802,50.6845571,25.08338509,58.6678614,518.5197959,9.004296412,34.54636918,0,73.3224316,0,0,2.810548955,20.88335023,0,406.6374999,0,199.4803024,0,404.9123505,484.2677552,433.5379409,173.2009952,417.3123141,7.163730799,11.321061,0,8.428233959,119.4069095,0,112.38224,0,0,58.62342077,44.49389005,124.4921258,134.3746415,135.8606502,6.245934005,199.2631707,682.3947542,0,0,0,92.13306309,307.6497551,5.21919611,0,23.37381915,0,0,86.51410975,0,191.0717515,8.758656031,0,0,7.531149211,30.24139367,75.30446599,42.66316392,34.68780865,1.490112109,33.43526724,0,0,38.03878075,61.47872089,0,0,152.6322763,109.7714684,23.81545946,68.17831185,46.38923041,0,0,8.392364797,289.491168,119.0791192,165.7542717,658.7482028,52.95840468,16.37281466,28.63806991,0,15.94457356,0,121.5138713,163.4076278,60.33615864,99.47112772,43.74855044,70.1222848,467.7820753,0,12.37940921,15.83175447,210.9473356,0,0,252.5022451
chr11,65499028,65499950,MALAT1chk1,0,+,TRA2A;HLTF;RBM15;KHDRBS1;BUD13,57206.1949;40553.7397;15069.5198;12772.9501;11897.523,49.3284;35.2602;13.7309;11.7907;11.0512,1772.346996,0,0,1186.391603,9863.022692,0,4230.168261,700.3491818,0,0,11897.52303,2039.833329,4298.527263,0,66.29844888,77.1785095,2357.80631,0,0,4881.31303,0,0,0,0,0,0,0,0,1320.036326,0,0,4193.005335,0,221.514414,0,0,5072.983457,0,0,4193.208991,3462.943469,1093.716467,0,0,848.1156221,0,0,0,7036.987961,745.9754197,0,40553.73969,3197.736479,258.3573807,0,0,0,641.1750444,0,0,0,0,12772.95006,0,11897.11275,0,0,0,0,4129.3844,3109.955273,7846.886363,1442.578215,2312.299848,514.0697607,8332.233725,573.925473,0,651.2477585,0,0,0,0,8862.896856,0,0,0,0,0,0,0,15069.51983,0,9378.849846,2923.765483,0,943.3794037,0,7000.902783,8978.638697,3571.78718,0,1603.999129,0,1175.459931,1495.228977,0,296.2805657,0,0,1583.623026,6437.671998,3858.631062,0,482.733323,2022.138034,464.6293728,671.1630077,0,57206.19495,0,84.3744013,0,6276.052824,0,0,0,4050.028457,5903.209442,0,4174.795396,143.1024944,0,2061.587828,3185.973874,836.1049891,2022.306247,2442.401821,0
chr11,65499951,65500873,MALAT1chk2,0,+,TRA2A;HLTF;RBM15;PPIL4;DDX43,81311.5289;73003.2199;38352.7046;29818.2262;28485.3256,52.2429;47.007;25.1701;19.7916;18.9516,3082.685125,0,513.9008322,3569.516146,14038.81322,0,11312.03884,2436.211529,0,0,21908.69382,2090.881046,7348.927567,0,3747.734258,370.1546031,8904.219373,0,1500.899562,28485.3256,3102.28891,0,0,31.2710742,622.4973163,0,1495.968079,4361.996255,2711.626849,977.7672495,0,5149.834575,2097.222052,2273.952635,1197.966219,0,22930.00625,1190.477488,0,7765.439192,6299.334327,4664.464977,3057.371876,297.9199352,2658.137741,2672.679441,1020.824654,303.1795198,12217.82211,14138.71911,3.302425921,73003.21993,427.3716969,1668.453551,0,0,535.0292928,1832.603065,0,0,0,0,1084.408107,151.5041983,17855.00425,523.8339825,0,225.8935476,0,3494.081759,7210.872041,15117.80191,3382.600405,8603.578108,2766.198817,17343.68496,4852.947718,0,3977.38446,262.9849658,0,0,0,29818.22619,0,900.6012258,1329.149428,0,0,0,1634.045217,38352.70456,0,11715.73157,6971.662827,1437.383743,3042.867677,6531.469252,10081.25813,23327.86438,16014.70573,0,5216.460975,561.4584617,4592.612173,3687.350569,0,8766.303441,0,95.10137079,7380.562921,10775.82473,3657.035779,0,848.6235829,5639.210603,1627.035709,1967.749723,1310.834353,81311.52892,0,3421.320116,457.0643566,22598.61747,21.12919629,1865.824655,9195.480019,8539.352121,12375.89679,0,15151.19035,1420.42491,0,7260.592036,4284.231068,2778.770852,10923.67654,5589.507934,1644.572212
chr11,65500874,65501796,MALAT1chk3,0,+,PPIL4;SAFB;U2AF1;U2AF2;XRCC6,36219.5482;13304.8448;10912.3564;10623.6977;8091.2298,21.9865;8.7091;7.3229;7.1556;5.6883,2221.810725,319.1737198,0,5302.11605,1222.089482,0,2799.492333,476.0449755,1123.817344,0,4358.232761,633.4263058,3902.819073,618.2951455,2712.505065,531.2761632,877.3927787,807.5046672,4958.11328,128.1955324,2409.850461,0,0,1244.743286,2012.833483,1858.846409,1714.720889,5879.890682,2354.2667,1748.574911,2333.379536,0,0,573.0142398,6186.501906,321.9003505,1025.924715,3267.833142,672.9640454,3372.512484,0,6433.161976,0,0,2724.785482,2860.967523,1984.759039,2292.66127,6867.903411,0,1848.747244,386.0947778,7452.768082,6700.097405,0,155.7194944,728.1460435,4678.162517,3286.921559,0,0,0,0,4253.87484,4702.639208,0,371.2112776,1214.082946,0,0,2467.315651,6378.099383,3745.699469,5129.210397,3622.292714,7945.201447,2077.006857,33.6086068,4986.043986,50.38905507,0,0,0,36219.54818,669.3863019,0,0,2753.315762,2597.743918,1985.630512,654.4556499,2197.081547,2159.951745,2382.393245,495.9374651,1055.108066,3715.657297,2.468351697,2372.257439,7807.536002,13304.84478,1931.160571,0,0,7141.5399,13.45617819,282.3977582,1800.631054,269.908213,2432.878146,0,2244.113895,0,0,1826.717059,4653.74064,363.4990708,3246.624317,7825.204989,5212.338674,4230.03801,10912.35636,10623.69772,4240.673242,1133.925421,709.4757466,1260.766403,4829.446356,2440.095063,0,8091.229776,1060.29704,0,3739.333793,2700.324378,1877.013396,1371.689401,0,3316.160112
chr11,65501797,65502719,MALAT1chk4,0,+,PPIL4;SAFB;GPKOW;U2AF2;KHSRP,21180.3769;7825.2171;7137.6641;6850.524;6512.8387,15.3099;6.2869;5.8224;5.6284;5.4002,2467.542278,0,0,3503.56782,0,0,2727.834468,0,645.1440147,0,2420.539644,2624.378007,3679.476148,1932.586391,1999.088191,973.0404879,153.9045532,288.4417822,3968.472166,0,858.5421887,0,0,861.0614155,1931.397239,779.7576938,1339.521384,4937.679815,1961.05218,2246.200903,2168.060406,334.6686985,0,156.9415377,1752.719584,149.9872743,0,2399.678023,381.9143113,3222.266479,0,5690.541044,0,0,0,644.219729,1720.13936,1381.586949,7137.664089,0,1956.467639,105.2182374,4891.633219,3262.649794,0,0,1169.359509,6483.76288,5441.188049,0,0,0,1407.176186,6512.838719,3760.60686,0,0,466.689234,0,0,2341.998033,4282.661336,3258.125098,2699.213411,1534.735525,3902.131,1318.801048,0,2367.773145,49.4252872,0,0,0,21180.37693,1740.972758,0,0,1797.439848,1726.338592,1461.754492,1050.309915,101.7217959,2050.603985,2398.29365,0,475.5692204,2702.169683,0,1938.810618,6331.610619,7825.217063,702.4976566,0,0,5807.85666,416.6543924,705.8740758,247.9127532,0,2315.633426,0,902.3031563,0,0,1139.619739,3303.304944,627.4600836,2432.786239,2098.515081,246.6112234,2359.994343,4350.397795,6850.523954,962.4073049,1478.814446,0,0,4784.950073,75.02479761,0,5240.776238,548.9108735,0,1121.799691,3815.325193,1303.287458,0,0,970.1701582
chr11,65502720,65503642,MALAT1chk5,0,+,PPIL4;SAFB;HLTF;KHSRP;METTL1,23281.9688;8274.3046;8216.9351;6294.6317;5809.476,26.0468;9.9015;9.8398;7.7718;7.2499,199.2156341,0,0,219.078987,642.8662017,0,936.7524713,0,0,0,2593.073521,1475.434403,4635.674537,4967.25218,1435.992038,485.0321766,842.4534546,106.0820096,255.6925804,1623.001847,111.174386,449.0528863,0,303.9349012,232.7438839,1020.886519,453.7956773,1386.915005,0,0,312.1608905,1113.628962,0,0,0,0,1319.822669,177.5119059,0,1217.870361,0,1838.910682,895.5235129,0,0,211.9689985,140.8413888,0,945.973398,1223.472236,0,8216.935145,3445.156905,743.9898691,0,1009.195599,0,5062.185926,4691.844019,0,0,224.8020491,2775.530503,6294.631702,4106.133824,0,1933.975333,1057.234855,0,2940.803817,4110.51509,5809.476039,24.50400701,2980.649973,466.1492436,3786.688166,4119.160351,0,357.2273063,0,0,0,0,23281.96878,552.5322145,0,0,293.9822224,1525.394463,0,3020.618328,5130.507049,486.2752989,4387.573101,1779.767723,859.4598478,862.8272356,374.1483247,3812.089811,4981.828483,8274.304646,0,113.3150545,0,231.3578746,136.8512322,0,127.7680955,305.2494725,699.6632265,748.945962,2399.136002,350.9195533,0,254.6530358,3443.782692,0,1466.154118,1406.375702,2519.66504,564.733451,91.8110959,371.795395,3445.826607,0,73.21254508,2867.464295,2427.333011,2611.113933,0,3222.903403,3.735418829,0,2023.823286,1166.762091,1201.968162,2890.968034,188.9320722,0
chr11,65503643,65504565,MALAT1chk6,0,+,CSTF2T;PPIL4;U2AF2;U2AF1;METAP2,42889.9989;12104.215;12072.0691;9196.5581;8320.3485,31.7809;9.6868;9.6638;7.6001;6.9713,2768.629289,847.2929714,0,3487.150568,0,0,2965.331626,0,1194.763251,0,543.9502265,129.4902739,2637.003341,42889.99891,1672.85098,1620.341042,0,961.79034,3088.148228,0,515.0451445,5.54972021,0,801.7394462,2169.423105,1937.459809,6137.980584,5036.814551,1339.251478,1302.960222,1382.262142,72.24908865,1577.704159,2791.18911,5926.306724,191.0327582,0,1675.704907,313.5180216,2831.596014,0,4666.546019,0,0,0,529.138081,2722.776041,2303.995839,3676.251591,0,1720.362968,0,5771.722625,1093.543949,0,3843.433796,1052.612557,5337.377734,4251.877467,945.907518,0,210.0312194,2195.678743,5616.071256,1824.769669,0,1324.619947,810.7283205,0,15.26411893,8320.348519,1898.018215,3964.442097,2015.178006,2051.358482,377.0076211,91.11631261,585.0473051,2392.504792,0,0,0,0,12104.21501,1100.797959,0,0,1867.552432,2677.227021,1628.659577,5362.123824,0,1839.175076,2478.293816,0,315.4398568,1765.008346,0,1398.846356,1933.370125,4439.341686,877.2122156,0,0,6037.823156,235.0861356,877.4901379,0,271.3720333,2315.121837,0,1910.278433,0,0,2831.329783,3002.15244,6947.698656,2908.699978,4925.029792,0,3163.909246,9196.558094,12072.06911,0,2151.628969,925.6695345,0,2281.093525,0,0,2372.638482,2632.342079,0,0,3758.15559,4577.196564,0,0,1428.220017
chr11,65504566,65505488,MALAT1chk7,0,+,U2AF2;U2AF1;TIA1;ZRANB2;KHSRP,54754.3131;41035.3653;23805.1634;21170.7501;14571.3065,37.7602;28.5498;16.982;15.2133;10.7827,3408.693844,1580.641041,0,3967.496206,1433.955603,0,2244.212156,263.6687034,1398.162689,0,218.0161169,0,3502.794545,12816.44412,2744.309321,2329.542037,558.1737197,1247.508528,10735.28896,1459.226683,1609.544861,565.9028274,0,2112.134094,3334.18005,2352.503735,3599.887242,4013.179105,1776.934424,2046.438679,2873.962976,0,2139.452658,1097.849409,1177.010333,842.735429,998.7979953,1559.775192,575.339344,1833.999507,0,4681.616098,655.5566089,84.20304274,2710.864229,1682.378623,2988.494124,2616.06654,2305.121733,1639.364607,1369.885897,0,7006.88685,2030.280675,77.38949703,4590.936103,2171.755992,6236.636465,7628.258505,234.4920906,0,673.4134891,888.7272051,14571.30649,1087.445308,307.6506426,733.9072435,1587.001018,0,50.90808588,2554.312268,1616.341163,3250.482374,4047.552085,4275.447847,378.0492955,2087.285138,253.7854624,2005.930899,0,0,14.58917508,0,12863.82468,1690.640946,21.89971453,0,2486.055528,4455.331935,3040.612337,2626.952513,0,2575.689034,586.1608795,0,2001.960421,2698.295804,0,659.2299214,0,5301.855838,2610.692026,0,0,6481.065971,949.6405157,1447.269842,208.1290056,1561.451507,2598.588253,0,5232.004855,0,0,528.8382031,4555.513307,1605.032497,3733.62106,23805.16341,0,3997.565838,41035.36528,54754.31311,1163.575334,1382.232098,739.0203188,757.1243354,841.2090939,0,0,3126.402748,2277.867588,0,631.134469,2080.879179,3032.625399,2302.969724,0,21170.75006
chr11,65505489,65506411,MALAT1chk8,0,+,QKI;HNRNPU;HNRNPA1;SRSF7;DDX42,5143.1624;4641.8616;4508.2616;3293.5601;2887.0045,8.7468;7.9917;7.7905;5.9609;5.3485,326.2253672,0,0,302.4751238,0,0,57.28970349,0,167.4605001,0,0,0,222.0964722,1353.118718,1126.872461,286.1942294,0,0,2887.00449,19.86442784,235.8267799,0,0,353.5384576,627.7329915,609.6820562,403.927238,433.8105009,0,0,673.5017825,0,0,0,0,105.1706767,0,178.5153621,0,606.6737536,0,1255.247386,74.96365524,0,0,97.09549542,190.2193332,588.3306907,434.7427538,0,498.4563195,0,4508.261592,0,0,1494.494179,0,2528.313783,4641.861558,0,0,304.3704917,2347.738682,1697.098218,75.6426649,69.24071123,0,908.3082334,0,0,0,551.1201257,507.7707358,361.9462435,522.1866155,0,100.9124886,0,426.2544956,0,0,0,0,1387.843651,0,0,0,201.9557605,1009.950368,5143.162351,283.7925675,0,221.5373173,0,0,908.2954284,435.3996001,0,0,0,358.2108439,467.1044882,0,0,1052.521829,0,31.15316937,30.6481241,214.0328317,626.197836,0,3293.560087,0,0,1043.484923,2054.265712,0,699.4863022,2617.808564,0,969.0883304,2038.662846,2343.289379,0,178.4873949,0,0,158.6505507,0,73.47737186,109.3784502,488.6893914,0,0,567.3920823,536.4365518,0,0,191.0744647
chr11,65506412,65507342,MALAT1chk9,0,+,SF3B4,7.3587,35.1302,0,0,0,0.140662918,0,0,0,0,0,0,0,0,0,0.132485871,0.093147807,0,0,0,0,1.064181277,0,0,0,0,0,0,0,0,0.846646965,0,0,0,0,0.054378916,1.169519721,0,0.786222822,0,0,0.277822458,0,0,0,0,0,0,0,0,0,0,0,0,0,0,0,0,0,0,0,0,0,0,0,0,0,0,0,0,0,0,0,0.063036801,0.032130966,0,0,0,0,0,0,0,0,0,0,0,0,0,0,0,0,0,0,0,0,0.012286528,0.195797024,0,0,1.008127055,0,0,0,0,0,0,0,7.358738169,0,0,0.337426353,0,0.270697816,0,0,0,0,0,0,0,0.398750643,0,0,0,0,0,0,0,0,0,0,0,0,0,0,0,0,0,0,0,0