query,query_coords,top5RBP,top5RBP_adjpval,top5RBP_pval,top5hitpct,top5rpm,top5fc,hit_totalcount,transcript_totalcount,medlen,AARS,AATF,ABCF1,ADAT1,AGGF1,AKAP1,AKAP8L,APEX1,APOBEC3C,AQR,BUD13,CPEB4,CPSF6,CSTF2T,DDX1,DDX21,DDX24,DDX3X,DDX42,DDX43,DDX47,DDX51,DDX52,DDX55,DDX6,DGCR8,DHX30,DROSHA,EEF2,EFTUD2,EIF3G,EIF4E,EIF4G2,ELAC2,ELAVL1,EWSR1,EXOSC10,EXOSC5,FAM120A,FASTKD2,FMR1,FTO,FUS,FXR1,FXR2,GARS,GEMIN5,GNL3,GPKOW,GRWD1,GTF2F1,HLTF,HNRNPA1,HNRNPC,HNRNPK,HNRNPL,HNRNPM,HNRNPUL1,HNRNPU,IGF2BP1,IGF2BP2,ILF3,KHDRBS1,KHSRP,LARP4,LARP7,LIN28B,LSM11,MATR3,MBNL1,METAP2,METTL1,MORC2,MTPAP,NCBP2,NIPBL,NOLC1,NONO,NPM1,NSUN2,PABPC4,PCBP1,PHF6,PPIL4,PRPF8,PTBP1,PUM1,PUM2,PUS1,QKI,RBFOX2,RBM15,RBM22,RNF187,RPS10,RPS11,RPS3,RPS6,RYBP,SAFB2,SAFB,SBDS,SDAD1,SERBP1,SF3B1,SF3B4,SLBP,SLTM,SMNDC1,SND1,SRSF1,SRSF7,SRSF9,SSB,SUPV3L1,TAF15,TARDBP,TBRG4,TIA1,TRA2A,TROVE2,U2AF1,U2AF2,UCHL5,UPF1,UTP18,UTP3,WDR3,WDR43,WRN,XRCC6,XRN2,YBX3,YWHAG,ZC3H11A,ZC3H8,ZNF622,ZNF800,ZRANB2
XISTint1,XIST_int1_0_316,RBM15;UCHL5;RBM22;YWHAG;HNRNPC,0.5;0.5;0.5;0.5;0.5,0.5;0.5;0.5;0.5;0.5,0,675.8217;302.3825;145.4243;71.7449;50.8328,152.1633;68.6349;33.5275;17.0474;12.37,1,1,873,1,0.5,1,0.5,1,0.5,0.5,0.5,1,1,1,0.5,1,1,1,1,0.5,1,0.5,1,0.5,0.5,0.5,1,1,0.5,1,0.5,0.5,1,1,0.5,1,0.5,0.5,1,0.5,0.5,1,0.5,0.5,1,1,1,1,0.5,1,0.5,0.5,1,1,0.5,1,0.5,1,1,1,1,1,1,1,1,1,1,0.5,1,1,0.5,1,1,0.5,0.5,0.5,1,0.5,0.5,0.5,1,1,1,1,1,1,1,0.5,1,1,0.5,1,1,0.5,0.5,0.5,0.5,0.5,1,0.5,0.5,0.5,1,0.5,1,0.5,1,1,1,1,0.5,1,1,0.5,0.5,1,1,1,1,1,0.5,1,1,0.5,0.5,0.5,0.5,1,0.5,0.5,1,1,1,0.5,1,1,0.5,1,0.5,1,1,1
XISTrA,XIST_rA_316_743,RBM15;NIPBL;UCHL5;SDAD1;SRSF1,0.5;0.5;0.5;0.5;0.5,0.5;0.5;0.5;0.5;0.5,0,2302.9227;319.9974;282.7897;260.8828;200.6509,224.931;32.1158;28.4978;26.3677;20.5108,1,1,512,0.5,0.5,1,0.5,1,0.5,0.5,0.5,1,1,1,0.5,1,1,1,1,0.5,1,1,1,0.5,0.5,1,1,1,0.5,1,0.5,0.5,1,1,0.5,1,0.5,0.5,1,0.5,0.5,1,0.5,0.5,1,1,1,1,1,1,1,0.5,1,1,0.5,1,0.5,1,1,1,1,1,1,1,1,1,1,0.5,1,1,0.5,1,1,0.5,0.5,0.5,1,1,0.5,0.5,1,1,1,1,1,1,1,0.5,1,1,1,1,1,1,0.5,0.5,0.5,0.5,1,0.5,0.5,1,1,0.5,1,0.5,1,1,1,1,0.5,1,1,0.5,1,1,1,1,1,1,0.5,1,1,0.5,0.5,0.5,0.5,1,0.5,1,1,1,1,0.5,1,1,0.5,1,1,1,1,1
XISTrF,XIST_rF_743_1807,HNRNPM;RBM15;EXOSC5;UCHL5;FXR2,0.5;0.5;0.5;0.5;0.5,0.5;0.5;0.5;0.5;0.5,0,2292.1648;1570.2157;1478.4924;1338.911;547.3371,82.0025;56.4896;53.2482;48.3156;20.3423,1,1,1138,0.5,0.5,0.5,0.5,1,1,0.5,1,1,1,0.5,0.5,0.5,0.5,0.5,0.5,0.5,1,0.5,1,0.5,0.5,0.5,0.5,0.5,0.5,0.5,0.5,0.5,0.5,0.5,0.5,0.5,0.5,1,0.5,0.5,0.5,1,0.5,1,0.5,0.5,0.5,0.5,0.5,1,0.5,0.5,1,0.5,0.5,0.5,0.5,0.5,1,0.5,0.5,0.5,1,1,0.5,1,1,0.5,1,1,0.5,1,0.5,0.5,0.5,0.5,0.5,0.5,0.5,0.5,1,0.5,1,1,1,1,0.5,1,1,1,1,0.5,1,0.5,0.5,0.5,0.5,0.5,1,0.5,0.5,0.5,0.5,0.5,1,0.5,1,0.5,1,1,0.5,1,0.5,0.5,0.5,0.5,1,1,0.5,0.5,0.5,0.5,1,0.5,0.5,0.5,0.5,1,0.5,0.5,0.5,0.5,0.5,0.5,0.5,1,0.5,0.5,0.5,1,1,1
XISTint2,XIST_int2_1807_1951,EXOSC5;HNRNPM;TIA1;HNRNPK;UCHL5,0.5;0.5;0.5;0.5;0.5,0.5;0.5;0.5;0.5;0.5,0,199.972;106.2703;77.4418;65.1659;58.32,48.5402;26.2641;19.4106;16.4922;14.8646,1,1,243,0.5,0.5,1,0.5,0.5,0.5,1,0.5,1,1,1,0.5,0.5,0.5,0.5,0.5,1,1,0.5,1,0.5,0.5,0.5,0.5,1,0.5,0.5,0.5,1,1,0.5,1,1,0.5,0.5,0.5,0.5,0.5,1,1,0.5,1,0.5,1,0.5,0.5,1,0.5,0.5,1,0.5,1,0.5,1,0.5,1,0.5,0.5,0.5,1,0.5,0.5,1,0.5,0.5,0.5,1,0.5,0.5,1,0.5,1,0.5,0.5,0.5,1,0.5,0.5,1,1,1,0.5,0.5,1,1,0.5,0.5,0.5,0.5,1,0.5,0.5,0.5,1,0.5,0.5,0.5,0.5,0.5,0.5,0.5,0.5,0.5,1,0.5,1,0.5,0.5,0.5,0.5,1,1,1,1,1,0.5,0.5,0.5,0.5,0.5,0.5,0.5,0.5,0.5,1,0.5,0.5,0.5,1,0.5,0.5,0.5,1,0.5,1,1,1,1,0.5
XISTrB1,XIST_rB1_1951_2041,HNRNPK;ILF3;CSTF2T;PCBP1;DROSHA,1.81025323935547e-34;1.7026262608077e-05;0.00156871;2.3058433347144e-12;0.021577003,3.62050647871094e-35;1.02157575648462e-05;0.001254968;9.22337333885758e-13;0.021577003,1,41.2885;17.5834;10.6802;8.2477;6.8758,145.9918;62.747;38.5053;29.9633;25.1457,928,742,29,0.665444508,0.398251421,0.000682243,0.975403063,0.399064692,0.006999139,0.288761358,0.095167497,0.048670679,0.720404062,0.765621128,0.980117261,0.811560694,0.001254968,0.004481949,0.010891447,0.372514833,0.076789599,3.73791480888758e-06,0.812128131,0.008193828,0.013056754,0.256391917,0.000118687,0.034911719,0.056110925,0.055003532,0.021577003,0.030188623,0.968531629,0.410431776,0.026966666,0.025756881,0.265400753,0.984690572,0.648969972,0.700053343,0.999797762,0.052357002,0.900949365,0.043882686,0.552655758,0.392237962,0.139338938,0.008137619,0.036005601,0.030770972,0.093375042,0.989530551,0.987865465,0.020997912,0.999500401,0.999999949,0.999158693,3.62050647871094e-35,0.066818034,0.917848238,0.260431807,0.997595467,0.08736157,1.2377891185643e-05,1.02157575648462e-05,1,1,0.797990181,0.003224077,0.662133992,0.003491691,0.982762243,0.03588232,0.001613455,0.999313845,0.693447291,0.15741521,0.112212741,0.034128263,0.57266634,0.883252058,0.061866059,0.23859831,0.004564425,9.22337333885758e-13,0.054958519,0.932980007,0.619038225,0.382056392,0.153454391,0.824827089,0.00853111,0.000253947,0.823485079,0.756308606,0.405519542,0.302752687,0.458945773,0.021322251,0.158687882,0.002771537,0.639836761,0.999999999,0.98162585,0.495182864,0.017490477,0.003437777,0.604944537,0.403425935,0.598764173,0.005929503,0.251710161,0.884573222,0.166163566,0.709538232,0.000350732,0.314689718,0.715001964,0.999999585,0.218670109,0.819149328,0.309161976,0.776423666,0.28894903,0.126605966,0.031879658,0.964831877,0.171134249,0.066417192,0.881431122,0.108735634,0.06305514,0.73987824,0.528997541,0.000455301,0.252551313,0.29814928,0.249096091,0.931041515,0.89219122,0.581464127,0.056047176
XISTint3,XIST_int3_2041_2781,HNRNPM;HNRNPK;KHSRP;EXOSC5;ILF3,0.5;0.5;0.5;0.5;0.5,0.5;0.5;0.5;0.5;0.5,0,306.4245;179.9498;118.3448;85.7545;85.3208,30.5043;18.3266;12.3949;9.2569;9.2152,1,1,769,1,1,1,0.5,1,1,1,1,1,1,1,0.5,1,0.5,1,1,1,1,1,0.5,1,1,1,1,1,0.5,1,0.5,1,1,0.5,1,1,1,0.5,1,0.5,0.5,1,0.5,1,1,0.5,1,1,1,0.5,0.5,0.5,0.5,0.5,0.5,1,1,0.5,1,0.5,0.5,1,1,1,0.5,0.5,0.5,1,1,1,0.5,1,1,1,1,1,0.5,0.5,0.5,1,1,1,1,1,0.5,1,1,1,1,0.5,0.5,1,1,0.5,0.5,0.5,1,1,0.5,1,0.5,1,1,1,1,1,1,0.5,1,1,1,1,1,0.5,0.5,1,1,0.5,0.5,1,0.5,0.5,0.5,1,0.5,0.5,0.5,1,1,1,1,1,1,1,0.5,1,1,1,0.5,0.5,1,1
XISTrB2,XIST_rB2_2781_2919,HNRNPK;DROSHA;DDX42;PUM1;DDX47,3.0252968393028e-07;0.09305924375;0.320319493;0.09305924375;0.09305924375,6.0505936786056e-08;0.069452617;0.320319493;0.074447395;0.0671566,0.2,350.6136;58.5477;16.1884;14.9146;9.4526,100.8688;17.6767;5.6111;5.2483;3.6925,86,83,32,0.766689246,0.294748963,0.057384251,0.650923812,0.982485894,0.10011837,0.050371162,0.598766103,0.973525723,0.005981041,0.333421752,0.638858519,0.788894548,0.081717495,0.350237769,0.929845383,0.046443026,0.994877994,0.320319493,0.771244055,0.0671566,0.714378476,0.976747879,0.741480987,0.62528585,0.017312604,0.205058496,0.069452617,0.345121344,0.081353791,0.999673207,0.808378601,0.619341998,0.582518292,0.832693225,0.238829868,0.92425079,0.472142335,0.606537503,0.972331174,0.138936319,0.94337607,0.282336824,0.189750128,0.036594405,0.21048261,0.465570979,0.815786578,0.717663176,0.747104805,0.214520285,0.949462274,0.762461938,0.982694721,6.0505936786056e-08,0.87204569,0.888979317,0.706415157,0.952042274,0.931465294,0.576314294,0.46529573,0.95997104,0.999333976,0.788912163,0.163399784,0.998418735,0.57469822,0.580768109,0.259348824,0.003705069,0.814176212,0.933023169,0.411254227,0.255756296,0.006323609,0.434098487,0.577740366,0.970413966,0.185546685,0.815204866,0.01040816,0.105512233,0.992264023,0.315359021,0.648893236,0.074447395,0.993626034,0.818304404,0.270408952,0.805863301,0.520669293,0.984507975,0.612041088,0.412604817,0.36204083,0.998618138,0.025988189,0.275021857,0.995120114,0.77559778,0.978842363,0.062087363,0.090724604,0.527908743,0.120425107,0.705180724,0.175969231,0.882819953,0.997207508,0.514252843,0.844611801,0.068455019,0.317793061,0.605365987,0.98981785,0.943702724,0.919117408,0.5160516,0.944256488,0.990064176,0.964052094,0.11715869,0.819509617,0.023252121,0.611454077,0.341740451,0.819344786,0.354432979,0.946099087,0.765621737,0.006587663,0.82319943,0.169004195,0.240642228,0.593648157,0.542209603,0.707559371,0.084083865
XISTint4,XIST_int4_2919_4516,HNRNPK;HNRNPU;DDX42;DROSHA;ILF3,0.722943435;0.722943435;0.722943435;0.722943435;0.722943435,0.207411534;0.527908743;0.600076947;0.393703245;0.722943435,0,687.9125;224.6321;39.2311;38.9086;36.5675,29.2588;10.2277;2.6116;2.5983;2.5022,14,13,1604.5,0.970470885,0.814453315,0.788660963,0.895793598,0.977249868,1,0.947177285,0.984514284,0.963180865,0.977695141,0.796529392,0.5,0.977249868,0.989451014,0.799160917,0.909275396,0.593648157,0.984514284,0.600076947,0.694939923,0.819344786,0.949825877,0.969315585,0.977249868,0.735315947,0.895793598,0.969315585,0.393703245,0.605365987,0.984514284,0.963180865,0.947177285,0.969315585,0.970413966,0.041480207,0.977695141,0.580768109,0.963180865,0.969315585,0.814453315,0.997322368,0.533676681,0.911235074,0.911235074,0.953253758,0.977249868,0.977695141,0.89937869,0.5,0.636856926,0.984514284,0.946336221,0.399923053,0.705180724,0.207411534,0.016156456,0.989451014,0.57243393,0.527908743,0.705180724,0.928893379,0.722943435,0.146810772,0.071106621,0.788660963,0.977249868,0.104206402,0.819344786,0.007133093,0.277056565,0.989451014,0.819344786,0.953253758,0.735693937,0.970470885,0.977249868,0.977695141,0.949825877,1,1,0.977249868,0.977695141,0.969315585,0.819344786,0.970413966,0.022005492,0.984514284,0.70805879,0.977249868,0.050174123,0.907428138,0.89937869,0.185546685,0.394634013,0.897553053,1,0.29194121,0.99287596,0.605365987,0.969315585,0.977695141,1,0.977249868,1,0.799160917,0.949825877,0.185546685,0.977695141,0.895793598,0.638858519,0.879394531,0.864050645,0.969315585,0.977249868,1,0.864050645,0.977249868,0.977695141,0.620117087,0.911235074,0.70805879,0.819344786,0.209246117,0.76223367,0.185546685,0.977695141,0.969315585,1,0.977249868,0.963180865,0.969315585,0.911235074,0.978842363,0.969315585,0.963180865,0.814453315,0.622171131,0.949825877,0.799160917
XISTint5,XIST_int5_4516_6113,HNRNPU;HNRNPK;LIN28B;HNRNPL;HNRNPA1,0.977249868;0.977249868;0.977249868;0.927733425;0.977249868,0.963180865;0.4375;0.977249868;0.185546685;0.963180865,0,173.9745;123.8782;108.0825;55.7087;54.2986,8.5213;6.3555;5.6726;3.4084;3.3474,4,4,2323.5,0.5,1,0.977249868,0.5,0.977249868,1,0.963180865,0.963180865,1,0.963180865,0.969315585,1,0.969315585,0.977249868,1,0.5,0.963180865,1,0.963180865,0.969315585,0.963180865,1,1,0.5,0.814453315,1,1,0.963180865,0.969315585,0.963180865,1,0.963180865,0.977249868,1,0.090724604,1,0.969315585,1,1,1,0.969315585,0.977249868,1,0.963180865,0.969315585,1,0.969315585,1,0.963180865,0.969315585,0.977249868,0.969315585,0.963180865,0.5,0.4375,0.185546685,1,0.5,0.963180865,1,1,0.814453315,0.605365987,0.185546685,1,1,0.977249868,0.977249868,0.090724604,0.977249868,0.977249868,0.977249868,0.963180865,0.969315585,0.963180865,0.977249868,1,0.5,1,1,1,0.963180865,0.977249868,0.977249868,0.963180865,0.977249868,0.963180865,0.977249868,1,0.185546685,0.977249868,0.969315585,0.977249868,1,0.963180865,1,1,0.969315585,1,0.963180865,0.977249868,1,0.977249868,1,0.963180865,0.963180865,1,0.963180865,0.963180865,0.5,1,0.969315585,0.977249868,1,0.977249868,0.977249868,0.5,0.977249868,0.977249868,0.969315585,0.5,0.977249868,0.963180865,0.969315585,1,1,0.814453315,1,0.977249868,0.977249868,0.969315585,0.963180865,0.963180865,1,0.977249868,1,1,0.963180865,1
XISTrD,XIST_rD_6113_8140,HNRNPK;HNRNPU;DDX42;HNRNPL;HNRNPA1,0.5;0.5;0.5;0.5;0.5,0.5;0.5;0.5;0.5;0.5,0,1372.0742;274.1589;132.548;117.404;69.279,47.4764;10.2866;5.4898;4.9768;3.3467,1,1,2616,1,1,1,1,1,1,0.5,1,1,1,1,1,1,1,0.5,1,1,1,0.5,1,1,0.5,1,1,1,0.5,1,0.5,1,1,1,1,1,1,1,1,1,1,1,1,1,1,1,1,1,1,1,1,1,1,1,1,0.5,0.5,0.5,0.5,1,0.5,0.5,1,1,0.5,1,1,1,1,1,1,1,1,1,1,1,0.5,1,1,1,1,1,1,1,0.5,1,1,1,1,1,1,0.5,1,1,1,1,1,1,1,1,1,1,1,1,1,1,1,1,1,0.5,1,1,0.5,1,1,1,1,1,1,1,1,1,1,0.5,1,1,1,1,1,0.5,1,1,1,1,0.5,1,1,1,1,1,1,1
XISTint6,XIST_int6_8140_9207,HNRNPU;HNRNPK;HNRNPL;ELAVL1;HNRNPC,0.952545318;0.376049145;0.02436258;0.055090585;0.47485364125,0.952545318;0.225629487;0.004872516;0.022036234;0.379882913,0.2,134.2318;119.309;99.4251;56.9696;25.4818,8.4333;7.6069;6.5058;4.1548;2.4111,29,26,1389,0.682206939,0.969315585,0.977249868,0.901780326,0.77939574,0.947177285,0.792776889,0.99287596,0.928954266,0.998551748,0.997533764,0.416412711,0.958519793,0.996783025,0.76140169,0.962036519,0.800847703,0.312331851,0.546835305,0.728971372,0.981984157,0.790753883,0.949825877,0.908150507,0.7238905,0.884987877,0.984514284,0.416867621,0.411877612,0.996599174,0.788660963,0.889364092,0.989451014,0.989568709,0.022036234,0.99287596,0.906299404,0.419180117,0.953253758,0.5,0.951673776,0.5,0.995424156,0.852746303,0.992632345,0.583032293,0.58799369,0.963180865,0.937028081,0.922217003,0.997917006,0.965393514,0.743214633,0.379882913,0.225629487,0.004872516,0.845968385,0.152799249,0.952545318,0.901336978,0.924663979,0.792588466,0.220953488,0.008679394,0.895793598,0.977249868,0.820524282,0.99287596,0.012664722,0.489685018,0.994606275,0.527942952,0.757946231,0.962219716,0.924607217,0.820524282,0.992866907,0.916337418,0.57243393,1,0.747665364,0.42756607,0.977695141,0.819819339,0.997903704,0.175264454,0.988463663,0.859643667,0.70805879,0.0263935,0.995208422,0.9949711,0.99287596,0.57243393,0.976605239,0.819344786,0.94584031,0.882594355,0.99287596,0.958434429,0.99287596,0.977249868,0.977249868,1,0.989568709,0.995424156,0.57243393,0.996783025,0.996783025,0.556467538,0.986366155,0.980849736,0.962036519,0.977249868,0.977249868,0.989295967,0.605365987,0.718727688,0.714006494,0.928893379,0.199035696,0.995640372,0.995640372,0.979448841,0.911235074,0.977249868,0.583587289,0.583946317,0.895793598,0.989451014,0.992783588,0.977270624,0.999636119,0.969315585,0.990470554,0.9928551,0.952545318,0.682206939,0.663698091
XISTint7,XIST_int7_9207_10274,HNRNPK;HNRNPU;DDX42;ILF3;DROSHA,0.3125;0.3125;0.3125;0.3125;0.75,0.25;0.25;0.25;0.25;0.75,0,560.3586;94.9349;30.0743;28.0194;22.0591,28.1153;5.5938;2.4553;2.3558;2.0674,2,1,4104.5,1,0.977249868,1,0.977249868,0.977249868,1,1,0.977249868,0.977249868,1,1,1,1,1,1,1,1,1,0.25,1,1,0.977249868,1,0.977249868,1,0.977249868,0.977249868,0.75,0.977249868,1,0.977249868,1,0.977249868,1,0.25,1,1,0.5,1,0.977249868,1,0.977249868,1,1,1,0.977249868,1,1,1,0.977249868,0.977249868,0.977249868,0.25,0.5,0.25,0.25,1,0.75,0.25,0.977249868,1,0.25,0.5,0.5,1,0.977249868,0.5,1,0.977249868,1,1,0.977249868,1,1,1,1,1,1,1,1,0.977249868,1,1,1,0.977249868,1,1,1,0.977249868,0.5,1,0.977249868,0.977249868,0.75,1,0.977249868,1,1,1,0.977249868,0.977249868,1,1,1,1,0.977249868,1,1,1,0.5,1,0.977249868,1,1,0.977249868,1,0.977249868,1,1,1,0.5,1,0.977249868,1,1,0.977249868,1,1,1,0.977249868,1,1,1,0.977249868,1,1,0.977249868,1,1
XISTint8,XIST_int8_10274_11342,KHDRBS1;DDX43;NOLC1;KHSRP;U2AF2,0.5;0.5;0.5;0.5;0.5,0.5;0.5;0.5;0.5;0.5,0,63.176;46.2824;41.5475;40.1222;36.4272,3.9446;3.1572;2.9365;2.8701;2.6978,1,1,2338,1,1,1,0.5,1,1,1,1,1,1,1,1,0.5,1,1,1,0.5,1,1,0.5,1,1,1,1,1,1,1,0.5,0.5,0.5,1,1,1,1,1,1,0.5,0.5,1,0.5,1,0.5,1,1,0.5,1,1,1,0.5,0.5,1,0.5,0.5,0.5,0.5,0.5,1,0.5,0.5,1,1,0.5,0.5,0.5,0.5,1,1,1,1,0.5,1,0.5,1,0.5,1,1,0.5,1,1,1,1,1,1,1,1,1,1,1,1,1,1,1,1,0.5,0.5,1,1,1,0.5,1,1,1,1,1,0.5,1,1,1,1,1,1,0.5,1,1,1,1,1,1,1,1,0.5,0.5,0.5,1,1,1,1,1,0.5,1,0.5,1,1,1,0.5,1,0.5,1,1
XISTint9,XIST_int9_11342_11922,DDX43;ZNF622;GRWD1;EXOSC10;ILF3,NA;NA;NA;NA;NA,NA;NA;NA;NA;NA,NA,352.0838;187.4507;180.2003;163.2329;154.268,28.4234;15.6003;15.0356;13.714;13.0157,0,0,NA,NA,NA,NA,NA,NA,NA,NA,NA,NA,NA,NA,NA,NA,NA,NA,NA,NA,NA,NA,NA,NA,NA,NA,NA,NA,NA,NA,NA,NA,NA,NA,NA,NA,NA,NA,NA,NA,NA,NA,NA,NA,NA,NA,NA,NA,NA,NA,NA,NA,NA,NA,NA,NA,NA,NA,NA,NA,NA,NA,NA,NA,NA,NA,NA,NA,NA,NA,NA,NA,NA,NA,NA,NA,NA,NA,NA,NA,NA,NA,NA,NA,NA,NA,NA,NA,NA,NA,NA,NA,NA,NA,NA,NA,NA,NA,NA,NA,NA,NA,NA,NA,NA,NA,NA,NA,NA,NA,NA,NA,NA,NA,NA,NA,NA,NA,NA,NA,NA,NA,NA,NA,NA,NA,NA,NA,NA,NA,NA,NA,NA,NA,NA,NA,NA,NA,NA,NA,NA,NA
XISTrE,XIST_rE_11922_12586,PTBP1;MATR3;MBNL1;TIA1;SND1,2.14130997372382e-30;1.10754754532533e-26;0.05239721;2.28283828555707e-08;0.432334413,4.28261994744764e-31;4.43019018130131e-27;0.041917768;1.36970297133424e-08;0.432334413,0.6,3717.4101;1321.115;302.6957;201.5005;145.1482,173.3181;62.2394;15.0313;10.3404;7.7282,220,197,318.5,0.995895335,0.948325094,0.028067416,0.002750718,0.983659916,0.915854469,0.999449666,0.000708255,0.943859099,0.97995533,0.940674722,0.935256503,0.997351641,0.991732287,0.997519561,0.407016912,0.380937914,0.176231942,0.994485482,0.970098904,0.458867317,0.973280079,0.824891938,0.994821002,0.940406242,0.682859654,0.277925068,0.896215819,0.636871461,0.999986681,0.627279471,0.412007711,0.970537572,0.977763605,2.26816403169848e-21,0.999776387,0.988798109,3.68282402277845e-05,0.894165764,0.996780281,0.438025375,0.998393874,0.999740583,0.6548985,0.610639773,0.464406192,0.765467095,0.822666625,0.941207944,0.954032949,0.847522962,0.984888581,0.999999989,0.877629584,9.26557143306748e-05,0.892611321,0.00347466,0.999960781,0.999999998,0.973746946,0.930704146,0.592604246,0.999999982,0.001804012,0.984591091,0.131747092,0.866923458,0.999996809,4.43019018130131e-27,0.041917768,0.966922967,0.999997766,0.101854794,0.916719729,0.33868157,0.829698567,0.723455645,0.999787166,0.556456229,0.5,0.954701228,0.008554432,0.478540778,0.99584655,0.99269754,4.28261994744764e-31,0.693254508,0.976780971,0.897939671,0.000129744,0.043421776,0.959251377,0.478541748,0.999977689,0.215928972,0.416967707,0.957175303,0.733456797,0.993536465,0.999999928,0.999999094,0.823728931,0.663685606,0.209246117,0.937211764,0.810409645,0.7183411,0.99965666,0.946157744,0.432334413,0.900366327,0.972860679,0.387409398,0.277056565,0.856839702,0.999999997,0.418678223,0.989442305,1.36970297133424e-08,0.842088253,0.614910679,0.001878136,2.36473174685243e-08,0.931886706,0.89197046,0.882132425,0.360500181,0.63795917,0.915857127,0.645197815,0.994269948,0.996954807,0.922699956,0.702727616,0.872926739,0.584837871,0.903165682,0.578706369,0.476870689
XISTint10,XIST_int10_12586_13917,NOLC1;DDX43;TRA2A;GRWD1;UCHL5,0.5;0.5;0.5;0.5;0.5,0.5;0.5;0.5;0.5;0.5,0,359.4871;281.7753;264.6232;247.8739;234.6695,16.3871;13.0608;12.3266;11.6097;11.0445,1,1,1405,0.5,0.5,0.5,1,0.5,1,0.5,1,1,0.5,0.5,0.5,0.5,1,1,1,0.5,1,1,0.5,1,1,1,0.5,0.5,1,1,0.5,1,1,0.5,0.5,0.5,0.5,0.5,1,0.5,1,1,0.5,1,0.5,0.5,1,1,1,1,0.5,0.5,0.5,0.5,0.5,0.5,0.5,1,0.5,1,1,1,1,1,0.5,0.5,0.5,0.5,1,1,0.5,1,0.5,0.5,0.5,0.5,0.5,0.5,0.5,0.5,1,0.5,1,1,1,1,0.5,1,0.5,0.5,0.5,0.5,1,0.5,0.5,1,0.5,0.5,0.5,0.5,0.5,0.5,0.5,0.5,0.5,1,1,1,1,1,0.5,0.5,0.5,0.5,0.5,0.5,1,1,0.5,0.5,0.5,0.5,0.5,0.5,0.5,0.5,0.5,1,1,0.5,0.5,0.5,1,0.5,1,1,0.5,0.5,0.5,0.5,0.5,0.5
XISTint11,XIST_int11_13917_15248,HNRNPU;ZC3H11A;LIN28B;SAFB;KHDRBS1,1;1;1;3.25685988147723e-15;0,1;1;0.999980071;1.30274395259089e-15;0,0.4,49.926;49.0641;40.6951;22.4742;19.3266,3.6825;3.6362;3.1866;2.2076;2.0384,32839,2928,1116,1,1,1,1,1,1,1,1,1,1,1,1.01135960487122e-55,1,1,1,1,1,1,1,1,1,1,1,1,1,1,1,1,1,1,1,1,1,1,0,1,1,1,1,1,1,1,1,1,1,1,1,1,9.17429849411097e-58,1,1,9.30308585682743e-41,1,1,1,0,1,1,1,0.003650393,1,1,0,0,1,1,0.999980071,1,1,1,1,0.805962031,1,1,1,1,1,1,1,0.999999999,1,1,1,1,1,1,1,4.95305592749943e-43,1,3.92322356454728e-280,1,1,0.138799912,2.6733320817297e-15,1,1,1,1,1,0.235029136,1.30274395259089e-15,1,1,1,1,1,1,1,1,1,1,1,1,1,1,1,1,1,1,1,1,1,1.84613768316605e-50,1,1,1,1,1,1,1,1,1,1,1,1,1,1,1,1
XISTint12,XIST_int12_15248_16579,HNRNPU;HNRNPA1;KHDRBS1;SAFB;METTL1,1;1;0;6.02909983307245e-27;1,1;1;0;2.41163993322898e-27;0.766942681,0.4,74.4044;47.7374;43.3588;34.8416;21.5639,5.4982;3.886;3.6213;3.1064;2.3037,9377,1784,1946,1,1,1,1,1,1,1,1,1,1,1,2.81271471300219e-09,1,1,1,1,1,1,1,1,1,1,1,1,1,1,1,1,1,1,1,1,1,1,2.51625462021205e-291,1,1,1,1,1,1,1,1,1,1,1,1,1,2.80531038612379e-08,1,1,4.80334213816968e-19,1,1,1,1.51490089505075e-191,1,1,1,0.999999016,1,1,0,0,1,1,1,1,1,1,1,0.766942681,1,1,1,1,1,1,1,0.999989062,1,1,1,0.999820775,1,1,1,0.000775207,1,2.04420154047394e-107,1,1,0.999930179,8.25007636328319e-11,1,1,1,1,1,5.69824680081919e-29,2.41163993322898e-27,1,1,1,1,1,1,1,1,1,1,1,1,1,1,1,1,1,1,1,1,1,0.01165035,1,1,1,1,1,1,1,1,1,1,1,1,1,1,1,1
XISTint13,XIST_int13_16579_17910,KHDRBS1;SAFB;ZC3H11A;ILF3;RNF187,6.67517787250265e-175;1.93914562808633e-05;1;1;1,1.33503557450053e-175;7.75658251234534e-06;1;1;0.672616089,0.4,55.8031;51.1588;43.0246;42.0286;41.4265,3.9781;3.7303;3.2962;3.243;3.2109,2309,1022,2762,1,1,1,1,0.999999995,1,1,1,1,1,1,2.1377199239573e-07,1,1,1,1,1,1,1,1,1,1,1,1,1,1,1,1,1,1,1,1,1,1,1.01892027391091e-142,1,1,0.99999999,1,1,1,1,1,1,1,1,1,1,4.38796147067007e-05,1,1,0.014095643,1,0.54191622,1,1.88033881444055e-91,1,1,1,0.043871345,1,1,1.33503557450053e-175,1.67311758934898e-220,0.999996684,1,0.999131241,1,0.999778599,1,1,0.999987464,1,1,1,1,1,1,1,0.989451014,1,1,1,0.996674659,1,1,1,4.14255940051521e-08,1,2.57749483454438e-53,1,1,0.659651097,0.672616089,1,1,1,1,1,0.298507247,7.75658251234534e-06,1,1,1,1,1,1,1,1,1,1,1,1,0.99999945,1,1,1,1,1,1,1,0.999999249,1.69321720784777e-11,1,1,1,1,1,1,1,1,1,1,1,1,1,1,1,1
XISTint14,XIST_int14_17910_19245,ZC3H11A;NOLC1;MBNL1;RNF187;METTL1,1;1;1;0.000339077910444681;1,1;1;1;6.78155820889363e-05;0.9987515,0.2,239.8579;215.2903;170.8535;150.7577;128.904,15.9344;14.4048;11.638;10.3867;9.026,12365,2103,2404,1,1,1,1,1,1,1,1,1,1,1,6.39975543489569e-15,1,1,1,1,1,1,1,1,1,1,1,1,1,1,1,1,1,1,1,1,1,1,0,1,1,0.993396048,1,1,1,1,1,1,1,1,1,1,1.85814017802417e-35,1,1,1.33090872147507e-48,1,0.923439614,1,5.21775885540673e-252,1,1,1,0.387578528,1,1,0,0,1,1,0.999995242,1,0.99999935,1,1,0.9987515,1,1,1,1,1,1,1,0.999999816,1,1,1,0.525497608,1,1,1,1.2034262968874e-19,1,5.17718471306363e-152,1,1,0.910010244,6.78155820889363e-05,1,1,1,1,1,1.83541966275466e-35,1.40597247067798e-65,1,1,1,1,1,1,1,1,1,1,1,1,1,1,1,1,1,1,1,1,1,3.41993531531922e-38,1,1,1,1,1,1,1,1,1,1,1,1,1,1,1,1
NEAT1chk1,NEAT1chk1_0_1000,U2AF2;CSTF2T;U2AF1;HNRNPU;HNRNPA1,0.150699189;5.3802615002483e-27;1.01295368056797e-07;4.88803504400823e-19;2.83925629789677e-09,0.150699189;1.07605230004966e-27;8.10362944454376e-08;1.95521401760329e-19;1.70355377873806e-09,0.8,4459.6314;3855.2714;3822.4944;3516.2574;3195.4836,28.4276;24.7107;24.5091;22.6257;20.6528,178,160,1249,6.00373004336198e-16,1.31059018198718e-17,2.76432609103081e-10,2.01103110307966e-20,7.61690024416844e-05,2.77582395656958e-10,1.58321521160182e-26,3.08415651446797e-17,5.92790565515542e-11,3.31329667615267e-18,6.18083741650221e-15,0.065160101,3.07365171246234e-08,1.07605230004966e-27,8.70237390926331e-26,9.64527021967834e-14,4.29827808419168e-09,4.06200240736704e-14,7.03159884382775e-18,2.85880222170679e-10,3.3058138781243e-19,2.41689322206901e-24,1.59195161918492e-18,2.09843117949932e-08,3.0581710198842e-21,2.03733809424368e-14,7.19607024537467e-21,2.40849248218546e-25,9.66207313820473e-16,7.32914205556627e-23,8.39467593453654e-11,2.94216766512591e-20,3.04334360828297e-19,1.04966256078542e-21,1,1.31024388831497e-26,2.72933652498e-13,0.170979834,2.08002706205264e-21,3.55349702597874e-19,1.2726025341152e-16,1.35130246169857e-20,4.49099790399227e-23,2.93254845745195e-06,3.52048841980431e-13,7.2036011849266e-07,5.49345049949189e-22,0.01212257,6.08761208271513e-06,1.61239388142774e-05,3.02326300862235e-28,0.15974008,1.70355377873806e-09,0.999978964,4.50096016202118e-12,0.999999742,4.35884494887957e-12,2.23341918238294e-13,1.95521401760329e-19,0.548133189,6.03823096447974e-12,0.020827194,0.999999614,0.999999926,2.12483642804692e-11,1.05609906184263e-12,0.157069428,3.19524066222914e-16,0.999955687,6.13617433204387e-10,4.12627144870358e-15,2.72823807020668e-10,3.22686698449797e-25,2.64283578083639e-15,1.33240927610058e-22,3.28368723955419e-11,7.96665686627129e-20,1.78985771836661e-21,0.020944033,0.185546685,4.25375288295819e-05,2.74225510881613e-14,2.28583312922718e-18,0.003523796,3.69979171273016e-16,6.60515748506229e-05,2.16259509221547e-08,0.302170863,2.58200666715588e-06,0.948152686,9.83966859314701e-17,1.27162360804217e-11,0.212565176,1.2962126088332e-05,4.77970668142118e-12,1.20642145377101e-08,1.06276238779573e-07,2.51470894782784e-19,7.79150590525756e-09,3.70966465895294e-05,0.035336083,0.000223613,1.25466953039105e-11,7.15100366965803e-05,4.83835543929187e-14,2.68228895051423e-15,1.78068521773715e-05,3.01562284938221e-24,1.59105226542418e-20,0.002490762,3.11293305819274e-15,2.08046415479091e-05,2.57479907543028e-17,0.011247136,3.46685803477468e-06,8.11510056214684e-12,2.44112750623508e-07,6.35761095617339e-21,1.09651319340527e-22,3.51229405485544e-10,4.4285697604832e-08,8.10362944454376e-08,0.150699189,1.59238609299608e-08,9.14308804531116e-05,1.48028613913004e-14,4.52447423878441e-17,5.21715548832093e-08,3.51835948503714e-12,1.32131060910915e-16,3.49848858259966e-16,4.70739086358564e-26,0.097819375,2.73534723465736e-12,4.50014821924742e-12,1.08264117990285e-10,1.02626616655299e-05,3.03190002821106e-06,2.36822108964497e-21
NEAT1chk2,NEAT1chk2_1000_2000,CSTF2T;HNRNPM;ZRANB2;HNRNPUL1;EWSR1,0.5;0.5;0.5;0.5;0.5,0.5;0.5;0.5;0.5;0.5,0,4121.2929;4113.9137;3162.8016;2182.7871;2132.3203,36.6205;36.5568;28.3363;19.8659;19.4298,1,1,1389,0.5,0.5,0.5,0.5,0.5,0.5,0.5,0.5,0.5,1,0.5,0.5,0.5,0.5,0.5,0.5,0.5,0.5,0.5,0.5,0.5,0.5,0.5,0.5,0.5,0.5,0.5,0.5,0.5,0.5,0.5,0.5,0.5,0.5,1,0.5,0.5,0.5,0.5,0.5,0.5,0.5,0.5,0.5,0.5,0.5,0.5,0.5,0.5,0.5,0.5,0.5,0.5,1,0.5,1,0.5,0.5,0.5,0.5,0.5,0.5,0.5,0.5,0.5,0.5,0.5,0.5,0.5,0.5,0.5,0.5,0.5,0.5,0.5,0.5,0.5,0.5,0.5,1,1,0.5,0.5,0.5,0.5,0.5,0.5,0.5,0.5,0.5,0.5,0.5,0.5,0.5,0.5,0.5,0.5,0.5,0.5,0.5,0.5,0.5,1,1,0.5,0.5,0.5,0.5,0.5,0.5,0.5,0.5,0.5,1,0.5,0.5,0.5,0.5,0.5,0.5,0.5,0.5,0.5,0.5,0.5,0.5,0.5,0.5,0.5,0.5,0.5,0.5,1,0.5,0.5,0.5,0.5,0.5,0.5
NEAT1chk3,NEAT1chk3_2000_3000,CSTF2T;GTF2F1;HNRNPUL1;EXOSC5;HNRNPU,0.5;0.5;0.5;0.5;0.5,0.5;0.5;0.5;0.5;0.5,0,3080.9433;2878.4473;1436.0173;1331.5272;1321.1621,33.5293;31.3913;16.1618;15.0586;14.9492,1,1,2018,0.5,0.5,1,0.5,0.5,0.5,0.5,0.5,0.5,1,0.5,0.5,0.5,0.5,0.5,0.5,0.5,1,0.5,0.5,0.5,0.5,0.5,0.5,0.5,0.5,0.5,0.5,0.5,0.5,0.5,0.5,0.5,0.5,0.5,0.5,0.5,0.5,0.5,0.5,1,0.5,0.5,1,0.5,0.5,0.5,0.5,0.5,0.5,0.5,0.5,0.5,0.5,0.5,1,0.5,0.5,0.5,0.5,0.5,0.5,0.5,0.5,0.5,0.5,1,0.5,0.5,0.5,0.5,0.5,0.5,0.5,0.5,0.5,0.5,0.5,0.5,1,1,1,0.5,0.5,0.5,0.5,1,0.5,0.5,0.5,0.5,0.5,0.5,0.5,0.5,0.5,0.5,0.5,0.5,0.5,0.5,1,1,1,0.5,1,1,0.5,0.5,0.5,1,0.5,0.5,1,0.5,0.5,0.5,0.5,0.5,0.5,0.5,0.5,0.5,0.5,0.5,0.5,0.5,0.5,0.5,0.5,0.5,0.5,1,0.5,0.5,0.5,0.5,1,0.5
NEAT1chk4,NEAT1chk4_3000_4000,CSTF2T;KHSRP;HNRNPUL1;FUS;ZC3H11A,1;1.09910853236032e-177;1;1;1,1;2.19821706472064e-178;0.999430593;1;0.997659775,0.2,2869.2293;2461.8308;1559.8419;1449.9476;1303.1727,36.908;31.8095;20.5212;19.1459;17.309,1312,764,1856.5,1,1,1,0.961627282,0.999999978,1,1,1,1,1,1,4.28340664858388e-08,0.999992038,1,1,1,0.999990494,1,1,1,1,1,1,1,1,1,1,1,1,1,1,1,1,1,1.74775217938286e-124,1,1,3.56802741518998e-24,0.999999925,1,1,1,1,1,1,1,1,0.998364351,1.4426137305605e-10,0.999999994,1,0.118691025,0.99999941,7.32061228885761e-06,1,3.23446446978945e-17,0.999794563,0.999430593,1,0.003715656,1,1,1.66903156999983e-50,2.19821706472064e-178,0.9999225,1,0.045217667,1,2.12862162036639e-05,1,1,1,1,1,1,1,1,1,0.998650119,0.606296755,0.999999619,1,1,0.999997436,1,1,1,1.43737445527516e-10,1,3.13370574788779e-27,1,1,0.024202047,0.999999976,1,1,1,1,1,1,0.999553523,0.999999955,1,1,0.998761777,0.999999999,0.999999055,1,1,0.999829796,1,1,1,0.999824052,0.999975287,1,1,1,0.999999924,1,1,0.039163584,1.07878443489565e-25,1,0.999999791,1,1,1,1,1,1,1,1,1,0.997659775,1,0.999999824,1,0.999964274
NEAT1chk5,NEAT1chk5_4000_5000,CSTF2T;NONO;TIA1;EWSR1;HNRNPUL1,0.5;0.5;0.5;0.5;0.5,0.5;0.5;0.5;0.5;0.5,0,2906.7359;1664.353;1515.4141;1239.8886;1154.4105,72.646;42.0234;38.3523;31.5611;29.4542,1,1,1024,0.5,1,0.5,1,0.5,0.5,0.5,1,1,1,1,0.5,1,0.5,0.5,0.5,1,1,0.5,1,1,1,0.5,0.5,0.5,0.5,0.5,1,0.5,0.5,0.5,1,0.5,0.5,0.5,0.5,1,1,0.5,1,1,0.5,0.5,1,1,1,0.5,1,0.5,1,1,1,1,0.5,0.5,0.5,0.5,0.5,0.5,0.5,0.5,0.5,0.5,0.5,1,0.5,1,0.5,0.5,0.5,0.5,0.5,0.5,0.5,0.5,0.5,0.5,0.5,1,1,1,0.5,0.5,0.5,1,0.5,0.5,1,0.5,0.5,0.5,1,1,1,1,0.5,0.5,1,1,0.5,0.5,1,1,1,0.5,1,1,0.5,0.5,0.5,1,1,1,1,0.5,0.5,1,0.5,0.5,0.5,0.5,0.5,0.5,1,1,0.5,0.5,0.5,0.5,0.5,1,0.5,0.5,0.5,0.5,0.5,1,1,0.5
NEAT1chk6,NEAT1chk6_5000_6000,CSTF2T;NONO;QKI;HNRNPUL1;TIA1,0.5;0.5;0.5;0.5;0.5,0.5;0.5;0.5;0.5;0.5,0,682.2612;660.2617;525.9246;424.1044;353.2683,21.9613;21.2854;17.1581;14.0299;11.8536,1,1,1030,1,1,1,1,1,1,1,1,1,1,1,0.5,1,0.5,0.5,1,1,1,0.5,1,1,1,1,1,1,1,1,1,1,1,1,1,0.5,1,1,0.5,1,1,1,1,1,1,0.5,1,1,1,1,1,1,1,1,1,0.5,1,1,0.5,1,0.5,0.5,1,0.5,1,0.5,1,1,1,0.5,0.5,0.5,0.5,1,0.5,1,1,1,1,1,0.5,1,1,1,1,0.5,1,1,0.5,1,1,1,0.5,1,1,1,1,1,0.5,1,0.5,1,1,1,1,0.5,1,0.5,1,1,0.5,0.5,1,1,1,1,1,0.5,0.5,1,0.5,0.5,1,1,0.5,1,1,1,1,0.5,1,1,1,1,0.5,1,1,1,0.5,1,1,1
NEAT1chk7,NEAT1chk7_6000_7000,TARDBP;ELAC2;IGF2BP1;EIF4G2;TIA1,1;1;1;1;1,1;1;0.999894089;1;1,0,953.6516;816.6998;264.9387;232.8981;172.9859,25.8251;22.2601;7.8968;7.0627;5.5031,9695,1982,1730,1,1,1,0.999998049,1,1,1,1,1,1,1,1.43271711175697e-09,1,1,1,1,1,1,1,1,1,1,1,1,1,1,1,1,1,1,1,1,1,1,0,1,1,2.59080993918185e-210,1,1,1,1,1,1,1,1,1,1,0.000724717,1,1,1,1,3.37985950577314e-51,1,1.99184886823344e-173,0.883106828,1,1,0.999894089,1,1,6.95675283499608e-186,0,1,1,1,1,3.5236542127961e-264,1,1,1,1,1,1,1,1,1,1,0.999999799,1,1,1,1,1,0.997581813,1,1.03435368373178e-11,1,2.89762234291463e-166,1,1,0.999995403,1,1,1,1,1,1,1,1,1,1,1,1,1,1,1,1,1,1,1,1,1,1,1,1,1,1,1,1,0.999917023,3.27963318590409e-80,1,1,1,1,1,1,1,1,1,1,1,1,1,1,1,1
NEAT1chk8,NEAT1chk8_7000_8000,HNRNPM;TIA1;NONO;U2AF2;EIF4G2,0.0738227875;0.13671875;0.0738227875;0.13671875;0.211339037,0.029529115;0.109375;0.029529115;0.10062131;0.211339037,0,1291.8681;1043.8537;998.2927;894.4387;750.2458,31.8763;25.9487;24.8597;22.3776;18.9313,6,6,981,0.5,0.185546685,0.5,0.050174123,0.5,0.185546685,0.185546685,0.185546685,0.57243393,0.963180865,0.5,0.5,0.5,0.185546685,0.185546685,0.605365987,0.605365987,0.89937869,0.185546685,0.814453315,0.090724604,0.185546685,0.185546685,0.393703245,0.211339037,0.5,0.5,0.5,0.5,0.5,0.5,0.605365987,0.211339037,0.050174123,0.052822715,0.185546685,0.605365987,0.029529115,0.211339037,0.5,0.5,0.29194121,0.211339037,0.605365987,0.605365987,0.185546685,0.090724604,0.090724604,0.969315585,0.814453315,0.5,0.963180865,0.814453315,0.211339037,0.052822715,0.70805879,0.029529115,0.5,0.909275396,0.211339037,0.29194121,0.29194121,0.969315585,0.029529115,0.909275396,0.185546685,0.5,0.394634013,0.015625,0.42756607,0.090724604,0.977249868,0.090724604,0.394634013,0.185546685,0.185546685,0.393703245,0.029529115,0.394634013,1,0.70805879,0.185546685,0.5,0.977249868,1,0.029529115,0.185546685,0.10062131,0.5,1,0.052822715,0.977249868,0.788660963,0.963180865,0.209246117,0.5,0.605365987,0.963180865,0.963180865,0.969315585,0.963180865,0.185546685,1,1,0.5,0.5,0.5,0.5,0.42756607,0.211339037,0.605365987,0.211339037,0.977249868,1,0.5,0.5,0.050174123,0.211339037,0.109375,0.605365987,0.029529115,0.5,0.10062131,0.70805879,0.5,0.977249868,0.909275396,1,1,0.211339037,0.185546685,0.5,0.090724604,0.211339037,0.5,0.57243393,0.42756607,1,0.050174123
NEAT1chk9,NEAT1chk9_8000_9000,KHSRP;MATR3;ELAVL1;HNRNPL;U2AF2,0;0;0;0;6.27136454096742e-125,0;0;0;0;6.27136454096742e-125,1,353.4404;269.3047;244.1902;220.9785;144.8426,9.8276;7.7262;7.099;6.5192;4.6176,37043,3207,1143,1,1,1,1,1,1,1,1,1,1,1,1.9821930493707e-07,1,1,1,1,1,1,1,1,1,1,1,1,1,1,1,1,1,1,1,1,1,1,0,1,1,4.37813879461629e-220,1,1,1,1,1,1,1,1,1,1,0.001382536,1,1,1,1,8.03864323979931e-100,1,0,1,1,1,0.922234524,1,1,0,0,1,1,1,1,0,1,1,1,1,1,1,1,1,1,1,1,1,1,1,1,1,1,1,6.41206270859427e-26,1,0,1,1,1,1,1,1,1,1,1,1,1,1,1,1,1,1,1,1,1,1,1,1,1,1,1,1,1,1,1,1,1,1,6.27136454096742e-125,1,1,1,1,1,1,1,1,1,1,1,1,1,1,1,1
NEAT1chk10,NEAT1chk10_9000_10000,KHSRP;ELAVL1;U2AF2;MATR3;CPEB4,0;0;7.13266892176891e-75;0;0.000948459,0;0;5.70613513741513e-75;0;0.000948459,1,1547.081;469.0702;377.5445;334.5221;330.3868,54.3079;17.1628;14.0091;12.5267;12.3842,20424,2566,1211.5,1,1,1,1,1,1,1,1,1,1,1,0.000948459,1,1,1,1,1,1,1,1,1,1,1,1,1,1,1,1,1,1,1,1,1,1,0,1,1,1.55725465562992e-296,1,1,1,1,1,1,1,1,1,1,0.161057098,1,1,1,1,1.63520836410632e-82,1,0,1,1,1,1,1,1,1.1336692217001e-233,0,1,1,1,1,0,1,1,1,1,1,1,1,1,1,1,1,1,1,1,1,1,0.999987965,1,0.000321452,1,7.22391110675731e-293,1,1,1,1,1,1,1,1,1,1,1,1,1,1,1,1,1,1,1,1,1,1,1,1,1,1,1,1,1,1,1,1,5.70613513741513e-75,1,1,1,1,1,1,1,1,1,1,1,1,1,1,1,1
NEAT1chk11,NEAT1chk11_10000_11000,U2AF2;ELAVL1;KHSRP;HNRNPL;TIA1,6.49278137761004e-58;0;0;0;1,5.19422510208803e-58;0;0;0;1,0.8,281.8054;270.1972;264.5384;220.3685;53.3604,10.1112;9.7359;9.5529;8.1249;2.7252,29540,2978,1167,1,1,1,1,1,1,1,1,1,1,1,0.021984432,1,1,1,1,1,1,1,1,1,1,1,1,1,1,1,1,1,1,1,1,1,1,0,1,1,5.11433785384915e-155,1,1,1,1,1,1,1,1,1,1,0.999998862,1,1,1,1,7.41631947882135e-78,1,0,1,1,1,0.999999971,1,1,0,0,1,1,1,1,0,1,1,1,1,1,1,1,1,1,1,1,1,1,1,1,1,1,1,8.48135369462102e-12,1,0,1,1,1,1,1,1,1,1,1,1,1,1,1,1,1,1,1,1,1,1,1,1,1,1,1,1,1,1,1,1,1,1,5.19422510208803e-58,1,1,1,1,1,1,1,1,1,1,1,1,1,1,1,1
NEAT1chk12,NEAT1chk12_11000_12000,U2AF2;KHSRP;U2AF1;ZRANB2;TIA1,0.999999153;1.26695830101788e-17;0.999999153;0.999999153;0.999999153,0.400780546;2.53391660203576e-18;0.9937929;0.999998548;0.999999153,0.2,1796.6423;1071.7175;899.1213;572.4953;551.0676,48.2297;29.1731;24.6359;16.0496;15.4863,162,154,2891,1,0.999995743,0.99999998,0.991788903,0.999841303,0.999999995,1,0.999999999,0.999999927,1,1,0.919117408,0.999999968,1,1,0.999999994,0.999999982,0.999665408,1,1,1,1,1,1,1,0.999999993,0.999999999,1,0.999999951,1,0.999995043,1,1,0.999999998,5.50751106871614e-20,1,0.999999999,9.27537861241717e-11,1,0.999997397,1,0.999999839,1,0.999999986,1,0.999902827,0.999999998,0.999721876,0.996886629,0.999999997,1,0.996947641,0.999999989,1.65190421604144e-06,0.999999641,4.55522331896033e-13,0.007460852,0.999999387,1,0.999999601,1,0.999990208,0.986943755,2.53391660203576e-18,0.999999997,0.999999919,0.999945252,1,2.45893361334176e-16,1,1,1,1,1,1,0.999999996,1,1,0.993474421,1,0.999999985,1,0.999999998,0.99999985,1,0.491059088,0.999999997,0.795304192,0.999528623,9.42174840504307e-06,0.999995969,1,0.997874119,0.999999441,0.999999997,0.9997728,0.999995909,1,1,0.999999956,0.999998048,0.990766957,0.999999628,0.998551748,0.999996953,1,0.888655684,1,1,0.999896486,1,0.999999303,0.999999999,1,0.997341904,1,0.919010687,0.999999999,0.999999153,1,0.999976118,0.9937929,0.400780546,1,0.999999321,0.999999995,1,0.999981313,0.999999999,0.999999929,0.999999998,1,1,0.999999999,0.999999999,0.999999868,0.99999999,0.999999996,0.999998548
NEAT1chk13,NEAT1chk13_12000_13000,KHSRP;U2AF2;TIA1;ZRANB2;U2AF1,0.5;0.5;0.5;0.5;0.5,0.5;0.5;0.5;0.5;0.5,0,525.4023;476.1959;308.199;299.9435;270.3927,19.9457;18.1713;12.1135;11.8158;10.7502,1,1,2117,1,1,1,1,0.5,1,1,1,1,1,1,0.5,0.5,1,0.5,0.5,1,1,0.5,1,0.5,1,0.5,1,1,0.5,1,0.5,1,0.5,1,1,1,1,0.5,0.5,1,1,0.5,1,1,1,0.5,1,1,1,0.5,1,1,1,1,1,0.5,0.5,0.5,0.5,0.5,0.5,1,1,0.5,1,0.5,0.5,1,1,0.5,0.5,0.5,0.5,1,1,1,0.5,1,0.5,0.5,0.5,1,1,1,0.5,0.5,1,1,1,1,1,1,0.5,0.5,1,1,1,1,1,1,1,1,1,0.5,1,1,1,1,0.5,1,1,0.5,0.5,1,0.5,1,1,1,0.5,1,0.5,0.5,1,1,0.5,0.5,1,1,1,0.5,1,1,1,1,0.5,0.5,1,1,1,1,1,0.5
NEAT1chk14,NEAT1chk14_13000_14000,NONO;TIA1;IGF2BP2;HNRNPM;U2AF2,0.5;0.5;0.5;0.5;0.5,0.5;0.5;0.5;0.5;0.5,0,630.9654;587.6864;354.2169;281.6197;267.9616,23.8158;22.2509;13.8086;11.1834;10.6895,1,1,1215,1,1,1,1,1,1,1,1,1,1,1,0.5,1,0.5,0.5,0.5,1,1,0.5,1,0.5,0.5,0.5,1,1,0.5,0.5,1,1,1,1,1,0.5,0.5,1,0.5,1,1,0.5,1,1,1,0.5,1,1,1,0.5,1,1,1,1,1,0.5,0.5,0.5,0.5,0.5,0.5,0.5,1,0.5,1,0.5,0.5,1,0.5,0.5,0.5,0.5,1,1,1,0.5,1,1,0.5,0.5,0.5,1,1,1,0.5,0.5,1,1,1,1,1,0.5,1,1,1,1,1,1,1,1,1,0.5,1,0.5,0.5,1,1,1,1,0.5,0.5,0.5,1,1,1,1,1,1,0.5,1,1,0.5,0.5,1,0.5,0.5,1,1,1,0.5,1,1,1,1,0.5,0.5,0.5,1,0.5,1,1,0.5
NEAT1chk15,NEAT1chk15_14000_15000,QKI;ELAVL1;U2AF2;TIA1;KHSRP,3.6259293921504e-25;5.78915574135507e-86;0.00077486875;0.99999969;6.6547365626218e-90,2.17555763529024e-25;2.31566229654203e-86;0.000619895;0.99999969;1.33094731252436e-90,0.8,217.7165;140.9997;127.7074;109.8246;94.2579,6.6941;4.6876;4.34;3.8723;3.4652,765,488,1856,1,1,1,0.995366364,0.999999972,1,1,1,1,1,1,0.020515051,1,1,1,1,1,1,1,1,1,1,1,1,1,1,1,1,1,1,1,1,1,1,2.31566229654203e-86,1,1,5.01927651157752e-19,1,1,1,1,1,1,1,1,1,1,1,1,1,1,1,2.48477897230862e-09,1,2.23852324450867e-35,0.4205158,1,1,1,1,1,0.25536366,1.33094731252436e-90,1,1,1,1,3.16329386104385e-35,1,1,1,1,1,1,1,1,1,1,0.909275396,1,1,1,1,1,0.00467114,1,0.932638057,1,2.17555763529024e-25,1,1,0.999999999,1,1,1,1,1,1,1,1,0.999999966,1,0.999998785,1,1,0.999999584,1,1,1,1,1,1,0.998551748,0.999999999,1,1,1,0.99999969,1,1,0.998724403,0.000619895,1,1,1,1,0.999999999,1,1,1,1,1,1,1,1,1,1,1
NEAT1chk16,NEAT1chk16_15000_16600,KHSRP;TIA1;HNRNPL;HNRNPC;NONO,0;1;6.56702106408327e-85;1.13440528684688e-65;1,0;1;2.62680842563331e-85;6.80643172108126e-66;1,0.6,424.7986;305.8014;167.16;132.0863;130.2821,9.6385;7.2187;4.3993;3.6861;3.6494,4330,1472,1842.5,1,1,1,0.096311905,1,1,1,1,1,1,1,0.999430944,1,1,1,1,1,1,1,1,1,1,1,1,1,1,1,1,1,1,1,1,1,1,0,1,1,1.19996677934537e-238,1,1,1,1,1,1,1,1,1,1,1,1,1,1,1,6.80643172108126e-66,1,2.62680842563331e-85,2.3440071282034e-62,1,1,1,1,1,0.999982743,0,1,1,1,1,1.77819134281475e-251,1,1,1,1,1,1,1,1,1,1,0.99882733,1,1,1,1,1,0.020842796,1,0.999999038,1,1.01322834222645e-67,1,1,1,1,1,1,1,1,1,1,1,1,1,1,1,1,1,1,1,1,1,1,1,1,1,1,1,1,1,1,1,1,0.476387599,1,1,1,1,1,1,1,1,1,1,1,1,1,1,1,1
NEAT1chk17,NEAT1chk17_16600_17624,HNRNPM;HNRNPA1;HNRNPU;DDX42;TAF15,NA;NA;NA;NA;NA,NA;NA;NA;NA;NA,NA,414.7809;215.5875;110.5126;87.8741;76.3272,13.4539;7.4731;4.3182;3.6384;3.2917,0,0,NA,NA,NA,NA,NA,NA,NA,NA,NA,NA,NA,NA,NA,NA,NA,NA,NA,NA,NA,NA,NA,NA,NA,NA,NA,NA,NA,NA,NA,NA,NA,NA,NA,NA,NA,NA,NA,NA,NA,NA,NA,NA,NA,NA,NA,NA,NA,NA,NA,NA,NA,NA,NA,NA,NA,NA,NA,NA,NA,NA,NA,NA,NA,NA,NA,NA,NA,NA,NA,NA,NA,NA,NA,NA,NA,NA,NA,NA,NA,NA,NA,NA,NA,NA,NA,NA,NA,NA,NA,NA,NA,NA,NA,NA,NA,NA,NA,NA,NA,NA,NA,NA,NA,NA,NA,NA,NA,NA,NA,NA,NA,NA,NA,NA,NA,NA,NA,NA,NA,NA,NA,NA,NA,NA,NA,NA,NA,NA,NA,NA,NA,NA,NA,NA,NA,NA,NA,NA,NA,NA
NEAT1chk18,NEAT1chk18_17624_18648,HNRNPA1;HNRNPU;DDX42;HNRNPUL1;TAF15,0.5;0.5;0.5;0.5;0.5,0.5;0.5;0.5;0.5;0.5,0,358.974;172.671;118.4438;89.0551;81.3072,12.1192;6.3485;4.6688;3.7585;3.5185,1,1,1077,1,1,1,1,1,1,0.5,1,1,1,1,1,1,0.5,1,1,1,1,0.5,1,1,1,1,0.5,1,1,1,1,1,1,0.5,1,1,1,0.5,1,1,0.5,1,0.5,1,0.5,0.5,1,1,1,1,1,0.5,1,1,1,0.5,0.5,1,1,0.5,0.5,0.5,1,1,0.5,0.5,1,0.5,0.5,1,0.5,1,1,1,0.5,1,0.5,1,1,1,0.5,1,1,1,1,1,0.5,1,1,1,1,1,1,0.5,1,1,0.5,1,1,1,1,0.5,0.5,1,1,1,1,1,1,1,0.5,1,0.5,1,1,1,1,0.5,0.5,1,1,0.5,1,0.5,1,1,1,1,1,1,1,0.5,1,0.5,0.5,1,1,1,1,1,1,1
NEAT1chk19,NEAT1chk19_18648_19672,HNRNPC;HNRNPA1;GPKOW;DDX42;XRCC6,0.5;0.5;0.5;0.5;0.5,0.5;0.5;0.5;0.5;0.5,0,295.8776;104.5842;84.4119;81.0347;76.1316,6.6808;3.008;2.6207;2.5559;2.4617,1,1,1600,1,1,1,1,1,1,0.5,1,1,1,1,1,1,0.5,1,1,1,1,0.5,1,1,1,1,0.5,1,1,1,1,1,1,0.5,1,1,1,0.5,1,1,1,1,0.5,1,0.5,1,1,1,1,1,1,0.5,1,1,1,0.5,0.5,1,1,0.5,0.5,0.5,1,1,0.5,1,1,0.5,1,1,0.5,1,1,1,1,1,0.5,1,1,1,1,1,1,1,1,1,0.5,1,1,1,1,1,1,0.5,1,1,1,0.5,1,1,1,1,1,1,1,1,1,0.5,1,1,1,1,0.5,1,1,1,1,1,0.5,1,1,0.5,1,0.5,0.5,1,1,1,1,1,1,1,1,0.5,0.5,1,1,1,1,1,1,1
NEAT1chk20,NEAT1chk20_19672_20696,NONO;TIA1;HNRNPUL1;EWSR1;CSTF2T,0.5;0.5;0.5;0.5;0.5,0.5;0.5;0.5;0.5;0.5,0,837.1989;516.6486;290.2351;230.8862;176.735,32.2241;20.2689;11.8246;9.6111;7.5915,1,1,1030,1,1,1,1,1,1,1,1,1,1,1,1,1,0.5,0.5,0.5,1,1,1,1,1,1,0.5,1,1,0.5,1,1,1,1,1,1,1,1,0.5,0.5,1,1,1,1,1,1,0.5,1,1,1,0.5,1,1,1,1,1,0.5,0.5,0.5,1,0.5,0.5,0.5,1,0.5,0.5,1,0.5,1,1,0.5,0.5,1,0.5,1,1,1,1,1,1,1,0.5,1,1,1,1,0.5,1,1,1,1,1,0.5,1,1,1,1,1,1,1,1,1,1,1,1,1,1,1,1,1,1,0.5,0.5,0.5,1,1,1,1,0.5,0.5,1,0.5,0.5,1,0.5,1,1,1,1,1,0.5,1,1,1,1,0.5,0.5,0.5,1,0.5,1,1,1
NEAT1chk21,NEAT1chk21_20696_21720,EIF4G2;ELAC2;CSTF2T;NONO;IGF2BP1,0.5;0.5;0.5;0.5;0.5,0.5;0.5;0.5;0.5;0.5,0,3421.2267;2138.5286;1383.3751;1185.3508;1054.8804,100.6795;63.3073;41.3055;35.5359;31.7346,1,1,1254,0.5,0.5,0.5,0.5,0.5,0.5,0.5,0.5,1,0.5,0.5,1,0.5,0.5,0.5,0.5,0.5,1,0.5,0.5,0.5,0.5,0.5,0.5,0.5,0.5,0.5,0.5,0.5,0.5,0.5,1,0.5,0.5,1,0.5,1,0.5,0.5,0.5,0.5,0.5,0.5,1,0.5,1,0.5,0.5,1,1,0.5,1,0.5,0.5,0.5,1,0.5,0.5,0.5,0.5,0.5,0.5,1,1,0.5,0.5,0.5,0.5,1,0.5,0.5,0.5,0.5,0.5,0.5,0.5,0.5,0.5,0.5,1,1,0.5,0.5,0.5,1,0.5,1,0.5,0.5,1,0.5,1,1,1,1,0.5,0.5,0.5,1,1,0.5,1,1,1,0.5,1,0.5,0.5,0.5,0.5,0.5,0.5,1,1,0.5,0.5,0.5,0.5,0.5,0.5,0.5,0.5,0.5,0.5,0.5,0.5,0.5,0.5,0.5,0.5,0.5,0.5,0.5,0.5,0.5,0.5,1,1,0.5
NEAT1chk22,NEAT1chk22_21720_22744,EIF4G2;CSTF2T;NONO;EWSR1;TIA1,1.17752257162089e-17;7.62110563740015e-24;6.76645172484075e-17;1.2394324115649e-23;3.4750905419786e-13,7.06513542972537e-18;1.52422112748003e-24;5.4131613798726e-17;4.95772964625959e-24;3.4750905419786e-13,1,1361.2964;1153.2625;682.3948;677.5129;658.7482,40.5357;34.4938;20.8186;20.6768;20.1318,168,146,2193.5,1.79862013178026e-11,1.87175887693053e-12,2.4801663719667e-10,1.11636326858692e-08,0.03079965,4.67540114925994e-07,6.55143651018893e-22,4.653845910697e-09,7.45338787339493e-05,4.16467307239967e-14,4.52192957072585e-13,0.205957301,3.19733804372943e-07,1.52422112748003e-24,1.13222727408561e-21,3.05351101949944e-12,4.2517869329012e-08,0.000117036,1.07688301515844e-14,2.05453692772686e-10,5.28097451320812e-13,1.32743111820267e-18,3.54980299333525e-14,5.26875737468084e-08,1.27257413637071e-16,3.27121150496062e-14,4.93400219942607e-14,1.12676158201212e-18,3.56072197887924e-09,1.97288189760724e-16,2.88762056440112e-06,3.77995996976839e-11,7.06513542972537e-18,6.49482816340625e-17,1,4.95772964625959e-24,1.72741254547828e-09,0.29805875,1.28991840037329e-10,2.05054225959576e-10,2.67907996376217e-09,4.34936780882367e-10,1.70066961524497e-20,4.09464403314881e-05,5.97810237715739e-10,0.001465929,1.31548268742788e-12,0.10300292,0.147956399,2.39370359200697e-05,9.39469608458052e-26,0.988669629,1.02822935014744e-09,0.999999997,4.98477147228345e-15,0.999999917,2.47941065049416e-08,1.5754234502894e-11,7.6167617741084e-17,0.170593097,2.9767837743957e-07,0.435112224,1,1,4.59932562349581e-06,2.02511686457098e-09,0.162542385,1.4933350283902e-15,0.999901615,6.71088516765264e-07,9.16915154126598e-12,6.42097120335364e-05,8.93528818332516e-17,4.56774553854142e-14,1.4569474350839e-13,3.51503266002514e-09,1.65527121938139e-16,5.4131613798726e-17,0.019140546,0.977249868,0.001809111,9.56997672039821e-12,9.11233450196487e-18,0.090177654,2.27126723414615e-12,0.000333293,2.98208234276231e-07,0.979697154,0.000938601,0.999549881,7.17774270320863e-14,7.47278225867485e-06,0.270042285,0.189608693,1.61897248977126e-07,0.000119227,0.000103461,1.40105078596429e-14,0.000527333,2.21477416166074e-05,0.279515144,0.046746242,8.77459626902001e-09,0.000830847,8.54345709029597e-09,4.25184732337736e-14,8.40958583252865e-05,4.20407592941086e-21,1.5631940853402e-20,0.576418829,1.9022484264376e-13,1.91097454124213e-09,5.08810151006643e-06,0.050174123,2.9665717205939e-08,7.80612928906313e-15,0.000207867,5.77351879328521e-14,3.4750905419786e-13,2.22077829820407e-08,0.000119439,0.024897147,0.580401165,1.79606230599685e-08,0.046372446,4.73206321117184e-13,7.50464631936264e-13,3.56503239497325e-05,5.27321265177323e-06,2.1144123606223e-09,7.1110455639371e-08,2.3215928446608e-21,0.00100932,3.45028847540218e-11,2.81234235892077e-07,3.23774888785137e-12,1.22765301494663e-05,0.000501976,1.30426629155082e-15
MALAT1chk1,MALAT1chk1_0_923,TRA2A;HLTF;RBM15;KHDRBS1;BUD13,0.77939574;0.69202124;0.77939574;0.225205145;0.77939574,0.583032293;0.276808496;0.735315947;0.045041029;0.77939574,0,57206.1949;40553.7397;15069.5198;12772.9501;11897.523,49.3284;35.2602;13.7309;11.7907;11.0512,15,15,761,0.583182558,0.963180865,0.977249868,0.790753883,0.5,1,0.363143074,0.393703245,0.819344786,0.981984157,0.77939574,0.200839083,0.606296755,0.977249868,0.605365987,0.5,0.593648157,0.852746303,0.977249868,0.937912637,0.989451014,0.977249868,0.969315585,0.969315585,0.969315585,0.963180865,0.606296755,0.606296755,0.5,0.662506643,0.394634013,0.799160917,0.949825877,0.790753883,0.99287596,0.963180865,0.868903699,0.984514284,0.814453315,0.185546685,0.76140169,0.897553053,0.819344786,0.984514284,0.868903699,0.977249868,0.928893379,0.814453315,0.053663779,0.820524282,0.909275396,0.276808496,0.5,0.605365987,0.788660963,0.969315585,0.977695141,0.57243393,0.852746303,0.963180865,0.881931515,0.859643667,0.045041029,0.977695141,0.102446947,0.977249868,0.788660963,0.963180865,0.984514284,0.2816589,0.735315947,0.363143074,0.852746303,0.864050645,0.864050645,0.5,0.705180724,0.969315585,0.5,1,0.70805879,0.969315585,0.977695141,0.416967707,0.963180865,0.949825877,0.895793598,0.788660963,0.969315585,0.859643667,0.95997104,0.735315947,0.788660963,0.154031615,0.846721863,0.5,0.605365987,0.926646179,0.593648157,0.092117557,0.452847721,1,0.394634013,1,0.140356333,0.852746303,1,0.799160917,0.977695141,0.883023583,0.882594355,0.723191504,0.606296755,0.5,0.29194121,0.606296755,0.5,0.394634013,0.909275396,0.583032293,0.963180865,0.605365987,0.963180865,0.824735546,0.977249868,0.963180865,0.394634013,0.209246117,0.140356333,0.963180865,0.662506643,0.605365987,0.974043518,0.70805879,0.5,0.605365987,0.729591048,0.583032293,0.963180865
MALAT1chk2,MALAT1chk2_923_1846,TRA2A;HLTF;RBM15;PPIL4;DDX43,0.5;0.5;0.5;0.5;0.5,0.5;0.5;0.5;0.5;0.5,0,81311.5289;73003.2199;38352.7046;29818.2262;28485.3256,52.2429;47.007;25.1701;19.7916;18.9516,1,1,972,0.5,1,0.5,0.5,0.5,1,0.5,0.5,1,1,0.5,0.5,0.5,1,0.5,0.5,0.5,1,0.5,0.5,0.5,1,1,0.5,0.5,1,0.5,0.5,0.5,0.5,1,0.5,0.5,0.5,0.5,1,0.5,0.5,1,0.5,0.5,0.5,0.5,0.5,0.5,0.5,0.5,0.5,0.5,0.5,0.5,0.5,0.5,0.5,1,1,0.5,0.5,1,1,1,1,0.5,0.5,0.5,0.5,1,0.5,1,0.5,0.5,0.5,0.5,0.5,0.5,0.5,0.5,1,0.5,0.5,1,1,1,0.5,1,0.5,0.5,1,1,1,0.5,0.5,1,0.5,0.5,0.5,0.5,0.5,0.5,0.5,0.5,1,0.5,0.5,0.5,0.5,1,0.5,1,0.5,0.5,0.5,0.5,1,0.5,0.5,0.5,0.5,0.5,0.5,0.5,0.5,0.5,0.5,0.5,0.5,0.5,0.5,0.5,1,0.5,0.5,1,0.5,0.5,0.5,0.5,0.5,0.5
MALAT1chk3,MALAT1chk3_1846_2769,PPIL4;SAFB;U2AF1;U2AF2;XRCC6,0.5;0.5;0.5;0.5;0.5,0.5;0.5;0.5;0.5;0.5,0,36219.5482;13304.8448;10912.3564;10623.6977;8091.2298,21.9865;8.7091;7.3229;7.1556;5.6883,1,1,3084,0.5,1,1,0.5,0.5,1,0.5,0.5,0.5,1,0.5,0.5,0.5,0.5,0.5,0.5,0.5,1,0.5,0.5,0.5,1,1,0.5,0.5,0.5,0.5,0.5,0.5,0.5,0.5,0.5,0.5,0.5,0.5,1,0.5,0.5,1,0.5,0.5,0.5,0.5,1,0.5,0.5,0.5,0.5,0.5,0.5,0.5,0.5,0.5,0.5,1,1,0.5,0.5,0.5,1,1,1,0.5,0.5,0.5,1,1,0.5,1,0.5,0.5,0.5,0.5,0.5,0.5,0.5,0.5,1,0.5,0.5,1,1,1,0.5,0.5,1,1,0.5,0.5,0.5,0.5,0.5,0.5,0.5,0.5,0.5,0.5,0.5,0.5,0.5,0.5,0.5,0.5,1,0.5,0.5,1,0.5,1,0.5,0.5,0.5,0.5,1,0.5,0.5,0.5,0.5,0.5,0.5,0.5,0.5,0.5,0.5,0.5,0.5,0.5,0.5,0.5,1,0.5,0.5,1,0.5,0.5,0.5,0.5,0.5,0.5
MALAT1chk4,MALAT1chk4_2769_3692,PPIL4;SAFB;GPKOW;U2AF2;KHSRP,0.02453248;1.97117749396316e-09;2.51603677474212e-22;2.72216497593465e-21;5.8195987015585e-97,0.02453248;1.57694199517053e-09;1.00641470989685e-22;1.63329898556079e-21;1.1639197403117e-97,1,21180.3769;7825.2171;7137.6641;6850.524;6512.8387,15.3099;6.2869;5.8224;5.6284;5.4002,771,539,2579,0.981026582,1,1,0.551153834,0.925020827,1,1,1,0.968191826,1,0.997545647,1.8225147777588e-11,0.30304606,1,1,1,0.950041985,0.999763613,1,0.999997703,1,1,1,1,0.999991799,1,1,0.999999996,1,0.999604699,0.999378985,1,1,1,5.76771873156001e-62,1,0.99886299,1.08545127911897e-20,0.97840439,0.770908915,0.999999999,0.767474561,1,0.999999985,0.999999999,0.999999988,1,0.406005877,1.00641470989685e-22,0.399950173,1,2.00324431263243e-08,7.20984995656818e-10,0.001195176,1,0.305218563,0.118510202,0.753408058,0.989832915,0.00300692,1,1,3.93029904242135e-51,1.1639197403117e-97,0.025465144,1,2.14022664245237e-05,1,0.985032375,1,1,0.428948508,0.999999974,0.999999999,1,0.999938925,1,1,0.061047435,0.951243731,0.99721597,1,1,0.02453248,0.999230492,1,0.994036335,1.57437268525793e-09,0.996404459,5.88082703884723e-14,0.99998373,0.99999983,0.000203236,0.780908221,1,0.999999982,0.99375145,1,1,0.001155585,1.57694199517053e-09,0.999027302,1,0.999999999,0.128319393,0.998425105,0.999197437,1,1,0.649141222,1,0.827242515,1,0.992792359,0.970729648,0.516964826,0.999606008,0.999957008,0.999897639,0.989600704,0.996847318,2.3198691141833e-05,1.63329898556079e-21,0.643043804,0.892783613,1,1,0.986038132,0.992983345,1,0.993936014,1,0.99999856,1,0.125482344,0.999846322,0.424892924,0.983694129,0.999996948
MALAT1chk5,MALAT1chk5_3692_4615,PPIL4;SAFB;HLTF;KHSRP;METTL1,0.378985417;0.00021881;9.06010502266335e-05;1.27162830718221e-85;0.0092777975,0.378985417;0.000131286;3.62404200906534e-05;2.54325661436443e-86;0.007422238,0.8,23281.9688;8274.3046;8216.9351;6294.6317;5809.476,26.0468;9.9015;9.8398;7.7718;7.2499,848,514,2297,0.999999999,1,1,1,0.97355118,1,1,1,1,1,0.999998459,5.76634073787501e-05,0.999968496,1,1,1,0.998923806,1,1,1,1,1,1,1,1,1,1,1,1,1,1,1,1,1,2.05201939964792e-23,1,1,0.999999982,0.999810727,0.999939065,1,1,1,1,1,1,1,0.999989922,5.21283824425798e-05,0.999936576,1,3.62404200906534e-05,0.999997802,0.999986702,1,5.51623825581472e-15,1,0.999999911,1,0.286768706,1,1,1.04968387956142e-73,2.54325661436443e-86,0.625366959,1,0.805428206,1,1,0.999999371,1,0.007422238,1,1,1,0.999984357,1,1,0.909791827,0.924607217,0.999994516,1,1,0.378985417,1,1,1,0.007881268,1,4.15007768259272e-12,1,1,0.192906489,2.85903587327132e-05,1,1,1,1,0.924111951,0.000234681,0.000131286,0.999919488,1,0.999999951,0.999999994,0.999999989,0.999999905,1,1,0.999999792,1,0.999999999,1,0.992777409,0.999964318,1,1,1,1,1,1,0.999939706,0.019269614,0.992984434,0.999846925,1,1,0.999976289,0.999871585,1,1,1,1,1,0.697663803,1,0.999425698,0.999999995,1
MALAT1chk6,MALAT1chk6_4615_5538,CSTF2T;PPIL4;U2AF2;U2AF1;METAP2,0.999283927;0.999283927;0.0063264;0.108000835;0.999283927,0.997419679;0.619760749;0.00126528;0.043200334;0.999283927,0.2,42889.9989;12104.215;12072.0691;9196.5581;8320.3485,31.7809;9.6868;9.6638;7.6001;6.9713,49,47,2492,0.774370513,0.90223057,0.999636743,0.652468319,0.88351697,0.992777409,0.929412374,0.99918132,0.973862514,0.960275388,0.761987304,0.583032293,0.743418807,0.997419679,0.999346153,0.977723342,0.665460685,0.73048673,0.851163924,0.907921008,0.993950329,0.999801485,0.998551748,0.999479178,0.999059163,0.981183558,0.906299404,0.959842372,0.997854581,0.610683769,0.972693228,0.998005559,0.998260531,0.993950329,4.68703250562246e-05,0.993981526,0.834388265,0.002415228,0.98359499,0.453164695,0.997743206,0.834726445,0.972331174,0.986434367,0.9946509,0.978113838,0.99185735,0.600076947,0.00010292,0.5582475,0.996514978,0.202942484,0.015625682,0.24489138,0.999972335,0.015138205,0.006209665,0.662506643,0.312213583,0.901123033,0.998818997,0.995803819,0.259023245,4.02862257481796e-08,0.692527451,0.997841538,0.819727524,0.988463663,0.176271069,0.994273611,0.999283927,0.937447521,0.927986003,0.981557381,0.976206731,0.983233628,0.998631698,0.993202557,0.337493357,0.977249868,0.999356788,0.999704999,0.99956131,0.619760749,0.747837264,0.799160917,0.968264027,0.662506643,0.929258939,0.018015843,0.654099621,0.909891499,0.240642228,0.970444716,0.994958465,0.70805879,0.992513584,0.998655322,0.98928284,0.728971372,0.5,0.70805879,0.987804879,0.981984157,0.459191254,0.525861089,0.583032293,0.99937851,0.904541451,0.680281989,0.998757097,0.32833717,0.999108902,0.977249868,0.5,0.4776713,0.90223057,0.915093527,0.618030596,0.720966234,0.861873762,0.043200334,0.00126528,0.803794085,0.989451014,0.842412788,0.999129149,0.55557966,0.986826827,0.999347187,0.912761021,0.997632363,0.987987837,0.987754292,0.967567411,0.868252908,0.401810349,0.96635035,0.743204159
MALAT1chk7,MALAT1chk7_5538_6461,U2AF2;U2AF1;TIA1;ZRANB2;KHSRP,0.5;0.5;0.5;0.5;0.5,0.5;0.5;0.5;0.5;0.5,0,54754.3131;41035.3653;23805.1634;21170.7501;14571.3065,37.7602;28.5498;16.982;15.2133;10.7827,1,1,1672,0.5,0.5,1,0.5,0.5,1,0.5,1,0.5,1,1,1,0.5,0.5,0.5,0.5,0.5,0.5,0.5,0.5,0.5,0.5,1,0.5,0.5,0.5,0.5,0.5,0.5,0.5,0.5,1,0.5,0.5,0.5,0.5,0.5,0.5,0.5,0.5,1,0.5,0.5,0.5,0.5,0.5,0.5,0.5,0.5,0.5,0.5,1,0.5,0.5,1,0.5,0.5,0.5,0.5,0.5,1,0.5,0.5,0.5,0.5,1,0.5,0.5,1,1,0.5,0.5,0.5,0.5,0.5,0.5,0.5,0.5,0.5,1,1,1,1,0.5,0.5,1,1,0.5,0.5,0.5,0.5,1,0.5,0.5,1,0.5,0.5,1,0.5,0.5,0.5,0.5,1,1,0.5,0.5,0.5,1,0.5,0.5,1,0.5,1,1,0.5,0.5,0.5,0.5,0.5,1,0.5,0.5,0.5,0.5,0.5,0.5,0.5,0.5,1,1,0.5,0.5,1,0.5,0.5,0.5,0.5,1,0.5
MALAT1chk8,MALAT1chk8_6461_7384,QKI;HNRNPU;HNRNPA1;SRSF7;DDX42,0.5;0.5;0.5;0.5;0.5,0.5;0.5;0.5;0.5;0.5,0,5143.1624;4641.8616;4508.2616;3293.5601;2887.0045,8.7468;7.9917;7.7905;5.9609;5.3485,1,1,1234,0.5,1,1,0.5,1,1,0.5,1,0.5,1,1,1,0.5,0.5,0.5,0.5,1,1,0.5,0.5,0.5,1,1,0.5,0.5,0.5,0.5,0.5,1,1,0.5,1,1,1,1,0.5,1,0.5,1,0.5,1,0.5,0.5,1,1,0.5,0.5,0.5,0.5,1,0.5,1,0.5,1,1,0.5,1,0.5,0.5,1,1,0.5,0.5,0.5,0.5,0.5,1,0.5,1,1,1,0.5,0.5,0.5,0.5,1,0.5,1,0.5,1,1,1,1,0.5,1,1,1,0.5,0.5,0.5,0.5,1,0.5,1,1,0.5,0.5,1,1,1,0.5,0.5,1,1,0.5,1,0.5,0.5,0.5,0.5,1,0.5,1,1,0.5,0.5,1,0.5,0.5,1,0.5,0.5,0.5,1,0.5,1,1,0.5,1,0.5,0.5,0.5,1,1,0.5,0.5,1,1,0.5
MALAT1chk9,MALAT1chk9_7384_8315,SF3B4,0.5,0.5,0,7.3587,35.1302,1,1,1156,1,1,1,1,1,1,1,1,1,1,1,1,1,1,1,1,1,1,1,0.5,1,1,1,1,1,1,1,1,0.5,1,1,1,1,1,1,1,0.5,1,1,1,1,1,1,0.5,1,1,1,1,1,1,1,1,1,1,1,1,1,1,0.5,1,1,1,1,1,1,1,1,1,1,1,1,1,1,1,1,1,1,1,1,1,1,1,1,1,1,1,1,1,1,1,1,1,1,1,1,1,1,0.5,1,1,1,1,1,1,1,0.5,1,1,0.5,1,1,1,1,1,1,1,1,1,0.5,1,1,1,1,1,1,1,1,1,1,1,1,1,1,1,1,1,1,1,1