"query","query_coords","top5RBP","top5RBP_adjpval","top5RBP_pval","top5hitpct","top5rpm","top5fc","hit_totalcount","transcript_totalcount","medlen","AARS","AATF","ABCF1","ADAT1","AGGF1","AKAP1","AKAP8L","APEX1","APOBEC3C","AQR","BUD13","CPEB4","CPSF6","CSTF2T","DDX1","DDX21","DDX24","DDX3X","DDX42","DDX43","DDX47","DDX51","DDX52","DDX55","DDX6","DGCR8","DHX30","DROSHA","EEF2","EFTUD2","EIF3G","EIF4E","EIF4G2","ELAC2","ELAVL1","EWSR1","EXOSC10","EXOSC5","FAM120A","FASTKD2","FMR1","FTO","FUS","FXR1","FXR2","GARS","GEMIN5","GNL3","GPKOW","GRWD1","GTF2F1","HLTF","HNRNPA1","HNRNPC","HNRNPK","HNRNPL","HNRNPM","HNRNPUL1","HNRNPU","IGF2BP1","IGF2BP2","ILF3","KHDRBS1","KHSRP","LARP4","LARP7","LIN28B","LSM11","MATR3","MBNL1","METAP2","METTL1","MORC2","MTPAP","NCBP2","NIPBL","NOLC1","NONO","NPM1","NSUN2","PABPC4","PCBP1","PHF6","PPIL4","PRPF8","PTBP1","PUM1","PUM2","PUS1","QKI","RBFOX2","RBM15","RBM22","RNF187","RPS10","RPS11","RPS3","RPS6","RYBP","SAFB2","SAFB","SBDS","SDAD1","SERBP1","SF3B1","SF3B4","SLBP","SLTM","SMNDC1","SND1","SRSF1","SRSF7","SRSF9","SSB","SUPV3L1","TAF15","TARDBP","TBRG4","TIA1","TRA2A","TROVE2","U2AF1","U2AF2","UCHL5","UPF1","UTP18","UTP3","WDR3","WDR43","WRN","XRCC6","XRN2","YBX3","YWHAG","ZC3H11A","ZC3H8","ZNF622","ZNF800","ZRANB2"
"XISTint1","XIST_int1_0_316","RBM15;UCHL5;RBM22;YWHAG;HNRNPC","0.999988595093114;0.00296104346105625;0.00583723054094672;0.999988595093114;3.53019241815443e-160","0.885850460310502;0.0011844173844225;0.00350233832456803;0.999988595093114;7.06038483630887e-161",0.6,"675.8217;302.3825;145.4243;71.7449;50.8328","152.1633;68.6349;33.5275;17.0474;12.37",13616,3316,102,0.012802370460109,0.939588020642189,0.99931794181737,1.73444959628686e-19,0.524793608028642,0.789194277072502,0.994437581065002,0.86451150446576,0.378236707386405,0.996746306086203,0.0427939203022828,0.00239605156797387,0.248354967389635,1,0.999999999994927,0.998878602279328,0.0163623731909329,0.000496129234428406,0.999999999905879,0.849331496350901,0.999566641167148,0.999999999999999,0.946381664831124,0.998310474681606,0.67649945186837,0.998993755479751,0.999529028396107,0.0348834709255246,0.939494522924579,0.997559534853178,0.000853343993665983,0.999935478545425,0.999993612212393,0.99997745981619,3.48569403527724e-279,1,0.659100728796967,4.40280370893679e-14,0.842316059249891,0.235935355795817,0.714516989126936,0.01207976285644,1,0.970976322132014,0.995666674998113,0.79611088194144,0.0452432573354694,0.134857682628213,1.26233262665778e-19,0.0221666124695834,0.999999999999971,0.0018545822280543,1,7.06038483630887e-161,1,0.414868170786495,0.999996089242371,0.998040628775649,1,0.0273356994877771,0.973830560748995,0.999810857377049,0.962841802398478,5.57563258900629e-32,0.141995146596824,0.999940104419356,0.509136687122912,0.99962888106199,2.71492948419746e-25,0.999999999944997,0.999811987311317,0.99999770095056,2.19766637495696e-06,0.122909840387443,0.958245403240796,0.792067113136105,0.995115346545553,0.999999999999993,0.128872841878339,0.427590432288456,0.946503484174572,0.999999999991328,0.999999753199086,0.424301389857425,0.817276481914874,3.33437335484498e-14,0.355008392926979,9.91794926669264e-06,0.0827380662807744,7.99140523402685e-10,0.676151807912393,0.885850460310502,0.00350233832456803,0.999999959291205,0.975566862783238,0.982782086629465,0.845252805110112,0.999945856378311,0.999999998549984,1,0.484114478762804,0.75524774935102,0.971491032981843,0.271712559627302,0.372088904404098,0.929345102657303,0.103783189020799,1,0.999960875604025,8.36853839680939e-06,0.872304709615861,0.43198127932682,0.999633425001935,0.759933194427107,0.659322891203745,0.99999999999904,0.999999999827314,0.147915407641432,0.193568250343431,0.545612942840757,6.37672690564e-08,3.77101357715288e-07,1.49218107405225e-15,0.0011844173844225,0.993583555635424,0.995376762997497,0.998291134272542,0.926177032716692,0.312012842579665,0.114839729240453,3.04567704452573e-06,0.99999999997922,0.892045310643907,0.999988595093114,0.722777151707149,0.99420314067919,3.42411253185255e-05,0.50110901077168,0.801255535224043
"XISTrA","XIST_rA_316_743","RBM15;NIPBL;UCHL5;SDAD1;SRSF1","2.98780159432706e-06;0.000183779841289942;0.00238386073473638;0.000183779841289942;0.000905003800059504","5.97560318865413e-07;0.000110267904773965;0.00238386073473638;9.27557797149117e-05;0.000724003040047603",1,"2302.9227;319.9974;282.7897;260.8828;200.6509","224.931;32.1158;28.4978;26.3677;20.5108",33224,4805,129,0.0452793637162269,1.0931980576523e-14,0.658224330682088,3.20451157362318e-117,0.258607617610496,0.451785671805238,0.0852506648779111,0.000160108699586291,0.0730580108129179,0.00879174403112321,8.91378566419407e-07,2.0601253449377e-06,0.459990058058196,0.984169220431424,0.0102986497895474,0.000147010650941118,7.04071802175698e-05,1.94404790167858e-30,0.00114836539906212,0.0399868276130355,2.89279746977359e-07,7.07603443652009e-05,7.88669611108442e-12,0.713439178726956,0.00031963097280076,2.16240549704207e-06,2.08267949543774e-09,1.04525484962449e-22,2.11214761145274e-09,0.0442848699647493,1.9673568243103e-20,1.46146334368914e-13,0.490279546640264,2.37376412946699e-17,0,0.998458772438039,0.00741200920933883,7.84657786257967e-138,0.087513530250035,0.000549566793168375,1.01307886644477e-13,1.84649249324238e-13,1,1.64599911869928e-06,3.59089081002122e-05,9.3436890374465e-07,1.16007543247219e-36,0.000126114113413041,1.50816935627731e-31,0.00860455528732323,0.999972456651863,0.380594722842346,1,1.06253122012721e-285,0.810596016015034,1,1.70779606490659e-26,0.999999999446839,1,0.467643114159544,2.00114948167817e-05,1,1,2.66266434817057e-182,0.056345683867637,4.66876604959501e-12,0.143557445820087,0.567930932142461,4.34935492792046e-142,0.99987637150632,0.573630456435044,1,8.04700713268813e-63,5.43166253116237e-06,1.49983554585763e-21,0.000110267904773965,0.344870822464248,1.29171648944834e-05,0.000388294801790293,0.000368574504585319,0.744482882659243,0.0098625549104761,0.000446945697453421,0.767393602444904,2.01117624250366e-10,1.49318466456339e-52,0.000140612181033505,1.1311737853512e-05,4.09045296708859e-10,1.19975973636598e-12,0.0446046169614596,5.97560318865413e-07,1.73514103511995e-13,1,0.383320729766532,6.80287534015068e-06,7.93370542568084e-08,0.0718865069452717,0.999999987166821,1,0.99999980769937,4.97383548602272e-12,9.27557797149117e-05,8.53466085573957e-07,0.000503980291952785,0.439801729340082,0.0121493820013872,0.999999999999995,0.178947232962269,1.20509677508713e-07,0.000724003040047603,0.000122259531114891,7.81678407138012e-06,0.00014711515830534,0.92966906528505,1,0.963800555215137,0.000409777740147647,9.30578506495289e-69,0.391973111240826,7.28049352584233e-31,3.6549761548064e-100,1.78506225338529e-144,0.00238386073473638,0.999999765486673,0.552009698506395,0.0148572354134816,0.610390238065206,0.154551145290716,2.7914053692052e-14,2.3486867908794e-14,0.0169923194283449,0.573783868601112,0.502330969434769,0.999429263583964,0.995634949553083,1.36022531130683e-07,0.0693735037354383,4.48075625778267e-13
"XISTrF","XIST_rF_743_1807","HNRNPM;RBM15;EXOSC5;UCHL5;FXR2","0;1.13370904448424e-70;2.6238907869201e-169;2.16939671547912e-28;8.86930977166947e-95","0;9.06967235587392e-71;1.04955631476804e-169;2.16939671547912e-28;5.32158586300168e-95",1,"2292.1648;1570.2157;1478.4924;1338.911;547.3371","82.0025;56.4896;53.2482;48.3156;20.3423",10677,3923,253,4.79800082951584e-79,8.73805415244241e-120,7.05468685966058e-41,8.64068854711578e-186,8.343556155104e-22,5.62370482962314e-23,1.17926177580181e-115,2.13349467570311e-69,7.31905742557156e-40,2.7907275915196e-99,8.97713324940286e-40,1.22438989332797e-08,1.15766406471696e-58,1.38598090849942e-211,1.37977915202021e-181,3.28926066076286e-87,8.77837319156536e-18,1.19068442362057e-114,6.88639891708074e-140,3.63521370342619e-53,3.95643951091285e-108,1.54479954126347e-150,1.72253776200934e-134,2.12380533551052e-40,1.98567940963061e-101,4.92938450917406e-78,3.59495121425157e-136,4.23521508079913e-170,4.73522549039599e-67,8.12910288012227e-123,1.30210008531509e-91,8.17564109881265e-105,5.12044417224938e-140,2.40274806635901e-273,0.999999999999998,3.23007714040678e-174,6.4757385057741e-54,1.04955631476804e-169,5.1123561989848e-60,6.9166677140976e-100,1.78976425664856e-69,2.51699082309727e-133,2.34482128147387e-168,8.31223145649228e-44,5.32158586300168e-95,5.94905990155222e-36,1.07761276520949e-170,1.75610886149643e-26,1.95556442457038e-38,4.21569441824987e-27,2.93198423621029e-213,0.000181387305637012,2.33356376244035e-119,1,0.0161158465265101,1,0,5.65653301491801e-100,5.48464770790746e-142,1.50959528457146e-05,2.88929984106981e-53,0.700780179460516,1,1.25603894351238e-13,2.47589731320283e-46,6.2580352554414e-92,1.3046879017103e-13,2.6209820955111e-71,0.00080586447835074,2.91954881519967e-28,9.5540467255138e-50,1.11448770401314e-50,7.42499014341027e-218,4.44779443091111e-83,8.55950458977291e-143,5.66418885249609e-43,7.63124096926803e-75,2.54747770666864e-183,3.61450043743479e-24,6.89008729610571e-10,1.78762448684486e-10,6.93768719616205e-38,6.65446211792337e-109,9.63822226627879e-34,1.58299413193843e-95,1.46675374521626e-18,1.14579998243921e-24,6.95441175346844e-09,8.10390258527886e-46,0.946143268513614,4.43013410001538e-114,9.06967235587392e-71,5.73721150760134e-27,5.85542508545435e-11,3.70535856499281e-59,1.1505991401552e-47,1.60057856267662e-63,1.5553076672587e-89,2.68612662445564e-27,3.65939006296363e-32,1.14660334088262e-12,5.54607196993415e-31,3.91122335590584e-38,6.76165147328226e-16,4.20953979236875e-43,7.10272773237235e-29,5.56853561604282e-22,1.42168542953342e-165,1.13103343819933e-104,1.33562635118695e-15,1.76292764947973e-74,2.08364294291577e-54,2.7972150859957e-83,1.07286939971821e-11,4.00294065387245e-21,7.96327824746789e-115,9.56672283701154e-106,6.84019244805289e-104,4.38652550437469e-156,7.2575071225125e-54,4.69068696817461e-61,1.23595018046803e-73,1.17025419085016e-25,2.16939671547912e-28,6.7096294883533e-06,2.46816604577125e-57,5.89372308539969e-64,2.93974674406257e-38,8.62107411159007e-47,1.87337433042106e-95,3.67586178291198e-54,2.62177174695212e-196,3.16905683828366e-12,4.6274843246886e-67,1.07962075922112e-35,8.03582032390491e-47,3.57160124055594e-23,6.9869893488099e-20,1.04839535130657e-142
"XISTint2","XIST_int2_1807_1951","EXOSC5;HNRNPM;TIA1;HNRNPK;UCHL5","8.55164293194661e-13;6.51872010596067e-74;1.3261850294741e-93;0;0.249024729984781","6.84131434555729e-13;3.9112320635764e-74;5.3047401178964e-94;0;0.249024729984781",0.8,"199.972;106.2703;77.4418;65.1659;58.32","48.5402;26.2641;19.4106;16.4922;14.8646",44199,5455,50,0.0516471650353635,5.88934080425745e-08,2.66955870052406e-09,4.02574155411529e-14,0.927412018332939,2.8096802512446e-17,0.000866582928506964,3.16844552329342e-19,9.39872728403464e-06,8.34782712801815e-19,4.56638990849242e-05,0.819219261454015,0.943220288521399,3.60348595901154e-25,9.01825650709611e-41,8.83020055679568e-06,0.00925441364712242,2.30326745263902e-13,2.67626736065612e-12,3.31932074694164e-10,3.10838622886201e-22,2.56763173201202e-15,8.35267256521881e-28,8.70321509994172e-16,4.94364305335256e-06,1.30699418440684e-35,4.30367053644786e-17,1.52087034506381e-18,1.32142133251742e-10,5.17287262949443e-05,0.0573920153557792,5.99165712827472e-15,5.58285640256116e-27,2.12161917611436e-46,0.861992488566857,2.70791811759758e-33,0.000161640508794616,6.84131434555729e-13,2.25817832555982e-06,0.958052645073342,4.10875676601571e-18,0.0193048833358039,3.01703446951527e-05,9.78711737068666e-18,4.08915049035333e-22,6.19678094110263e-07,6.2314854161582e-19,0.0166717660131476,0.913514508723397,0.00775535485681655,3.57127538616835e-07,0.999999999999963,0.999955051719913,0.0108800516968121,0,0.535948514654136,3.9112320635764e-74,0.0215165412713896,0.824058052004601,2.07174187460601e-06,3.71165260251633e-22,8.68464773358552e-33,1,4.9151896141058e-09,0.999997777446533,3.75952797585206e-13,0.633982613370371,2.35385398183324e-14,1.65831122580613e-82,5.25970129674016e-09,9.13622568346521e-17,0.999999999915826,4.94049496145403e-18,4.14459255880834e-10,1.56138978672307e-11,0.207993796693089,1.16628322588536e-12,2.86231692998273e-116,0.00732836787845684,0.34428496625434,1.50515445163867e-08,3.74391585799867e-64,2.85009614222242e-19,0.747544831575977,1.17784202561882e-29,1.65300959036149e-30,2.06855251080052e-07,0.0628132115577936,1.79322984583392e-09,0.381848570233956,0.0199794468438505,0.0049012246748806,8.44935048107378e-09,0.999999362677441,4.81840631351256e-15,8.33236552776333e-07,3.57890952075245e-07,3.27596395655759e-37,0.0800365154147441,1,0.902913578406727,9.88997437484828e-07,4.56674736964061e-06,0.000498239087818677,0.0234412830323615,2.89967475782778e-06,0.0822134779849946,6.78480572839675e-06,1.89995751597584e-13,5.19237839264992e-09,6.52888069143274e-22,7.19999662766475e-07,2.93177659853528e-17,0.01302822621768,0.530894694686103,0.999911724456304,5.13175776654269e-59,2.94592520596231e-08,5.3047401178964e-94,0.0491618063468277,7.98858553994891e-15,6.73952069204779e-23,1.11555930074965e-14,0.249024729984781,1.22129025071252e-05,0.00023990991120145,1.23221081279286e-05,0.102428011834259,0.299695496554419,7.56438585831098e-10,0.00693549972089282,6.06570559426865e-39,2.31738348796147e-09,1.66335273960377e-07,0.213168123049078,0.000407955746598073,2.32738162280429e-05,0.00544954671096439,5.95494924925599e-14
"XISTrB1","XIST_rB1_1951_2041","HNRNPK;ILF3;CSTF2T;PCBP1;DROSHA","3.0218158691554e-228;0.998648986987007;6.6934986568328e-61;2.43259729897203e-109;4.72690264889094e-47","6.0436317383108e-229;0.998648986987007;4.01609919409968e-61;9.73038919588813e-110;3.78152211911275e-47",0.8,"41.2885;17.5834;10.6802;8.2477;6.8758","145.9918;62.747;38.5053;29.9633;25.1457",12687,4444,45,8.07995618906285e-05,1.99026165144936e-39,3.04903760386614e-60,1.42692260544168e-14,0.190716308520017,4.68656443801077e-33,6.51903485733329e-08,3.2130286184468e-88,3.64423307086614e-19,5.98612022877493e-32,0.347695670232684,0.197011177409889,0.481093883778623,4.01609919409968e-61,3.92073339482568e-125,1.45346816537267e-37,0.99999992260277,8.20178071852201e-92,1.30089604835012e-93,3.94603682112693e-16,3.58237976350494e-70,6.93554872748934e-80,1.35891508390807e-50,1.87885550203604e-46,5.1115100464324e-23,3.07454730442658e-55,2.24004271866037e-72,3.78152211911275e-47,4.64227048213127e-69,9.28708434265518e-10,1.87284279533768e-38,1.68550253130679e-147,3.24756836934873e-62,5.01442343337368e-84,1,5.19884106663715e-64,2.07421747976086e-11,0.999197023401663,1.00284798772606e-09,0.000538999443318156,3.63971472863845e-54,3.72607029227701e-30,1.18507845632289e-06,5.48776868370563e-54,2.58611844162137e-100,6.54940317048753e-38,1.43252953171925e-99,6.95434179695137e-06,0.999999979074259,0.992539421885615,7.69282362198395e-35,1,1,1,6.0436317383108e-229,0.999999999999887,6.3734685766145e-30,0.0172155008568169,0.999935269898926,0.999763513261159,1.51151522852667e-68,0.998648986987007,1,1,0.360946632657832,1.1033202791196e-83,0.999999922820122,4.12992846684019e-24,0.999999775072954,7.14792240603211e-41,2.11308534281153e-44,0.997610818717628,4.35916065792581e-59,9.70435365940185e-18,1.17067296413856e-76,8.19193347982546e-12,4.23758374524162e-14,1.25196234849263e-99,0.000447637733812445,1.94060885286952e-05,2.14953385071733e-19,9.73038919588813e-110,6.78731040804929e-81,0.994179930862637,3.3788328377218e-26,2.1061961925016e-10,7.82815975325934e-14,0.54263939556823,4.02887423196241e-19,0.545837712620822,0.99999139031217,6.22359024621408e-32,3.52399497242055e-08,0.0142845338876363,1.13006672481968e-37,1.52307405281888e-46,3.62836126388046e-38,3.75082472335721e-123,1.59138560497628e-28,1,0.999999999999021,7.42207844524821e-30,1.06358021270989e-70,2.31312415841471e-46,1.76133826059813e-06,0.00978026048469325,1.37445666579581e-07,2.8820054958171e-103,6.38698135056565e-28,0.876518653330859,2.29390987610634e-46,1.028622121945e-09,3.02949078189897e-127,1.22266695416807e-22,0.00443815036061332,1,2.46163124314858e-25,3.39821745214373e-09,3.26167310170149e-82,5.05440644373053e-09,2.3546355494678e-09,2.31244257314837e-31,0.0481300983875757,0.999999872131167,0.437967771930065,9.76880723492704e-25,1.70947832199224e-30,1.0530034844534e-13,1.09458505500899e-06,3.97745314405941e-39,0.452175325885679,1.65350343428978e-143,6.78158850886947e-11,1.09967166354314e-41,0.230169085360069,6.26990045597802e-08,0.645074506487615,1.00041129616686e-08,3.75050989205936e-40
"XISTint3","XIST_int3_2041_2781","HNRNPM;HNRNPK;KHSRP;EXOSC5;ILF3","1;1;0;0;1","1;1;0;0;1",0.4,"306.4245;179.9498;118.3448;85.7545;85.3208","30.5043;18.3266;12.3949;9.2569;9.2152",150895,4970,386,1,1,1,0.999999999999997,1,1,1,1,1,1,1,8.1954860608811e-34,1,1,1,1,0.999867433795677,1,1,1,1,1,1,1,1,1,1,1,1,1,1,1,1,1,0,1,1,0,1,1,1,1,1,1,1,1,1,1,9.55017128077759e-145,0.999999999999968,1,0.000127325189078143,1,2.61152618869121e-168,1,0,1,1,1,5.33676856401227e-37,1,1,1.97156210430845e-195,0,1,1,1.66737945463016e-15,1,0,1,1,1,1,1,1,1,1,1,0.999999999999996,0.999999999999992,1,1,1,1,1,1,1,2.0986461723237e-81,1,0,1,1,3.92085067582641e-06,1,1,1,1,1,1,1,1,1,1,1,1,1,1,1,1,0.334802511464896,1,1,1,1,1,1,1,1,1,1,1,0.999996574662317,2.58327424486619e-241,1,1,1,1,1,1,1,1,1,1,1,1,1,0.999315626811549,1,1
"XISTrB2","XIST_rB2_2781_2919","HNRNPK;DROSHA;DDX42;PUM1;DDX47","1.25832960724915e-289;5.24217013620541e-53;1.55401292499558e-93;1.05485397715011e-08;6.01389567520222e-86","2.51665921449831e-290;4.19373610896433e-53;6.21605169998232e-94;1.05485397715011e-08;3.60833740512133e-86",1,"350.6136;58.5477;16.1884;14.9146;9.4526","100.8688;17.6767;5.6111;5.2483;3.6925",15098,4853,42,6.08879990664696e-05,2.1240637183875e-41,2.01683961507352e-57,1.13991356119572e-25,0.999991623687536,1.14105329925334e-46,6.32198718957283e-10,1.92276896970498e-101,1.07944677501276e-10,4.72725042354178e-37,0.980736227934873,0.94285166706847,0.999771661504597,3.78494530578812e-82,1.93413952729702e-158,1.86543369762564e-34,0.999999999999998,1.8312988059136e-85,6.21605169998232e-94,0.00112671704403392,3.60833740512133e-86,3.93784117069416e-92,1.82598900700502e-49,1.0604800472063e-39,9.03026902331351e-19,3.96255529986903e-65,2.46527905973893e-77,4.19373610896433e-53,2.67557476075983e-77,1.18337955634287e-10,5.67056804197466e-29,1.11847920664306e-158,1.7058259143056e-62,4.92611088624515e-109,1,3.40080812494248e-114,0.00246394770966087,0.999405533510924,3.61023155665168e-06,0.390065641636325,9.01823047908872e-40,4.80328785313475e-25,6.66353483524323e-20,3.43399152132679e-40,1.41347880543308e-85,7.27213745970164e-32,2.53338119515447e-117,0.00427952268053153,1,0.999999995312868,1.06860491781781e-37,1,0.999953110825628,1,2.51665921449831e-290,1,1.76497099851284e-38,0.239329103293176,0.751036492737106,0.999999999999556,4.70391081426195e-51,0.981475953471643,1,1,0.896313207058009,9.62592865763402e-94,1,8.39999077207204e-28,0.989390006996785,1.303244859306e-49,1.94468773093098e-37,0.999831634589127,1.15316707804705e-97,9.14830512815777e-13,2.54571620807217e-67,1.10049783066947e-11,5.75590369447465e-19,2.57427572369423e-157,0.0988722810537502,0.00427566662445171,1.70728472369392e-15,3.70533716741813e-125,4.81502927304604e-81,0.999999078539647,4.74256279271444e-25,2.639399875691e-08,1.05485397715011e-08,0.999832144654148,2.54605938779337e-17,0.996978602467755,0.999987917924611,4.00826175540275e-29,4.17102928356456e-10,0.00681775096981746,4.27506070778641e-29,1.93740473847009e-46,3.54748441993914e-27,5.32146115397005e-100,1.55395820866178e-33,1,0.999999999828799,1.19969634000465e-26,1.20698020638814e-81,1.65138909996092e-44,0.0135576924589269,0.000741311591202096,1.33663932031437e-08,2.35859223627499e-123,2.23234738359025e-37,0.999497192896741,4.78550643388878e-30,0.0847313125679415,4.02978415054034e-153,3.98693939157289e-20,0.0346273100113317,0.999999998627188,2.8661897157933e-19,2.84681564452072e-09,1.10530776497212e-115,0.0102175446557942,4.34118760106071e-08,5.58788906540121e-22,0.947770701868317,1,0.282782231208507,3.86247263621659e-20,4.17897948050145e-34,3.58064617825296e-12,0.0316148890589685,3.24954686027702e-37,0.827924819564194,5.00905285068823e-176,2.92283205857365e-08,4.60788512641716e-36,0.0166262810043226,3.83115840377075e-07,0.999996481764474,1.07027405525373e-07,8.3150028019827e-36
"XISTint4","XIST_int4_2919_4516","HNRNPK;HNRNPU;DDX42;DROSHA;ILF3","0.645649308728175;1;1;1;1","0.129129861745635;1;1;1;1",0,"687.9125;224.6321;39.2311;38.9086;36.5675","29.2588;10.2277;2.6116;2.5983;2.5022",80126,4601,281,1,1,1,1,1,1,1,1,1,1,1,0.999898627289385,1,1,1,1,1,1,1,1,1,1,1,1,1,1,1,1,1,1,1,1,1,1,9.10639545661796e-267,1,1,5.39316805185363e-140,1,1,1,1,1,1,1,1,1,1,1,1,1,1,1,1,0.129129861745635,0,0.183359522439428,1,1,0.133904429063607,1,1,3.69501734544945e-14,0,1,1,0.812309988302929,1,0,1,1,1,1,1,1,1,1,1,1,1,1,1,1,1,1,4.89328740747202e-88,1,0.210624907950415,1,2.38060770137221e-201,1,1,0.999992427088169,1,1,1,1,1,1,1,1,1,1,1,1,1,1,1,1,0.999999999460009,1,1,1,1,1,1,1,1,0.999911204662396,1,1,1,6.02800023724732e-14,1,1,1,1,1,1,1,1,1,1,1,1,1,1,1,1
"XISTint5","XIST_int5_4516_6113","HNRNPU;HNRNPK;LIN28B;HNRNPL;HNRNPA1","1;0.0182469195568853;1;5.4460556622233e-292;1","1;0.00729876782275412;0.999779011331633;1.08921113244466e-292;1",0.4,"173.9745;123.8782;108.0825;55.7087;54.2986","8.5213;6.3555;5.6726;3.4084;3.3474",75018,4565,282,1,1,1,1,1,1,1,1,1,1,1,0.971008625587338,1,1,1,1,1,1,1,1,1,1,1,1,1,1,1,1,1,1,1,1,1,1,0,1,1,1.43909507621631e-103,1,1,1,1,1,1,1,1,1,1,1,1,1,1,1,1,0.00729876782275412,1.08921113244466e-292,0.999872734271376,1,1,0.0158366516564169,1,1,0.999999999999945,0,1,1,0.999779011331633,1,0,1,1,1,1,1,1,1,1,1,1,0.999999999968828,1,1,1,1,1,1.89422465664577e-112,1,0.030336084914227,1,1.17811440639694e-137,1,1,0.999999999192093,1,1,1,1,1,1,1,1,1,1,1,1,1,1,1,1,0.999999309623431,1,1,1,1,0.999999999999798,1,1,1,0.875130252558123,1,1,0.999999999999227,2.64449850254908e-48,1,1,1,1,1,1,1,1,1,1,1,1,1,1,1,1
"XISTrD","XIST_rD_6113_8140","HNRNPK;HNRNPU;DDX42;HNRNPL;HNRNPA1","6.89431313299745e-62;0.999999978841582;0.0234975337702592;4.76162968519242e-09;0.999999978841582","1.37886262659949e-62;0.999999498331638;0.0140985202621555;1.90465187407697e-09;0.999999978841582",0.6,"1372.0742;274.1589;132.548;117.404;69.279","47.4764;10.2866;5.4898;4.9768;3.3467",1017,765,240,0.248369037774778,5.02370247768336e-09,7.29954760829202e-05,2.13358275577735e-13,1.47085032191815e-07,1.97540427946387e-08,2.33413943435262e-07,0.000373942432131305,0.212415570727018,0.011082274902251,0.957330324211856,0.66469915854699,0.999154937792098,9.15078957091315e-15,2.19627386070086e-15,0.0733863746901652,0.560207292356401,0.525886278073512,0.0140985202621555,0.764573955784905,1.27867674966661e-08,2.63074084513943e-05,1.60835679403312e-06,0.0152917144564863,0.0033473541496963,0.00384766065171247,5.79586274118145e-10,2.5901643754674e-11,0.000297470600244462,0.839087625092448,0.100410953159171,0.00401224024889166,1.83407746823927e-18,8.10289986164819e-20,0.999999999999967,3.94157978906654e-07,0.79760754968022,0.902755238538239,0.496250620257759,0.975200836638219,0.321542391108537,0.924152674787749,0.800107391631017,0.0102863753997059,0.00300087750507273,0.00217742418250245,7.9945143771312e-07,0.956624919044062,0.999999997792386,0.999992821754665,9.40342289215963e-14,0.999999997208877,0.999999978841582,0.999999999998573,1.37886262659949e-62,1.90465187407697e-09,0.999259846890278,0.749450933918399,0.999999498331638,4.08930693594256e-06,0.000203221688498295,3.72336920845355e-17,1,0.999999774156349,0.957567290376666,0.000624909950606071,0.999999497796602,0.659553894832997,0.000160664056151707,1.80752427427475e-05,0.000770111587961856,0.999999844185103,6.27643745754691e-19,0.450907133974485,0.595385444290884,0.815284421399329,0.429061246992495,0.000774857662494543,0.276644603419124,0.669826950324788,0.0184931425450998,6.19885664837157e-25,5.83272624437304e-08,0.999249894886313,0.143407465140636,8.89985973237701e-18,0.168895416991926,0.391252196921472,0.0627152312753937,0.9954344088006,0.0670213229697103,0.93351737324375,0.69582933245665,0.95999609444387,0.744110616675946,0.0625893617293953,0.884667502730789,0.000745746179893576,0.361535579817924,1,0.99999997860737,0.182677229061528,0.000387853674822286,0.0679114322734683,0.314746679066801,0.999791754082822,0.114709084363985,0.0204600938809685,0.312715145408778,0.46353354790901,0.315974273285622,0.000796101100320855,3.61412171843438e-09,0.093655850633884,0.332894281974699,0.999999993856065,2.73460722135988e-28,0.0923942813060233,0.113100011695983,0.991414582108828,0.184833283879875,0.438378938633348,0.241210076458858,0.999999951372351,0.125643348124707,0.428145728138756,0.391278234414916,0.318652426547922,0.613611921961405,0.000356379072403517,0.994970758153668,0.000301543635661831,0.311360284139739,0.112890889824571,0.991574810190227,0.151505184577662,0.999794476936566,0.682171218918062,0.000562787724387257
"XISTint6","XIST_int6_8140_9207","HNRNPU;HNRNPK;HNRNPL;ELAVL1;HNRNPC","1;1;0;0;1","1;1;0;0;1",0.4,"134.2318;119.309;99.4251;56.9696;25.4818","8.4333;7.6069;6.5058;4.1548;2.4111",76882,4569,278,1,1,1,0.999999999689807,0.999999999999991,1,1,1,1,1,1,0.0191855009053561,1,1,1,1,0.99999999265249,1,1,1,1,1,1,1,1,1,1,1,1,1,1,1,1,1,0,1,1,5.73448799971979e-130,1,1,1,1,1,1,1,1,1,0.999999999999997,0.988498844835281,1,1,1,1,1,1,0,0.136775232455333,1,1,3.9354902565266e-10,1,1,1.31417574139346e-05,0,1,1,0.726418584406272,1,0,1,1,1,1,1,1,1,1,1,0.999999999826147,0.999999999999807,1,1,1,1,1,6.33249615001493e-25,1,9.83638478354376e-13,1,1.58105536014208e-165,0.999999925621335,1,0.557066133605034,1,1,1,1,1,1,1,1,1,1,1,1,1,0.999999999998471,1,1,0.949313411432311,1,1,1,1,1,1,1,1,0.632039460651085,1,1,0.999619145322874,1.06644994492884e-62,1,1,1,1,1,1,1,1,1,1,1,1,1,0.999999999925625,1,1
"XISTint7","XIST_int7_9207_10274","HNRNPK;HNRNPU;DDX42;ILF3;DROSHA","1.13791195775938e-125;1;1;1;1","2.27582391551877e-126;1;1;1;1",0.2,"560.3586;94.9349;30.0743;28.0194;22.0591","28.1153;5.5938;2.4553;2.3558;2.0674",81943,4974,305,1,1,1,0.999999999999894,1,1,1,1,1,1,1,0.99419195919218,1,1,1,1,1,1,1,1,1,1,1,1,1,1,1,1,1,1,1,1,1,1,0,1,1,1.08218478304955e-178,1,1,1,1,1,1,1,1,1,1,1,1,1,1,1,1,2.27582391551877e-126,0,3.21725198385925e-19,1,1,2.33151849153159e-09,1,1,0.999485607064765,0,1,1,0.996354268908432,1,0,1,1,1,1,1,1,1,1,1,1,0.999999999999749,1,1,1,1,1,4.68908693195339e-243,1,1.65273320439394e-06,0.999999999999996,2.26315707556149e-146,1,1,0.962914144819969,1,1,1,1,1,1,1,1,1,1,1,1,1,1,1,1,0.925200447738539,1,1,1,1,1,1,1,1,3.92168779756072e-14,1,0.999999925753871,0.857471264908765,6.16432377391451e-104,1,1,1,1,1,1,1,1,1,1,1,1,1,1,1,1
"XISTint8","XIST_int8_10274_11342","KHDRBS1;DDX43;NOLC1;KHSRP;U2AF2","0;1;1;0;1.50288293132052e-60","0;1;1;0;9.0172975879231e-61",0.6,"63.176;46.2824;41.5475;40.1222;36.4272","3.9446;3.1572;2.9365;2.8701;2.6978",152181,4769,381,1,1,1,1,1,1,1,1,1,1,1,1.64956548930305e-31,1,1,1,1,1,1,1,1,1,1,1,1,1,1,1,1,1,1,1,1,1,1,0,1,1,4.50763918391899e-25,1,1,1,1,1,1,1,1,1,1,1.51544039578577e-41,1,1,2.07895034709243e-33,1,0.0682060626869992,1,0,1,1,1,3.56947348270776e-14,1,1,0,0,1,1,0.999959598131114,1,3.15228378641671e-13,1,1,1,1,1,1,1,1,1,1,1,1,1,1,1,1,1,1,6.44948836725396e-28,1,0,1,1,1,0.915712423744252,1,1,1,1,1,1,0.997408428760907,1,1,1,1,1,1,1,1,1,1,1,1,1,1,1,1,1,1,1,1,1,9.0172975879231e-61,1,1,1,1,1,1,1,1,1,1,1,1,1,1,1,1
"XISTint9","XIST_int9_11342_11922","DDX43;ZNF622;GRWD1;EXOSC10;ILF3","0.718072082921159;0.718072082921159;0.718072082921159;0.718072082921159;5.58558012868405e-07","0.467254385877312;0.718072082921159;0.63673543331199;0.552652935466034;1.11711602573681e-07",0.2,"352.0838;187.4507;180.2003;163.2329;154.268","28.4234;15.6003;15.0356;13.714;13.0157",4909,2383,224,0.532745972833936,0.999998511773636,0.973652181744526,0.999999999999915,0.829181615621389,0.97569832077256,0.999302089373168,0.98974110178685,0.823670172561685,0.994646542417537,0.951521551174885,0.999642957378926,0.999362462152287,0.999999978993694,0.999999998643982,0.983305672864026,0.948958151047164,0.998420441668595,0.996924990758975,0.467254385877312,0.997266270174931,0.998612598167863,0.999982796440412,0.857067543862773,0.999704156924412,0.834334777537867,0.99994891206074,0.999999987983936,0.999341934266617,0.997049864195886,0.999872499740588,0.999992441090925,0.975506517036794,0.999999999995152,1,0.999999999999995,0.552652935466034,0.999862414850574,0.999835105227136,0.999953288726993,0.999152142362904,0.994660613004569,0.999617957837827,0.991884115606622,0.996543137721227,0.90328853686026,0.996149040800548,0.663965707493938,0.997789024978298,0.63673543331199,0.999999916526097,0.372607016681245,3.68739587677936e-15,1,6.87778167936366e-13,0.0407961406679857,0.964850653783111,0.978079758474838,1.18431809804957e-15,0.185622399773046,0.902374507669008,1.11711602573681e-07,0.999999999896145,1,0.869766549848247,0.999991859746633,0.884347610973643,0.999569001234903,2.09733876960827e-09,0.918278410761477,0.980884186939577,0.796277717269501,0.999999999999372,0.967932080276472,0.994408636437717,0.987666960857438,0.959710248582785,0.999999999997757,0.950833551204396,0.98726851397697,0.973156074145951,0.989957399370065,0.999023592694326,0.780013889430805,0.999486989718721,0.109769590926175,0.981928978976747,0.920454625670093,0.591131837189958,0.891620092886814,0.645810886712548,0.869392518667764,0.988806595541841,0.134562170935974,0.795247524195671,0.946595642039192,0.854352201857884,0.88598571370424,0.341010124069489,0.0340176511401233,0.0114555512029424,0.938415218751225,0.966443663798644,0.984210847248137,0.332540488800576,0.999999945492539,0.577469575794764,0.997417739203046,0.999999649080965,0.259374233276284,0.975847402950043,0.785439409256883,0.992400794964818,0.98038995273061,0.667177510200154,0.363422200011298,0.995761628527318,0.969279990238566,0.999997326966597,0.822412332376919,0.876678878549631,0.987705291613418,0.893332409001831,0.724308908073771,0.948328364824844,0.873811123720746,0.964973114431013,0.701436283245445,0.859930090153628,0.991376949767341,0.999324083085774,0.999999688029012,0.331291336464419,0.952299756524451,0.837861602470009,0.779978068703603,0.718072082921159,0.854482922720203,0.999999999222818
"XISTrE","XIST_rE_11922_12586","PTBP1;MATR3;MBNL1;TIA1;SND1","1.63090394988799e-163;1.63090394988799e-163;0.970455814449023;7.86551351536937e-27;0.050294371397721","3.34816659402043e-164;6.52361579955197e-164;0.970455814449023;4.71930810922162e-27;0.0402354971181768",0.6,"3717.4101;1321.115;302.6957;201.5005;145.1482","173.3181;62.2394;15.0313;10.3404;7.7282",4172,1906,178,0.989858625749398,0.147267248131663,0.970223109840809,1.34356201230402e-28,0.997871786961882,0.999831822206903,0.999993239657823,0.00033954653983642,0.989315261857939,0.999999999984405,0.999998671137195,0.920626375388957,0.999929012015674,0.00343697057165394,0.759430759085948,0.928574604019036,0.988485505181402,0.0753721028801772,0.999984053284078,0.999999925633075,0.477443568665153,0.871418930863189,0.0309665217968315,0.999746879451461,0.998131259198193,0.377113801531249,0.358980284567345,0.611203649646298,0.695518014829294,0.999998127409145,0.343028680610135,0.889391565157167,0.114651395335654,1.3254758063872e-11,1.11222874565783e-141,0.996984537751203,0.999941019300873,4.63466958348775e-49,0.996887706283211,0.999997355317833,0.984606375005247,0.897257964080167,0.999999999999628,0.995929265184412,0.99906472998221,0.649783453862505,0.00165630791149987,0.729443777759177,0.999997533966468,0.999999999763272,0.975915137783523,0.999999983196565,1,0.8523566855161,3.75099918116774e-27,0.972032003706125,2.21223288882992e-22,0.988423087033536,1,0.124217877439266,0.652159119456171,0.000455181796161948,1,2.65643588024114e-51,0.999999577952748,0.884295014769881,0.999561151427658,0.987816313314172,6.52361579955197e-164,0.970455814449023,0.999999748746984,1,9.9975561920087e-12,0.999171985771357,0.503558064104871,0.999907816853174,0.999945731378041,3.02424238080846e-06,0.428802782863097,0.371510990050866,0.999956455814912,2.64773352185411e-10,0.424917228024802,0.999999999913337,0.99015098709391,3.34816659402043e-164,0.999951029784928,0.715004114339456,0.825295170121332,0.00188731685155972,0.373818048455979,0.999999996637879,0.970950641236408,1,0.853056407338551,0.700297122253362,0.860927712517963,0.998746330933223,0.999999523380118,1,1,0.341806661877031,0.734364732538045,0.0282591501119298,0.572855765848634,0.999999999571578,0.288036749412288,0.999999999983615,0.999907244213685,0.0402354971181768,0.999912232807067,0.813444852914248,0.850859718688395,0.820626246788752,0.91791735673133,1,5.96637874903754e-15,0.609570558761058,4.71930810922162e-27,0.999907062896543,0.00224173090350521,5.2895192528211e-19,1.02767985634194e-45,0.999997892220686,0.999999804193488,0.979004153311607,0.970016005779749,0.994707401683047,0.991493536751724,0.465451048301517,0.999983358497768,0.999998922749017,0.999653334225381,0.999992077004409,0.999978479874518,0.78547100525677,0.999997219442699,0.999481959548604,0.00117047407743365
"XISTint10","XIST_int10_12586_13917","NOLC1;DDX43;TRA2A;GRWD1;UCHL5","0.999994114269609;0.00256843381758609;0.00155860613027511;0.00198429669149833;9.2902072354468e-05","0.999994114269609;0.00205474705406887;0.000623442452110044;0.001190578014899;1.85804144708936e-05",0.8,"359.4871;281.7753;264.6232;247.8739;234.6695","16.3871;13.0608;12.3266;11.6097;11.0445",11615,3438,332,2.00840591356008e-07,0.876910680922992,0.999866347672879,0.751978043358662,0.884862827227598,0.999993724144149,0.35806786132459,0.999819784205593,0.731352931863831,0.965861965345503,0.821105584761383,0.2844164532889,0.0334608811891585,0.999999999999854,0.999999342266875,0.976632444326432,0.405359011443095,0.49590638822161,0.985582630583887,0.00205474705406887,0.990993315174102,0.980977542211885,0.999999997141825,0.999672098202221,0.285822941291752,1,0.990743054014278,0.805065452075566,0.998753399422194,0.0062575304474265,0.0299846005225904,0.999839443706792,0.948688974336851,0.999910652665082,1,1,0.00350688143712728,8.14027591960875e-06,0.999677636715974,2.88295139234868e-05,0.88313415439389,1.31330504261504e-07,0.00760767741329808,0.980573099703148,0.191667616635294,0.889531971745562,0.999997315196051,0.181406342202522,1.12238591655431e-10,0.001190578014899,0.908178736498869,7.39720133427508e-15,5.26819582799924e-185,1,1,1,0.0110415393550074,4.59516573853227e-08,6.09343955040424e-123,0.896506081625423,0.99998006810162,0.999999999999545,0.425237635852553,0.999999971250602,1.05949572978854e-06,0.999999999568962,3.2361519813813e-06,0.999999999575566,1,0.999441244670309,0.982086744341129,3.52263224935112e-13,0.0225988293267846,0.944387199554084,0.999797572059558,0.871201429087966,0.999994114269609,1,0.000194882949050692,0.72944476093589,0.991854841832313,1,0.999999997693976,4.39429946204016e-08,0.999998679729597,0.999999999997214,0.501531436405519,0.910473383795147,0.662710561542551,0.978037283167379,0.953863156277849,0.978788722200931,0.447842017635291,0.2040662109904,0.558815905565791,0.999771487587041,0.88959923882019,0.978679166728024,0.999075861911838,2.10255375625803e-102,2.54151860910685e-26,0.988173530374708,0.996032284620334,0.993856574545738,7.64141869389666e-07,0.928572367141099,0.115556688403463,0.99924021396995,0.999999999999995,0.971466135890951,0.196432508492297,0.0315441863902327,0.999991088231979,0.999036828315719,2.05125130539961e-05,1.83404615910122e-81,0.957586731021383,1.09025510364132e-08,1,0.000623442452110044,0.928354860897103,0.99999603612129,0.999999612251697,1.85804144708936e-05,0.808960202364456,0.86560694237444,0.383667594532152,0.00053128019473585,0.235675209217013,0.999876695707372,0.463586715781191,0.999999999999999,0.599427445798957,0.999995367831226,9.59509850386838e-07,2.09870583111168e-06,0.0531039231693805,0.0626958024714931,0.999848339500462
"XISTint11","XIST_int11_13917_15248","HNRNPU;ZC3H11A;LIN28B;SAFB;KHDRBS1","1;1;1;5.83387145958458e-29;0","1;1;0.99999999999999;2.33354858383383e-29;0",0.4,"49.926;49.0641;40.6951;22.4742;19.3266","3.6825;3.6362;3.1866;2.2076;2.0384",186709,5153,421,1,1,1,1,1,1,1,1,1,1,1,2.66575525882796e-46,1,1,1,1,1,1,1,1,1,1,1,1,1,1,1,1,1,1,1,1,1,1,0,1,1,1.50507007684919e-88,1,1,1,1,1,1,1,1,1,1,5.66303162515503e-52,1,1,1.20593125585783e-78,1,0.905235704255623,1,0,1,1,1,9.62760114795257e-08,1,1,0,0,1,1,0.99999999999999,1,0.911122284672652,1,1,0.999999992330906,1,1,1,1,1,1,1,1,1,1,1,1,1,1,1,1.50874149338424e-52,1,0,1,1,0.999999999999991,1.32492387926133e-05,1,1,1,1,1,0.981968445908787,2.33354858383383e-29,1,1,1,1,1,1,1,1,1,1,1,1,1,1,1,1,1,1,1,1,1,1.12030799370789e-38,1,1,1,1,1,1,1,1,1,1,1,1,1,1,1,1
"XISTint12","XIST_int12_15248_16579","HNRNPU;HNRNPA1;KHDRBS1;SAFB;METTL1","1;1;0;5.4494103089149e-08;4.05208528954203e-09","1;1;0;3.26964618534894e-08;1.62083411581681e-09",0.6,"74.4044;47.7374;43.3588;34.8416;21.5639","5.4982;3.886;3.6213;3.1064;2.3037",158519,4908,341,1,1,1,1,1,1,1,1,1,1,1,5.14516631207465e-23,1,1,1,1,1,1,1,1,1,1,1,1,1,1,1,1,1,1,1,1,1,1,0,1,1,6.74814251221595e-38,1,1,1,1,1,1,1,1,1,1,9.29038882064217e-09,1,1,1.08328178280593e-69,1,1,1,0,1,1,1,6.40303433734511e-07,1,1,0,0,0.999999944820614,1,0.999999742019218,1,1,1,1,1.62083411581681e-09,1,1,1,1,1,1,1,1,1,1,1,1,1,1,1,4.86924415535803e-10,1,9.71993489545087e-277,1,1,1,2.1486981904942e-45,1,1,1,1,1,7.31456380556306e-21,3.26964618534894e-08,1,1,1,1,1,1,1,1,1,1,1,1,1,1,1,1,1,1,1,1,1,1,1,1,1,1,1,1,1,1,1,1,1,1,1,1,1,1
"XISTint13","XIST_int13_16579_17910","KHDRBS1;SAFB;ZC3H11A;ILF3;RNF187","0;3.63601537847642e-17;1;1;1.315356693303e-11","0;1.45440615139057e-17;1;1;7.89214015981801e-12",0.6,"55.8031;51.1588;43.0246;42.0286;41.4265","3.9781;3.7303;3.2962;3.243;3.2109",178838,5032,409,1,1,1,1,1,1,1,1,1,1,1,1.11226212491313e-46,1,1,1,1,1,1,1,1,1,1,1,1,1,1,1,1,1,1,1,1,1,1,0,1,1,1.81376663210532e-69,1,1,1,1,1,1,1,1,1,1,5.39525639569022e-58,1,1,1.51184759677311e-99,1,3.17619230274938e-12,1,0,1,1,1,1.07766420307266e-13,1,1,0,0,1,1,1,1,1.36769631149123e-76,1,1,0.999976087688994,1,1,1,1,1,1,1,1,1,1,1,1,1,1,1,1.04855984198952e-31,1,0,1,1,1,7.89214015981801e-12,1,1,1,1,1,0.999987025849309,1.45440615139057e-17,1,1,1,1,1,1,1,1,1,1,1,1,1,1,1,1,1,1,1,1,1,3.49086958786453e-59,1,1,1,1,1,1,1,1,1,1,1,1,1,1,1,1
"XISTint14","XIST_int14_17910_19245","ZC3H11A;NOLC1;MBNL1;RNF187;METTL1","1;1;1;3.10063839841717e-90;6.19368965168472e-45","1;1;1;6.20127679683434e-91;2.47747586067389e-45",0.4,"239.8579;215.2903;170.8535;150.7577;128.904","15.9344;14.4048;11.638;10.3867;9.026",174237,4949,434,1,1,1,1,1,1,1,1,1,1,1,7.56173286935269e-45,1,1,1,1,1,1,1,1,1,1,1,1,1,1,1,1,1,1,1,1,1,1,0,1,1,1.60730780274645e-107,1,1,1,1,1,1,1,1,1,1,6.4427215315727e-113,1,1,5.28267007751933e-232,1,1,1,0,1,1,1,3.19233088998662e-29,1,1,0,0,0.585963667679949,1,0.978698856469064,1,6.29727305976885e-20,1,1,2.47747586067389e-45,1,1,1,1,1,1,1,1,1,1,1,0.999959948794916,1,1,1,1.42674660836501e-21,1,0,1,1,0.9999866271606,6.20127679683434e-91,1,1,1,1,1,1.30125821954984e-124,3.3830392349349e-128,1,1,1,1,1,1,1,1,1,1,1,1,1,1,1,1,1,1,1,1,1,5.9813520522432e-69,1,1,1,1,1,1,1,1,1,1,1,1,1,1,1,1
"NEAT1chk1","NEAT1chk1_0_1000","U2AF2;CSTF2T;U2AF1;HNRNPU;HNRNPA1","7.36645401041926e-47;0;0;0;0","7.36645401041926e-47;0;0;0;0",1,"4459.6314;3855.2714;3822.4944;3516.2574;3195.4836","28.4276;24.7107;24.5091;22.6257;20.6528",52095,6079,322,0,0,0,0,5.86513363339954e-89,0,0,0,0,0,0,1.58814654270022e-16,8.92512327405377e-293,0,0,0,2.0728100421996e-244,0,0,0,0,0,0,0,0,0,0,0,0,0,0,0,0,0,1,0,0,1.16624271233002e-39,0,0,0,0,0,0,0,0,0,3.22670722275131e-125,5.36625586006816e-57,4.64601340355577e-207,0,0.999999969883717,0,1,0,1,0,0,0,0.997406996599617,0,9.86069042422931e-82,1,1,2.59884173036383e-187,0,1.89984478832422e-41,0,1,0,0,5.77670426232004e-107,0,0,0,0,0,0,7.07101617024947e-59,8.38926448148803e-23,4.07834547759495e-267,0,0,1.52763128776733e-61,0,3.26856223144374e-227,0,0.433607222587628,3.62675150284658e-229,1,0,0,2.83639267633292e-119,1.4220425438704e-37,0,0,0,0,0,1.56295537206855e-39,0.99159471443017,9.92118433430094e-206,0,7.68629085774104e-224,0,0,6.23241882063743e-126,0,0,5.57323989006857e-46,0,0,0,4.02495196968974e-111,1.26386049047102e-144,0,0,0,0,0,1.54000838540172e-246,0,7.36645401041926e-47,3.08833058325153e-191,1.02404054775454e-168,0,0,3.66405964544422e-245,0,0,0,0,3.84240833931017e-264,0,0,0,7.18822983163818e-199,7.7068757188848e-277,0
"NEAT1chk2","NEAT1chk2_1000_2000","CSTF2T;HNRNPM;ZRANB2;HNRNPUL1;EWSR1","1.61246275942776e-218;0;3.97849277800237e-105;2.80282694901617e-84;1.09590722710279e-181","6.44985103771106e-219;0;3.1827942224019e-105;2.80282694901617e-84;6.57544336261672e-182",1,"4121.2929;4113.9137;3162.8016;2182.7871;2132.3203","36.6205;36.5568;28.3363;19.8659;19.4298",11731,3889,272,4.44911838577027e-47,2.14528232352712e-88,1.45503084354406e-24,3.30585649248474e-164,4.74576775223614e-06,6.14838609695879e-21,4.65587879378625e-98,2.57457253166282e-52,5.65346099146525e-27,9.31954109957344e-89,1.18992706475196e-41,1.69162718461548e-05,9.96179423035613e-44,6.44985103771106e-219,1.58566821429704e-168,2.23134656444017e-48,2.19455234075876e-18,1.13994311147785e-44,4.26647365431143e-126,2.16553599138918e-36,8.5739884959729e-91,9.63471653847994e-147,1.16760889675743e-115,5.26217202373851e-30,8.45730101120481e-86,9.85157943264299e-78,4.15193779880663e-106,2.48263682597869e-134,4.42978061301422e-47,1.04697068269663e-125,2.33242313449601e-36,1.62084742071296e-54,4.20700949193824e-126,1.34768902368996e-220,0.999999981232373,6.57544336261672e-182,1.04207033145816e-38,5.16138648864093e-190,2.39809702001436e-72,2.45296848803492e-71,2.94139704783011e-41,1.13782472099026e-83,4.06300567494028e-134,9.83594712867179e-28,3.32373817619255e-70,3.42408671724572e-21,1.23491788465948e-106,1.6289784423432e-20,4.68347414744039e-30,6.27794759712657e-15,1.05238166876294e-206,0.827362083088115,4.00432706980883e-80,1,2.46748285537327e-16,1,0,2.80282694901617e-84,4.96339340253687e-138,0.0614012036640244,5.1888041496297e-39,0.715407307252277,1,1.48982827189756e-17,3.55756658922144e-22,6.15133723320353e-58,1.4972391899453e-11,5.11969809981889e-66,2.57637171036688e-29,3.41658333021299e-19,7.00852179407441e-49,1.24756132197644e-15,2.04281345003446e-162,6.76712923857953e-65,2.03045970901219e-102,4.10262031500528e-16,4.73203491357931e-71,2.31986714276562e-193,5.98380262952348e-10,8.82939478514992e-05,4.77742459378564e-20,6.54357800690134e-45,9.22350599557518e-82,3.1876553004127e-12,1.15292173384604e-91,1.54038456649346e-23,1.77650945929307e-16,1.2581520254954e-06,1.19315552225772e-25,0.974755857271258,2.35742456744825e-116,4.24295192404173e-38,3.62378933936187e-18,0.938299416712641,1.1906650877284e-39,7.84162108499673e-24,2.06029153837876e-33,1.45427616573319e-63,0.0108844265116647,8.0489893180728e-11,0.0916082527351186,1.65851366194267e-16,1.37854849241701e-18,4.2622700915269e-10,3.77802361874647e-41,1.46677704135362e-51,1.34409873260339e-12,3.12025818315232e-132,3.94432831682295e-95,1.06321412903903e-07,7.9174765787619e-50,2.23974063150091e-24,5.95223104095637e-41,8.11752482969511e-07,5.52733878405306e-16,1.48071230012925e-86,7.29161298100199e-74,3.61254258537611e-77,1.90122363031584e-168,8.9715801755284e-35,1.73260794212461e-47,1.35547444748408e-58,8.5940647794413e-34,9.81462717962849e-18,3.2440199011985e-20,4.65527533494672e-42,7.73622310172028e-51,1.01261824002451e-18,1.09598700929751e-21,1.56800787837251e-69,5.45617293268968e-36,1.6467105525855e-173,3.31345320735657e-10,4.14698359558337e-44,4.35948422363457e-32,4.12336527898891e-38,1.47863726468846e-12,8.51182693858575e-14,3.1827942224019e-105
"NEAT1chk3","NEAT1chk3_2000_3000","CSTF2T;GTF2F1;HNRNPUL1;EXOSC5;HNRNPU","0.999720251114887;0.358942357402269;1.16476024001154e-146;0;4.2739230598614e-159","0.999720251114887;0.287153885921815;6.98856144006924e-147;0;1.70956922394456e-159",0.6,"3080.9433;2878.4473;1436.0173;1331.5272;1321.1621","33.5293;31.3913;16.1618;15.0586;14.9492",77296,5132,339,5.948425516919e-32,0.378691346356569,1,5.36467938543997e-182,0.168181385054109,1,0.0943155282291465,1,0.00101604047301858,9.38575747425257e-05,2.05090882240132e-13,3.76180850656879e-44,6.75033509722048e-37,0.999720251114887,1,0.995846310449085,9.98624638037309e-31,1.69619057746896e-12,0.973752002520376,4.39351051942646e-06,0.999999999965099,1,0.999999999999921,1,1.55360462408887e-20,1,0.40278513366459,5.90479998834284e-34,1,1.54684606679854e-35,8.24703889658399e-12,1,0.99999999999027,3.41381438007705e-56,0,1,6.54500975558925e-12,0,1.07104727777849e-06,8.18597440643731e-61,0.484439130041518,1.62908248263248e-83,1.53575800564595e-12,0.999705954363391,0.969661471550732,0.995902812046998,0.0133002287146555,2.73284848438996e-16,7.22931977726183e-262,9.72520772525552e-37,0.287153885921815,6.31851299194235e-59,0,1,1,1,0,6.98856144006924e-147,1.70956922394456e-159,7.69292420902066e-40,0.999862376763169,1,5.48962799248523e-55,0,4.77552695529982e-43,1,1.49374233752382e-48,0.999999999999821,1.00986554749285e-27,1,1,7.41380370321291e-32,1.12321158903753e-90,0.00776268069291712,0.922257434569544,0.573531319733245,1,0.216610376702403,1.8733617065944e-26,0.00660019901405132,0.998000364311792,1,1,9.12108283359574e-19,3.49584390586218e-12,1,2.58887976085678e-06,4.75083312736774e-49,0.00635142744974942,4.67325776916224e-50,2.1071826040544e-80,0.999999954161383,4.43409175196084e-48,0.99999057908767,0.999999995369776,1,0.106858572333994,1,1,6.67315070299835e-120,2.86386093886204e-25,0.957858046473054,1,1,1.3941331043257e-68,7.30074934856058e-11,9.29403231948492e-06,1,1,3.00615442907759e-17,0.227970971154943,2.41747601474115e-23,1,0.999999999748173,2.6004438231194e-09,1.23343732164998e-244,1.3567398167921e-06,1.92597684989875e-47,9.88704005597222e-42,4.73557753594871e-09,3.53239162815699e-14,2.19382741438541e-39,4.62838965268624e-145,1.26419593546932e-49,0.568358818385382,0.999999740261518,0.999999999954927,5.78346274311319e-08,0.00550675787430435,0.878740421843081,3.29661644181427e-11,1,0.813493398784917,1,6.79336496962335e-44,1.64069546210781e-08,1.7340693167365e-44,5.54089490311506e-05,7.9020563552135e-56
"NEAT1chk4","NEAT1chk4_3000_4000","CSTF2T;KHSRP;HNRNPUL1;FUS;ZC3H11A","1;0;1;1;1","1;0;1;1;1",0.2,"2869.2293;2461.8308;1559.8419;1449.9476;1303.1727","36.908;31.8095;20.5212;19.1459;17.309",166480,5054,358,1,1,1,1,1,1,1,1,1,1,1,1.27609159519396e-26,1,1,1,1,1,1,1,1,1,1,1,1,1,1,1,1,1,1,1,1,1,1,0,1,1,3.44079654421986e-301,1,1,1,1,1,1,1,1,1,1,1.12906623449596e-71,1,1,6.42620625119678e-06,1,0.999999983516318,1,0,1,1,1,1.85427929273816e-34,1,1,0,0,1,1,0.224239538785588,1,4.19088001587146e-119,1,1,1,1,1,1,1,1,1,1,0.999999999999998,1,1,1,1,1,1,1,3.97861166830518e-62,1,0,1,1,0.513722166349591,1,1,1,1,1,1,1,0.999999487721834,1,1,1,1,1,1,1,1,1,1,1,1,1,1,1,1,1,1,1,1,1,3.89412034294622e-94,1,1,1,1,1,1,1,1,1,1,1,1,1,1,1,1
"NEAT1chk5","NEAT1chk5_4000_5000","CSTF2T;NONO;TIA1;EWSR1;HNRNPUL1","0;0;0;0;3.93095652709824e-105","0;0;0;0;3.93095652709824e-105",1,"2906.7359;1664.353;1515.4141;1239.8886;1154.4105","72.646;42.0234;38.3523;31.5611;29.4542",25870,4691,380,1.63520209702758e-36,8.27838404801346e-95,1.53925247579541e-29,3.90703079794829e-226,0.0808535187889198,3.31810878607817e-46,3.59458586818007e-117,6.47210635290288e-49,4.84501142069791e-30,5.74666226046447e-65,5.96306379517924e-38,0.982501447888054,1.19188536178481e-18,0,3.43039614699224e-241,2.92500916815637e-70,2.77140033221796e-36,5.73179533163272e-13,7.43735154223094e-155,5.32895542817711e-16,4.19024277972552e-111,1.25036231027557e-200,9.69498282600576e-240,9.12004404938577e-51,2.15335554168004e-81,1.5939009384846e-152,2.72965968457178e-134,4.85060881788949e-135,4.34778605978616e-31,5.46446644379647e-90,1.21168527135852e-19,7.36328853186746e-18,2.7558763844628e-131,1.07800000781289e-246,2.02422489967669e-128,0,6.89078772989066e-13,1.94660318285325e-293,7.03560281465335e-84,3.46279513370236e-28,8.2696047199172e-44,2.28587484729412e-52,5.77838441544922e-196,5.41392604181761e-38,2.2410080526544e-55,2.27473984262709e-22,1.53674017470111e-97,9.15229022673551e-24,2.59351249435478e-14,0.00011083992965232,8.90222353091606e-243,1,1.69658713299535e-13,8.46637173877977e-39,6.21576401630594e-216,1,0,3.93095652709824e-105,2.9898283076228e-119,5.00726557528248e-14,2.45765682522298e-39,1.90341798565154e-42,1,0.0248295735302343,0.00648244872416899,8.87356558697723e-40,1.42729206372932e-11,6.00381015783769e-128,0,2.08632745680953e-55,6.57557669914204e-56,0.999990376014318,8.94920865765153e-197,5.55050156701028e-56,1.00754062033829e-81,2.31803282476116e-08,1.69897663538952e-99,0,1.31339359566036e-19,0.282074083349846,4.14609865897433e-17,5.75736762004944e-97,9.50930148966658e-142,0.616888282576785,1.79400440454371e-101,0,4.40029031413754e-07,4.3907912969781e-15,4.41078733297631e-44,0.200581405161495,1.15966598586314e-172,0.0028607270555077,5.73678872287106e-23,1,4.96207869517054e-46,3.83623200764422e-15,3.15313281952978e-16,1.59049544627325e-65,0.999997964267803,1,0.999999999999835,7.36608990717869e-12,1.94242458718266e-08,0.00084992924759114,5.70125652432801e-48,1.14720986409126e-70,1.62476560100547e-17,1.82754101654332e-128,8.47231771303172e-209,6.18144020200918e-40,1.43261716469763e-53,2.17665130974694e-10,4.48111502638917e-15,0.00340652114030504,3.24796260344684e-17,1.10876389548579e-70,1.75185873690952e-181,4.01638405874416e-105,0,8.01298440087072e-10,1.47114965676893e-124,1.25385417774924e-107,5.20378640071914e-89,4.07832269082195e-05,8.68280440773909e-37,3.98667186659964e-41,1.59907577211487e-73,8.99112570044555e-17,2.05741215558384e-11,1.05448592082999e-114,1.22280639395185e-43,1.84856380853887e-223,1.86450914617303e-16,1.19621228983696e-70,3.04332601417378e-14,7.53020682897397e-37,5.62368036445103e-06,1.11664275525764e-05,2.41998391603923e-175
"NEAT1chk6","NEAT1chk6_5000_6000","CSTF2T;NONO;QKI;HNRNPUL1;TIA1","0.893635727760357;0.00608744284202853;0.10667205446367;1.72643484069563e-12;0.930404244284785","0.714908582208286;0.00243497713681141;0.0640032326782017;3.45286968139125e-13;0.930404244284785",0.4,"682.2612;660.2617;525.9246;424.1044;353.2683","21.9613;21.2854;17.1581;14.0299;11.8536",5888,2492,269,0.068038543186982,0.742619284656982,0.510148572152099,0.24063840600502,0.0480247649689237,0.984632525757646,0.107917789818083,0.999100841577155,0.0118048664547852,0.000506755346406542,0.000907490115250138,0.0630477560200903,0.00283118859177326,0.714908582208286,0.359215568644516,0.0895112238993068,7.63586123522756e-06,0.180026930160781,0.0260690842843446,0.000241907549454902,0.363207510630653,0.614478851062941,0.511683032700039,0.31735275276681,0.124958946874597,0.0547234809222731,0.015158968602076,0.335392945802794,0.992404356890319,0.000482172681860955,0.343497789002183,0.805681306072217,0.0333890321750817,1.65648066491437e-05,1,0.768991160530735,0.000329600881351653,2.15715842844416e-18,0.625110647462409,0.00107422920378911,0.00546219945207123,0.0890129887077098,2.07864438397315e-09,0.00221407245801595,0.000675791918287325,0.524074064125219,0.161484389452004,0.000523275800212631,6.79938884282575e-06,5.67177987725493e-06,0.89418689153017,6.80365356361093e-06,6.89059616989092e-20,1,0.999999999999771,0.995256146013729,1.80165935087564e-16,3.45286968139125e-13,7.0552971107381e-16,0.000198520622681423,0.0958801587337966,0.693784141767041,1.18029447298914e-05,2.1846508405524e-26,0.109834736142542,0.991858533376946,1.93405366174243e-05,0.0221361747624997,0.999999988638234,0.579654557287229,0.225267087610087,6.39311948614371e-07,0.0306743429539792,0.011467395977214,0.248777720687739,0.0875764467009386,0.127532887036069,0.00243497713681141,0.0103971293925903,0.634778787592692,0.576595775270736,0.895932803170279,0.573232739414068,1.62102573859221e-05,0.0165705131169651,0.999999877207658,0.333336320030544,0.358963581342737,0.534533860676594,0.0640032326782017,2.17818881623875e-10,0.0550687460518689,0.000124433985211717,0.419963477630285,0.471955177289391,0.411761041869244,0.000921018169240846,0.371549779609311,0.943430485981941,5.42375605293685e-17,0.000143915384652907,0.218007934398336,0.97320405432791,0.352633150481078,0.00110952572399817,0.000330758631965121,0.0524601220203827,0.906659591001771,0.0200634397406303,0.048904995834951,0.131329234250683,9.06669884810524e-05,0.94109706219567,0.972959556342756,0.0455688463448637,2.94079258356204e-21,0.00252308040970452,4.41253694014503e-06,0.930404244284785,0.000102709804919784,0.882844542344412,0.113508258500532,0.0154674836695866,1.03965359459715e-05,0.887602773389102,0.00998161484263347,0.362494710619173,0.207252596133455,0.0579807335209958,0.84564168834481,0.0560371855007424,0.0926720804822507,0.0175487458968967,0.470823389123506,0.0219777787387046,4.08547394755313e-05,8.12852374786104e-06,0.147509832808644,2.5486909886656e-06
"NEAT1chk7","NEAT1chk7_6000_7000","TARDBP;ELAC2;IGF2BP1;EIF4G2;TIA1","1;1;3.70989781061714e-53;1;1","1;1;7.41979562123428e-54;1;1",0.2,"953.6516;816.6998;264.9387;232.8981;172.9859","25.8251;22.2601;7.8968;7.0627;5.5031",173022,5138,362,1,1,1,1,1,1,1,1,1,1,1,4.76963821422188e-26,1,1,1,1,1,1,1,1,1,1,1,1,1,1,1,1,1,1,1,1,1,1,0,1,1,0,1,1,1,1,1,1,1,1,1,1,4.50135142995732e-79,1,1,0.940852137990206,1,3.54112546875051e-49,1,0,1,1,1,7.41979562123428e-54,1,1,0,0,1,1,0.298084955211599,1,0,1,1,1,1,1,1,1,1,1,1,1,1,1,1,1,1,1,1,6.97144989570377e-95,1,0,1,1,0.0120489847031337,1,1,1,1,1,1,1,1,1,1,1,1,1,1,1,1,0.999999999994721,1,1,1,1,1,1,1,1,1,1,1,1,5.28384576851517e-295,1,1,1,1,1,1,1,1,1,1,1,1,1,1,1,1
"NEAT1chk8","NEAT1chk8_7000_8000","HNRNPM;TIA1;NONO;U2AF2;EIF4G2","7.2757714932173e-304;8.0838420734545e-90;2.62539033471125e-93;1.40758716485282e-51;0.000240470823687242","1.45515429864346e-304;4.8503052440727e-90;1.0501561338845e-93;1.12606973188226e-51;0.000240470823687242",1,"1291.8681;1043.8537;998.2927;894.4387;750.2458","31.8763;25.9487;24.8597;22.3776;18.9313",20080,4076,289,0.996502853125567,0.0175889490621817,0.968802857442046,2.47347417203139e-59,0.99999960609929,0.984365660919707,0.999997084377827,0.657678412451601,0.0345086078313793,0.999994238073262,0.831754292957169,0.730888800931553,0.683311183864449,3.17385791051772e-05,0.0319869192064781,0.0099057936240446,0.00248414122544925,0.0896852827795463,0.732312092029011,0.94405617232626,0.00607050791245136,0.203371290945949,3.12254290109458e-08,0.938043833391882,0.182911147503129,5.72571725299093e-17,0.00313944654709238,0.00366107638749544,0.995352301622316,0.997176135413063,0.98464554290087,0.99985613865559,0.000240470823687242,2.30498804383439e-41,1.49627535696028e-182,2.56678531213699e-05,0.981331663282629,3.98490681543802e-247,0.0259174572172499,0.999983339982649,0.113698174724427,0.12902826672492,0.300253374455685,0.133099401642232,0.501528491387727,0.0827237175255829,0.00214025073197926,0.242906505750807,0.974930471760725,0.719790540405423,0.982576535300656,0.999999999999999,1,0.961514345217296,3.33164891053497e-97,0.806803908689375,1.45515429864346e-304,0.000115581759616477,0.9999999999992,5.36400388135461e-09,0.0224160350222306,0.00471627594218528,1,3.28828475009653e-256,0.99999999999999,0.941494790675228,0.160992057144048,7.09311506428639e-05,1.27541100637261e-305,0.999682620539928,0.984547097340799,1,1.14900298684246e-10,0.0796793479411635,0.13942742270237,0.999999999894369,0.0147309946117494,1.0501561338845e-93,0.263762384001546,0.321105682591193,0.755213071664763,4.14387760668068e-07,0.0869323109186762,0.999999998912426,0.0541769687811546,3.81170476942068e-115,0.968003170500191,1.46380764807893e-12,2.53121927899903e-05,9.41595968709795e-25,1.09739613905961e-37,1,0.0331122845827661,1,0.224210035611765,0.374686689509228,0.706167457066268,0.45786102737814,1,1,1,0.454828117079576,0.999999829430604,0.989129815744738,0.341343148542268,0.66631974163337,0.0215935615184677,1,2.91208702036152e-06,1.31271894083391e-09,0.354318931050838,0.52635788520529,0.999997175352679,0.822852889485102,0.159602212066565,0.999999999998798,1.3204287448255e-54,0.00107771096297277,4.8503052440727e-90,0.996616215659187,3.42386390482496e-18,4.37570128772377e-22,1.12606973188226e-51,0.931948860177075,0.0802339323224519,0.770825638447581,0.212953602432867,0.97863088248186,0.931123836067806,0.0154504864303588,0.951147157751709,0.906993919479166,0.547844489107207,0.963906771914256,0.997989566621968,0.113119335034601,0.186843526289282,0.986291991109044,6.48960963790249e-25
"NEAT1chk9","NEAT1chk9_8000_9000","KHSRP;MATR3;ELAVL1;HNRNPL;U2AF2","0;0;0;0;3.99415956864526e-182","0;0;0;0;3.99415956864526e-182",1,"353.4404;269.3047;244.1902;220.9785;144.8426","9.8276;7.7262;7.099;6.5192;4.6176",180762,5203,406,1,1,1,1,1,1,1,1,1,1,1,2.58282061714415e-12,1,1,1,1,1,1,1,1,1,1,1,1,1,1,1,1,1,1,1,1,1,1,0,1,1,6.75095052593605e-214,1,1,1,1,1,1,1,1,1,1,9.96285469619097e-53,1,1,0.782473648887322,1,6.54793561353561e-136,1,0,1,1,1,1.47944045496768e-26,1,1,0,0,1,1,0.957217853988965,1,0,1,1,1,1,1,1,1,1,1,1,1,1,1,1,1,1,1,1,2.50135304029669e-76,1,0,1,1,0.987547111461807,1,1,1,1,1,1,1,1,1,1,1,1,1,1,1,1,1,1,1,1,1,1,1,1,1,1,1,1,1,3.99415956864526e-182,1,1,1,1,1,1,1,1,1,1,1,1,1,1,1,1
"NEAT1chk10","NEAT1chk10_9000_10000","KHSRP;ELAVL1;U2AF2;MATR3;CPEB4","0;0;1.24373568819149e-276;0;9.29740023949321e-11","0;0;9.94988550553195e-277;0;9.29740023949321e-11",1,"1547.081;469.0702;377.5445;334.5221;330.3868","54.3079;17.1628;14.0091;12.5267;12.3842",184801,5280,376,1,1,1,1,1,1,1,1,1,1,1,9.29740023949321e-11,1,1,1,1,1,1,1,1,1,1,1,1,1,1,1,1,1,1,1,1,1,1,0,1,1,0,1,1,1,1,1,1,1,1,1,1,1.5164559428648e-76,1,1,0.964380778204158,1,1.38806628866117e-105,1,0,1,1,1,1.72781821249582e-43,1,1,0,0,1,1,0.680045047957003,1,0,1,1,1,1,1,1,1,1,1,1,1,1,1,1,1,1,1,1,6.87658314919583e-79,1,0,1,1,0.0146692176782395,1,1,1,1,1,1,1,1,1,1,1,1,1,1,1,1,0.999999999928334,1,1,1,1,1,1,1,1,1,1,1,1,9.94988550553195e-277,1,1,1,1,1,1,1,1,1,1,1,1,1,1,1,1
"NEAT1chk11","NEAT1chk11_10000_11000","U2AF2;ELAVL1;KHSRP;HNRNPL;TIA1","3.05875891299137e-154;0;0;0;1","2.4470071303931e-154;0;0;0;1",0.8,"281.8054;270.1972;264.5384;220.3685;53.3604","10.1112;9.7359;9.5529;8.1249;2.7252",181619,5162,400,1,1,1,1,1,1,1,1,1,1,1,4.10226580876229e-08,1,1,1,1,1,1,1,1,1,1,1,1,1,1,1,1,1,1,1,1,1,1,0,1,1,4.9358050096774e-198,1,1,1,1,1,1,1,1,1,1,5.69284132768558e-34,1,1,0.999792738262109,1,1.15433391468872e-189,1,0,1,1,1,3.09986061403444e-20,1,1,0,0,1,1,1,1,0,1,1,1,1,1,1,1,1,1,1,1,1,1,1,1,1,1,1,2.01359022594978e-62,1,0,1,1,0.999999999993489,1,1,1,1,1,1,1,1,1,1,1,1,1,1,1,1,1,1,1,1,1,1,1,1,1,1,1,1,1,2.4470071303931e-154,1,1,1,1,1,1,1,1,1,1,1,1,1,1,1,1
"NEAT1chk12","NEAT1chk12_11000_12000","U2AF2;KHSRP;U2AF1;ZRANB2;TIA1","1.08079450530153e-198;0;1;1;1","4.32317802120611e-199;0;0.999999982187397;1;1",0.4,"1796.6423;1071.7175;899.1213;572.4953;551.0676","48.2297;29.1731;24.6359;16.0496;15.4863",144728,5109,365,1,1,1,1,1,1,1,1,1,1,1,1.91817066596003e-05,1,1,1,1,0.999999997022882,1,1,1,1,1,1,1,1,1,1,1,1,1,1,1,1,1,0,1,1,0,1,1,1,1,1,1,1,1,1,1,8.09697070956477e-43,1,1,0.975456244380268,1,1.69802764796949e-38,1,0,1,1,1,3.51674476897873e-14,1,1,5.36268126045226e-06,0,1,1,0.14751013139992,1,0,1,1,1,1,1,1,1,1,1,1,1,1,1,1,1,1,0.996501009312422,1,1.39651999580716e-30,1,0,1,1,0.922524241313274,1,1,1,1,1,1,1,1,1,1,1,1,1,1,1,1,0.999981556761839,1,1,1,1,1,1,1,1,1,1,1,0.999999982187397,4.32317802120611e-199,1,1,1,1,1,1,1,1,1,1,1,1,1,0.999999999999986,1,1
"NEAT1chk13","NEAT1chk13_12000_13000","KHSRP;U2AF2;TIA1;ZRANB2;U2AF1","0;4.46984368524422e-55;1;1;1","0;1.78793747409769e-55;1;1;1",0.4,"525.4023;476.1959;308.199;299.9435;270.3927","19.9457;18.1713;12.1135;11.8158;10.7502",111900,4843,341,1,1,1,0.999999651962665,1,1,1,1,1,1,1,4.51463374825185e-24,1,1,1,1,0.999406131031218,1,1,1,1,1,1,1,1,1,1,1,1,1,1,1,1,1,0,1,1,0,1,1,1,1,1,1,1,1,1,1,5.69838196787444e-26,1,1,0.989019958298485,1,1,1,4.96645596640522e-244,0.326423991371998,1,1,1.00602465356804e-31,1,1,4.33685533490154e-277,0,1,1,1.90010332711057e-09,1,5.57041355196709e-125,1,1,1,1,1,1,1,1,1,0.999999998669687,0.999999999999925,1,1,1,1,1,1,1,4.23915583314512e-54,1,8.46577401937729e-238,1,1,0.0909402686232979,1,1,1,1,1,1,1,1,1,1,1,1,1,1,1,1,0.996882245953046,1,1,1,1,1,1,1,1,1,1,1,1,1.78793747409769e-55,1,1,1,1,1,1,1,1,1,1,1,1,1,0.999999999987227,1,1
"NEAT1chk14","NEAT1chk14_13000_14000","NONO;TIA1;IGF2BP2;HNRNPM;U2AF2","1.82080232032607e-289;5.17745038502465e-203;5.50876196302199e-25;0;5.4668363644141e-26","7.28320928130428e-290;3.10647023101479e-203;5.50876196302199e-25;0;4.37346909153128e-26",1,"630.9654;587.6864;354.2169;281.6197;267.9616","23.8158;22.2509;13.8086;11.1834;10.6895",32658,4886,321,0.0722770171459508,5.95247958740436e-16,1.37003794668173e-13,4.30748701857912e-37,0.82232219650209,3.06616188912154e-10,3.744145847055e-12,6.26122777500876e-25,0.000174116934134568,1.27941220602478e-11,1.90871389212886e-11,0.999096156639409,0.833198177501104,4.24490904802328e-57,2.04887009049564e-80,6.15077389229568e-19,1.65725746625143e-17,0.00775878847660814,1.42287545431466e-16,0.00202602530187898,9.97404932211937e-42,1.07540163473175e-36,7.06812970053747e-80,4.94818842934296e-18,2.41931835582534e-08,3.67875113256462e-81,3.28959298789262e-32,1.93353266555401e-09,5.7368797903977e-12,2.58679182190206e-08,0.235337166433348,0.000860093054687144,2.05988170786876e-41,3.35817086780896e-84,2.07955211499951e-28,8.57492736103056e-118,0.145758966102172,7.57471452171327e-198,4.07083610441552e-13,0.999999208291317,1.0821353125096e-29,0.00846943033334038,1.72881855990084e-31,5.10207172052765e-24,6.99296600901871e-27,4.33603225198809e-07,8.42359210013163e-29,0.00708450459599786,0.999999677000184,0.936597001629273,2.30965617059752e-21,1,0.275347076279397,0.999999989441965,0,4.05519792496952e-17,0,3.72330810809439e-10,0.0217600765455794,5.47512083493424e-12,5.50876196302199e-25,2.27782088093022e-07,1,4.93692771991355e-27,1,4.66552458021499e-09,0.0777873151783547,4.23662827871805e-38,0,7.92453432661265e-31,2.52408026520182e-30,1,2.00957263113499e-38,3.4733827799737e-14,1.60674349086998e-15,0.99999992131929,9.41139446136905e-24,7.28320928130428e-290,0.0160376629970744,0.552805715096136,7.53142556359985e-05,1.19327968115222e-53,1.12444325897224e-53,0.999999999997166,2.96421196207434e-22,3.44745003515176e-251,0.00105705890789361,0.000252920503944628,1.9178040082792e-17,5.28640728315459e-08,1.19230312101644e-34,0.999998907139083,4.71138910489897e-07,1,5.83849007123361e-22,7.41034466859529e-06,0.0328564608034814,4.52757123326674e-41,0.999999999999019,1,1,0.102333368990967,0.00134124821679263,0.591570910785398,0.000222199254177625,7.77259860787383e-08,0.00017579025344071,4.13630665743492e-12,7.21010895137946e-66,2.38258748157458e-16,2.4392361037002e-18,0.111298867507336,0.000114467056425689,0.572005099896276,0.0477266015979291,0.879338064830325,6.82578954852864e-99,1.30652690931947e-18,3.10647023101479e-203,0.447652579049502,6.53188448030755e-29,1.83840100730595e-25,4.37346909153128e-26,0.977965064134631,1.24016542580487e-05,5.5352372488903e-12,3.32885182018069e-14,0.505617509004477,0.813463706314729,9.08587938796172e-18,0.254206993174252,4.79040394740613e-52,2.00381546167252e-13,2.98897445878621e-16,0.971299776844568,3.84013610371001e-10,0.0188239592837746,0.0840190104800884,1.19948562564987e-60
"NEAT1chk15","NEAT1chk15_14000_15000","QKI;ELAVL1;U2AF2;TIA1;KHSRP","0;0;1.95894505192232e-202;1;0","0;0;1.56715604153786e-202;1;0",0.8,"217.7165;140.9997;127.7074;109.8246;94.2579","6.6941;4.6876;4.34;3.8723;3.4652",146167,4979,351,1,1,1,1,1,1,1,1,1,1,1,7.70929866020723e-11,1,1,1,1,1,1,1,1,1,1,1,1,1,1,1,1,1,1,1,1,1,1,0,1,1,0,1,1,1,1,1,1,1,1,1,1,1.76405774037842e-35,1,1,0.991668872953373,1,1,1,0,1,1,1,3.58585859780086e-22,1,1,5.38359851664487e-141,0,1,1,0.680286972111492,1,0,1,1,1,1,1,1,1,1,1,1,1,1,1,1,1,1,0.998812401715688,1,2.62317177459344e-48,1,0,1,1,0.0315841126061329,1,1,1,1,1,1,1,1,1,1,1,1,1,1,1,1,0.999999999999567,1,1,1,1,1,1,1,1,1,1,1,1,1.56715604153786e-202,1,1,1,1,1,1,1,1,1,1,1,1,1,1,1,1
"NEAT1chk16","NEAT1chk16_15000_16600","KHSRP;TIA1;HNRNPL;HNRNPC;NONO","0;1;0;1.17549351929032e-140;1","0;1;0;7.05296111574192e-141;1",0.6,"424.7986;305.8014;167.16;132.0863;130.2821","9.6385;7.2187;4.3993;3.6861;3.6494",185785,5417,404,1,1,1,1,1,1,1,1,1,1,1,7.35120803499789e-09,1,1,1,1,1,1,1,1,1,1,1,1,1,1,1,1,1,1,1,1,1,1,0,1,1,0,1,1,1,1,1,1,1,1,1,1,4.40081165500955e-54,1,1,1,1,7.05296111574192e-141,1,0,1,1,1,4.68830062566713e-56,1,1,0,0,1,1,0.0283516697215733,1,0,1,1,1,1,1,1,1,1,1,1,1,1,1,1,1,1,1,1,2.55413836978331e-126,1,0,1,1,0.0800276114998777,1,1,1,1,1,1,1,1,1,1,1,1,1,1,1,1,0.999986503282356,1,1,1,1,1,1,1,1,1,1,1,1,4.35439231756704e-277,1,1,1,1,1,1,1,1,1,1,1,1,1,1,1,1
"NEAT1chk17","NEAT1chk17_16600_17624","HNRNPM;HNRNPA1;HNRNPU;DDX42;TAF15","1;1;1;1;1","0.999999719429462;0.723532119938009;1;1;1",0,"414.7809;215.5875;110.5126;87.8741;76.3272","13.4539;7.4731;4.3182;3.6384;3.2917",94952,5354,409,1,1,1,1,1,1,1,1,1,1,1,0.925896516112283,1,1,1,1,0.113522454680119,0.999999997359325,1,1,1,1,1,1,1,1,1,1,1,1,1,1,1,1,2.41652248159603e-104,1,0.999999753844308,6.42995319692316e-120,1,1,1,0.999999999999929,1,1,1,1,1,0.99999999999728,6.49883171873218e-06,0.980240018057237,1,1.09321889170852e-57,0.723532119938009,1,1,1,0.999999719429462,1,1,0.999999999999999,1,0,6.99719385174704e-116,1.37469908228982e-241,1,1,1.1191441452239e-11,1,1,1,1,1,1,1,1,1,1,1,0.999999779649605,0.765014771160541,1,1,1,1,1,1,0.999999988144846,0.999997232854062,1,0.999999999447752,1,1,1,1,1,1,1,1,1,1,0.999999999999999,1,1,1,0.99999999946149,1,0.999999999999981,1,1,1,1,1,1,0.278317611672422,0.99999993622721,1,1,1,1,1,1,1,1,0.998012188001912,1,1,1,1,1,1,1,1,1,1,0.964168164705813,1,0.85523437099059,0.999961200956059,1
"NEAT1chk18","NEAT1chk18_17624_18648","HNRNPA1;HNRNPU;DDX42;HNRNPUL1;TAF15","1;1;1;1;1","1;1;1;1;1",0,"358.974;172.671;118.4438;89.0551;81.3072","12.1192;6.3485;4.6688;3.7585;3.5185",25350,4402,259,0.999999999998418,1,0.998197394663853,1,0.999999986485644,0.999999999959543,1,0.00383767760717341,0.999963884489412,1,0.459860177080058,1,0.999999994404977,1,1,0.986145171805916,0.0438771618389062,4.30889680727503e-05,1,0.182112272217024,0.299433296148153,1,1,0.999999960640513,1,1,1,1,0.672465965619031,1,0.999980292791807,0.00563156774855738,0.999955676788895,1,1,1,0.000917036956723957,1,1,0.999999999999916,0.00229493309479359,0.999999985664979,1,0.0802310927747832,0.682107286438452,0.0671512282475964,1,0.991686101578844,1,0.0399964139349539,1,5.51613327494912e-18,1,1,1,1,1,1,1,0.999999999948067,0.999989470575795,1.59098537842581e-10,1,1,1,0.999833649146973,0.00756830036523411,1,1,0.999999999999978,0.904954754277549,1,1,0.998078497470006,1,0.997918491988545,1,1,0.999985498423872,0.124447706104563,0.999946465826479,1,1,1,1,1,0.094832853290963,1,0.999999999999999,1,1,0.999999999986464,1,1,0.076396240604633,0.99996712690784,0.287468563605715,0.00928332661891659,0.999999999999994,1,1,0.999556570015167,0.999609028811491,0.999978043076729,1,1,0.99999524566696,0.999999999897317,1,0.99953467570549,0.00687825746963034,0.941034142262229,0.561581864067882,1.23164005283422e-21,0.999999999704876,1,0.944948123932937,1,1,0.800947710287539,1,1,1,0.768952639953564,0.999988328298736,0.999997693962056,1,1,0.999999964767252,1,1,1,0.881437166186088,1,1,0.999999999999544,0.382254243220331,0.0126680665289933,1
"NEAT1chk19","NEAT1chk19_18648_19672","HNRNPC;HNRNPA1;GPKOW;DDX42;XRCC6","2.07690480217946e-53;0.995028000409907;2.25858095579359e-13;0.995028000409907;1.72539119437172e-07","4.15380960435892e-54;0.989548033808532;9.03432382317436e-14;0.995028000409907;1.03523471662303e-07",0.6,"295.8776;104.5842;84.4119;81.0347;76.1316","6.6808;3.008;2.6207;2.5559;2.4617",7285,2700,248,0.876818274881961,0.0129651802176377,0.999992335504989,5.0845675765186e-29,0.99442907546956,0.943816517117769,0.0299283693224633,0.990220157037777,0.719031083896803,0.23792494612577,0.0122269869943627,0.0163378272138622,0.737717632853337,0.938527650559072,0.981122900346687,0.929295763854304,3.549098950758e-05,0.0639550771910668,0.995028000409907,0.640044028679225,0.495513044985925,0.345378314543522,0.00185378661030125,0.999383705794591,0.519068116517424,0.403874936353517,0.925939772763418,2.61346856286984e-07,0.772034297101023,0.0238290903644413,0.481867375815111,0.927236733301445,0.754892044098407,7.67516738418544e-07,2.15009594288813e-182,0.302941301241872,0.22298152654896,8.65342711918727e-51,0.794143143640703,0.0477744081818571,0.00985299130482865,0.00131677225710812,0.986702051846659,0.0329778889824832,0.537107084274879,0.0705292913607982,0.0122940480194685,0.224444825984048,9.03432382317436e-14,0.162085182453498,0.543287152832007,0.321219892772865,0.989548033808532,4.15380960435892e-54,1,0.999999999999608,6.39179062445347e-14,0.072734057543813,1,0.0627892175901855,0.671234586953255,0.999999969190607,1,7.49683949526621e-67,0.576100321405722,0.86998336913214,0.432287008754287,0.970091016981874,7.05456680970989e-13,0.999999992182667,0.977819264578116,0.999999978923296,7.73594290991461e-09,0.0526412245043504,0.522650109347487,0.270433957055596,0.999831213296273,0.00452011285233091,0.0698937587973987,0.0986246000045725,0.997735492372562,0.999999938257427,0.953808640230511,0.851014841140952,0.00108805865863918,0.258267329774663,0.324499118762851,0.000603976121315889,0.298531393732589,8.06762690977093e-06,0.000160682398298117,0.999891739266237,0.0406271631071782,0.99999999999998,0.281839889525087,0.890214051730196,0.942334176194223,0.78368848114664,0.999999999999241,1,0.999999928318029,0.85562933233286,0.999710263798984,0.881789821628309,0.000555062475133324,0.530497774649871,0.35314710786012,0.999999999933765,0.457212834759517,0.0387026661510587,0.225736765042673,0.290662189677823,0.985253143427726,0.554705912755867,0.343461152054168,0.999499034332943,0.00333375848141424,0.0223255503564873,1.09464004194043e-07,0.415268079463165,1.96424437031356e-05,1.27827103301642e-06,1.44527499769212e-12,0.0331177226196753,0.975402275297464,0.690184350859244,0.929878637391512,0.270632737130147,0.662837244681682,0.00284836499864685,1.03523471662303e-07,0.998936878586328,0.802869912214077,0.928260279096983,0.999347174748004,0.999506160955389,0.000212071786103266,0.583171309121585,0.0931176685634157
"NEAT1chk20","NEAT1chk20_19672_20696","NONO;TIA1;HNRNPUL1;EWSR1;CSTF2T","1;1;1;1;1","0.999987235359488;1;1;0.999999999999943;1",0,"837.1989;516.6486;290.2351;230.8862;176.735","32.2241;20.2689;11.8246;9.6111;7.5915",51359,5133,352,0.999999999931649,0.999999998946277,0.999999999999316,0.967015585278858,0.99999999535888,0.999999999842166,1,0.558368212546634,0.99999990058234,1,0.999999999793619,1,0.999999999976722,1,1,0.999999834419271,0.650216501563771,0.0528155318027749,0.99999999999799,0.99999068428587,0.0369730430292625,1,1,1,1,1,1,1,0.994457831120335,1,0.999999479830034,0.999554583358784,0.996926267362809,0.154400094550344,2.72661089436547e-12,0.999999999999943,0.945438719402274,1.61153832021896e-51,1,1,0.628212552543943,0.999999999999985,0.999998496921915,0.508960460526246,0.999954808486922,0.450728576977255,1,0.999999269900741,1,0.999988521912656,1,0.00121863706942453,1,1,1,1,3.85483429733601e-39,1,1,0.999999968947815,0.999999999999999,0,1,1,1,0.999999999999608,0.233220162158725,0.99999999999958,0.000171483784111106,1,0.999999999830655,1,0.999999998809836,1,1,1,1,0.999987235359488,0.999999978677357,0.629398719082764,0.999999999999998,1,1,1,1,1,0.995134060266777,0.99999999999998,0.999999999903317,1,0.999999999999465,1,1,1,0.844873720830501,0.9999999947377,0.993646284120152,0.956184841103636,1,1,1,0.999999933676308,1,0.999999999931811,1,1,0.999998066182682,0.999999999999993,1,0.999259754255916,0.742490582258126,0.999999998668512,0.999999406007383,1.17849258019071e-17,0.999956392227723,1,6.84853364316463e-20,1,1,0.999999999966385,1,1,1,0.999999999841975,0.999999256188441,0.999999999995617,1,1,1,0.999999999098797,1,1,0.99999635214015,1,0.999999996573843,0.997317728518672,0.999996959725396,0.938064944497925,0.999999999999027
"NEAT1chk21","NEAT1chk21_20696_21720","EIF4G2;ELAC2;CSTF2T;NONO;IGF2BP1","0;0;0;0;9.39255563916314e-11","0;0;0;0;9.39255563916314e-11",1,"3421.2267;2138.5286;1383.3751;1185.3508;1054.8804","100.6795;63.3073;41.3055;35.5359;31.7346",36708,4987,411,0,0,0,0,4.99079434885485e-69,0,0,0,1.16113488957104e-216,0,0,0.0144413849000311,1.08370005642598e-187,0,0,0,6.20879869134244e-260,9.60620721909127e-83,0,0,0,0,0,0,0,0,0,0,0,0,1.26063185791754e-171,0,0,0,1,0,1.24423075559393e-207,1.01743104847781e-106,0,2.26179946708967e-260,0,1.83664526985393e-302,0,0,0,1.03349768388865e-173,0,6.60326665816455e-51,2.52114474323706e-30,1.80155814247285e-87,0,1,3.33033172361959e-284,1,0,1,0,0,0,9.39255563916314e-11,0,1.89155992934416e-56,1,1,1.01076607758306e-89,0,3.90862146414863e-27,0,4.58533641241767e-06,0,0,2.95875915734114e-51,0,0,0,1.68821652201041e-224,0,0,2.57289027797789e-36,8.07528621116515e-08,4.40232942523112e-214,0,0,6.80431038534335e-22,0,9.41562142228415e-232,6.94994554582464e-200,0.0331556308713421,4.00946759367226e-175,1,0,0,3.07606364239112e-80,7.82869624337876e-13,0,3.3530844311717e-257,4.49743539088351e-207,0,2.33352136220822e-124,0.00011099825863081,0.999996705419239,7.3314234533157e-83,0,7.81706675260092e-108,6.64850646969802e-233,0,9.90129555328458e-74,0,0,1.52258927309664e-48,0,8.60196837572647e-193,0,3.24148822142298e-43,3.39179663464615e-113,0,0,0,0,8.64104754881513e-246,3.18547610335817e-241,4.60341296058869e-270,8.2864298484833e-52,4.65644441030189e-107,4.79198352681998e-226,0,0,5.12563677946967e-163,7.55277935708217e-201,0,7.19901248443721e-249,0,1.22129342064177e-217,0,1.03017116717202e-242,0,6.58082091720398e-105,4.65320712495258e-149,0
"NEAT1chk22","NEAT1chk22_21720_22744","EIF4G2;CSTF2T;NONO;EWSR1;TIA1","0;0;0;0;0","0;0;0;0;0",1,"1361.2964;1153.2625;682.3948;677.5129;658.7482","40.5357;34.4938;20.8186;20.6768;20.1318",37134,5323,480,0,0,0,0,3.95435607267526e-110,0,0,0,0,0,0,1.99053440431301e-09,1.02431944185473e-283,0,0,0,0,3.70454298731178e-280,0,0,0,0,0,0,0,0,0,0,0,0,3.03653387760097e-295,0,0,0,1,0,0,3.14127604057577e-19,0,0,0,0,0,0,0,9.28707951170427e-297,0,1.51988700848715e-85,1.58370446958694e-41,4.45717784666128e-229,0,1,0,1,0,1,0,0,0,0.0159670220583979,0,3.12787636632644e-37,1,1,1.11638341244714e-167,0,2.90937807495605e-56,0,1,0,0,1.15918418676208e-106,0,0,0,0,0,0,1.09300780156558e-40,1.57245772802378e-12,5.26301221915056e-295,0,0,5.17452100583907e-62,0,4.29236389867831e-233,0,0.261270305510776,6.16188160318673e-231,1,0,0,9.14919885612041e-113,1.29790470307385e-48,0,0,0,0,4.19287795839009e-303,7.19983681203159e-21,0.999945796214312,6.19163928297484e-152,0,3.73222377015089e-183,4.33768579814538e-308,0,2.0731559390531e-104,0,0,2.98681870917544e-49,0,0,0,1.42869500543262e-78,6.07993357874045e-148,0,0,0,0,0,4.23963275312594e-224,0,4.9442984245888e-61,4.1502877586379e-222,1.48203795873369e-250,0,0,1.51737077530511e-240,0,0,0,0,0,0,0,0,7.32192887628696e-226,1.66540382497334e-283,0
"MALAT1chk1","MALAT1chk1_0_923","TRA2A;HLTF;RBM15;KHDRBS1;BUD13","1;7.09304661348353e-300;1;0;1","0.999999999998189;2.83721864539341e-300;1;0;1",0.4,"57206.1949;40553.7397;15069.5198;12772.9501;11897.523","49.3284;35.2602;13.7309;11.7907;11.0512",101113,4679,325,0.999996463316949,1,1,1,0.37293933743359,1,1,1,1,1,1,1.34024198727014e-49,0.999999947250517,1,1,1,0.999999999655759,1,1,1,1,1,1,1,1,1,1,1,1,1,1,1,1,1,1,1,1,1,1,3.42291234691884e-13,1,1,1,1,1,1,1,1,2.23689141700293e-78,0.899592431404032,1,2.83721864539341e-300,9.89238990900049e-108,1,1,4.80708580810103e-09,1,0.970642391915595,1,0.0486150069216948,1,1,0,0,7.92477919730514e-128,1,0.991695907966007,1,1,0.999999999975847,1,3.41299748195906e-308,1,1,1,7.15667350769272e-06,1,1,0.999999968047991,0.999999999575386,1,1,1,1.1456027030286e-19,1,1,1,0.031983187359226,1,2.10674309119018e-46,1,1,0.998499015865384,0,1,1,1,1,2.87277522282142e-16,0,3.95026051521035e-137,1,1,1,0.770870568994225,1,1,1,1,1,1,0.999999209332281,1,1,0.999779654308409,7.32600503653043e-11,1,1,1,0.999999999998189,1,1,1,0.000126550118586256,1,1,1,0.999998441000823,0.994516034816805,1,1,1,1,1,2.38187117060441e-16,1,0.998008410496925,0.999999999973497,1
"MALAT1chk2","MALAT1chk2_923_1846","TRA2A;HLTF;RBM15;PPIL4;DDX43","0.000188270692106957;3.0956676503474e-212;0.995094855609012;1.26430791653776e-27;0.348579577443739","0.000112962415264174;6.1913353006948e-213;0.995094855609012;5.05723166615104e-28;0.278863661954991",0.6,"81311.5289;73003.2199;38352.7046;29818.2262;28485.3256","52.2429;47.007;25.1701;19.7916;18.9516",73361,4776,319,2.97507755475913e-09,1,1,0.999777206065032,0.107013680031565,1,1,1,0.999999999999983,0.999661225078978,0.000309317489882283,3.31352549091152e-58,3.32678290190159e-08,1,1,1,1.63516635636071e-13,0.999999999563625,1,0.278863661954991,1,1,1,1,0.999998868541924,1,1,0.999999997949267,1,0.00136474082594944,0.47093580050127,1,1,1,1.59780526711047e-28,1,0.0112078665648064,0.000172049453748549,0.999996671315431,2.75752176560462e-33,0.999999999999993,1.52244451606185e-06,1,1,1,1,1,0.00987135922200297,1.70759433641678e-203,2.77285860375748e-20,1,6.1913353006948e-213,4.11929810712003e-227,1,1,1,1,2.44114833489714e-27,4.12192890149126e-15,2.41461783868754e-11,1,1,0,0,6.49868083869452e-85,1,5.93823137193144e-20,1,1,1,1,4.28959821358647e-123,0.999950592321319,0.999999998316895,1,5.45317870338624e-07,1,1,0.000143052186342879,0.985925089458471,0.999999999999306,1,1,5.05723166615104e-28,0.999999985194355,1,0.00998786694796334,2.32273669659336e-13,1,1.31948570121962e-19,0.929741956016592,0.995094855609012,1.18634134973886e-27,7.94892760118945e-71,1,1,0.999999999999886,1,0.999997822144566,0,3.4837954732651e-78,1,1,1,1.24912025922699e-26,0.000171175789483052,0.967547454389063,1,1,0.999984690748893,1,2.92043075924813e-07,1,1,0.000647930433551346,1.94281451685097e-80,1,0.99766880430505,1,0.000112962415264174,1,0.999999444064658,5.54710457772848e-09,3.0195780326211e-39,0.999246649309472,1,1,0.0373478209193232,0.0244215888024759,1,0.404084468832336,1,0.999999999999989,1,5.62724883119999e-55,0.972264288947176,3.92925086363593e-25,0.000253042418971666,1
"MALAT1chk3","MALAT1chk3_1846_2769","PPIL4;SAFB;U2AF1;U2AF2;XRCC6","0.828504144508096;1.38093466470415e-16;1.61369450453928e-17;4.87502791021896e-279;0.99999998095078","0.662803315606477;8.2856079882249e-17;6.45477801815713e-18;9.75005582043792e-280;0.99999998095078",0.6,"36219.5482;13304.8448;10912.3564;10623.6977;8091.2298","21.9865;8.7091;7.3229;7.1556;5.6883",125513,4961,369,0.999982840817364,1,1,5.26148546453149e-43,1,1,1,1,1,1,0.99999980013837,4.00367638258858e-58,0.872930322415828,1,1,1,1.25392044825712e-15,1,1,1,1,1,1,1,1,1,1,1,1,1,1,1,1,1,0,1,1,0,1,0.985650546483064,1,0.101033428778281,1,1,1,1,1,0.171043182744677,0,3.15195916987157e-13,1,1.67748174382679e-89,3.267089217861e-124,1.72502729439602e-117,1,1.11264168429176e-16,1.85296177735776e-36,0.968152781998451,1,1.05767314948713e-47,1,1,3.73648685948679e-59,0,4.84827464588341e-05,1,6.517896834487e-58,1,4.1942859806381e-101,1,1,0.999993056496469,1,1,1,1,1,1,0.000164254912860812,0.999999990031943,1,1,1,0.662803315606477,1,1,0.999937509815121,1.24110575455536e-96,1,1.70788764041633e-142,0.999946666835183,1,6.56792466983761e-44,1,1,1,1,1,1,0.891022539706979,8.2856079882249e-17,1,1,1,2.1065591724171e-12,1,1,1,1,1.7302124988148e-08,1,0.997808615212192,1,1,0.999448490261559,0.999975797384732,1,1,1,1,0.989528092461505,6.45477801815713e-18,9.75005582043792e-280,2.56159447438185e-18,1,1,1,1,1,1,0.99999998095078,1,1,1,0.23329470573596,1,4.81775613210784e-28,0.99999992725503,1
"MALAT1chk4","MALAT1chk4_2769_3692","PPIL4;SAFB;GPKOW;U2AF2;KHSRP","1;8.26323895378087e-31;6.73340814122662e-233;4.43594048308761e-154;0","1;6.6105911630247e-31;2.69336325649065e-233;2.66156428985257e-154;0",0.8,"21180.3769;7825.2171;7137.6641;6850.524;6512.8387","15.3099;6.2869;5.8224;5.6284;5.4002",167458,5084,381,1,1,1,0.999999999987074,1,1,1,1,1,1,1,5.27246894342025e-57,1,1,1,1,1,1,1,1,1,1,1,1,1,1,1,1,1,1,1,1,1,1,0,1,1,0,1,1,1,1,1,1,1,1,1,1,2.69336325649065e-233,1,1,5.00925529285666e-63,0.679222535845408,6.05050583027184e-34,1,1.3613937175337e-95,1,1,1,7.02953761869053e-47,1,1,0,0,0.999999997750831,1,6.20175744177693e-10,1,3.21294228610426e-13,1,1,0.999998081713025,1,1,1,1,1,1,0.999999991787452,0.999999999999995,1,1,1,1,1,1,1,1.31375565347552e-68,1,0,1,1,3.67030185538325e-07,0.999999999999983,1,1,1,1,1,0.691552571492491,6.6105911630247e-31,1,1,1,0.999999999929391,1,1,1,1,0.999999999976555,1,1,1,1,1,1,1,1,1,1,1,1,2.66156428985257e-154,1,1,1,1,1,1,1,1,1,1,1,1,1,0.999999999867571,1,1
"MALAT1chk5","MALAT1chk5_3692_4615","PPIL4;SAFB;HLTF;KHSRP;METTL1","0.999992308116709;5.5111826855049e-84;1.92285273447205e-137;0;2.69565631355816e-59","0.999992308116709;3.30670961130294e-84;7.6914109378882e-138;0;2.15652505084653e-59",0.8,"23281.9688;8274.3046;8216.9351;6294.6317;5809.476","26.0468;9.9015;9.8398;7.7718;7.2499",148398,4720,432,1,1,1,1,1,1,1,1,1,1,1,1.033038367327e-44,1,1,1,1,1,1,1,1,1,1,1,1,1,1,1,1,1,1,1,1,1,1,0,1,1,1,1,1,1,1,1,1,1,1,1,1,1.86330322003512e-43,1,1,7.6914109378882e-138,1,1,1,0,1,1,1,7.69133030995024e-21,1,1,0,0,0.651493408191508,1,0.9732297131685,1,1,1,1,2.15652505084653e-59,1,1,1,1,1,1,1,1,1,1,1,0.999992308116709,1,1,1,1.66731674786568e-11,1,0,1,1,0.999999998885979,2.80844190155868e-131,1,1,1,1,1,6.32689735838512e-105,3.30670961130294e-84,1,1,1,1,1,1,1,1,1,1,1,1,1,1,1,1,1,1,1,1,1,3.1957744778857e-15,1,1,1,1,1,1,1,1,1,1,1,1,1,1,1,1
"MALAT1chk6","MALAT1chk6_4615_5538","CSTF2T;PPIL4;U2AF2;U2AF1;METAP2","1;1;2.62938213062518e-166;1;1","1;1;5.25876426125036e-167;1;1",0.2,"42889.9989;12104.215;12072.0691;9196.5581;8320.3485","31.7809;9.6868;9.6638;7.6001;6.9713",151329,4942,425,1,1,1,1,1,1,1,1,1,1,1,3.36862964534707e-39,1,1,1,1,1,1,1,1,1,1,1,1,1,1,1,1,1,1,1,1,1,1,0,1,1,0,1,1,1,1,1,1,1,1,1,1,3.19569644688395e-185,1,1,3.23736796252581e-31,0.973355571118363,3.2029933489786e-20,1,0,1,1,1,9.22205214899503e-19,1,1,0,0,1,1,1.46394020399814e-06,1,1.89694230807939e-102,1,1,1,1,1,1,1,1,1,1,0.99999999999999,1,1,1,1,1,1,1,5.79428135793106e-51,1,2.31828117468521e-285,1,1,0.0166886636379164,1,1,1,1,1,1,1,0.667676477761882,1,1,1,1,1,1,1,1,1,1,1,1,1,1,1,1,1,1,1,1,1,5.25876426125036e-167,1,1,1,1,1,1,1,1,1,1,1,1,1,1,1,1
"MALAT1chk7","MALAT1chk7_5538_6461","U2AF2;U2AF1;TIA1;ZRANB2;KHSRP","1.22972791159353e-77;3.59306119654113e-07;0.999999999626625;0.999999999626625;0","4.91891164637413e-78;2.15583671792468e-07;0.999999999626625;0.882605629748695;0",0.6,"54754.3131;41035.3653;23805.1634;21170.7501;14571.3065","37.7602;28.5498;16.982;15.2133;10.7827",42044,4000,311,0.995482331692421,1,1,0.0314900385915156,0.999289730317104,1,1,1,0.999999999999498,0.999999999962385,0.805329249740372,2.57388868909712e-16,0.992395613759491,1,1,1,1.12783987149308e-05,0.999999999970493,1,1,1,1,1,1,0.999999995344114,1,1,0.999999971023292,1,0.934457014802733,0.999999998212276,1,1,1,0,1,0.999999949950921,5.54803740275323e-23,0.999997537670616,0.0603284790115485,1,0.560990917569212,1,1,1,1,1,0.963938373555846,5.89527124084054e-95,0.309706713861271,1,3.57304463255815e-13,2.15977729539654e-11,0.00388480579948924,1,1.50671982753737e-41,1,0.00487043965448028,1,4.23288653103059e-18,0.999999999999999,1,2.0928548902625e-144,0,1.30343850543126e-05,1,0.000392917455380097,1,0.00270744624016446,1,1,0.712166883145217,0.99782606541558,1,1,0.999999978468489,1,1,0.079738152739208,0.809934322774774,0.999999999998257,1,1,0.673636524982288,0.999988708163464,1,0.993818547074684,2.00074223510022e-17,0.999999999908166,2.4655550284702e-47,0.852534034495942,1,1.73023961836196e-15,0.949657749682163,1,1,0.999999999997707,1,1,0.828139854198628,7.89039596070752e-05,0.999999999999975,1,1,8.24701519343534e-09,0.829632785149225,0.99993365969041,1,1,0.134449659232711,1,0.99987694091559,1,1,0.942506614107997,0.999952757003618,1,0.999971291066501,0.999999999626625,0.999999999999414,0.999951186241572,2.15583671792468e-07,4.91891164637413e-78,0.0124175120695109,0.999967976386097,1,1,0.991831325119319,0.999651500699696,1,0.990048736336467,1,0.999999531600684,1,0.053649698726162,0.999999999999991,0.00981519820745536,0.999908310675241,0.882605629748695
"MALAT1chk8","MALAT1chk8_6461_7384","QKI;HNRNPU;HNRNPA1;SRSF7;DDX42","1.78990771016186e-139;1;1;1;1","3.57981542032373e-140;1;1;0.999999999538377;1",0.2,"5143.1624;4641.8616;4508.2616;3293.5601;2887.0045","8.7468;7.9917;7.7905;5.9609;5.3485",54567,4328,322,1,1,1,8.79839121445237e-09,0.99999999999996,1,1,1,1,1,0.999999999999393,8.2929012022135e-06,0.999999992658528,1,1,1,0.491120283780228,0.999999999970874,1,1,1,1,1,1,1,1,1,1,1,1,1,1,1,1,0,1,1,0,1,1,1,1,1,1,1,1,1,0.999617722135805,1.59475517838741e-15,0.999923206443479,1,0.29550250626244,1,1,1,1.61649208206905e-34,3.00067237294847e-91,0.999999999999969,1,8.83367718310366e-09,1,1,4.75343439312966e-06,0,1,1,1.35570118239907e-05,1,0,1,1,1,1,1,1,1,1,1,0.998755930590659,0.966436202645825,1,1,1,1,1,4.35871719333081e-45,0.999999999837717,5.52635520749533e-15,0.999907049499393,3.57981542032373e-140,0.977375655500786,1,7.19378923042128e-05,1,1,1,1,1,1,1,1,0.999999999998173,1,1,0.999997406682654,1,0.999999995155067,1,1,0.0641750652714322,1,0.999999999538377,1,1,0.999987908672779,1,1,1,1.77132351068172e-20,1,0.999788530289109,6.68980295900459e-07,1.44221535783649e-108,0.999902857215169,1,1,1,1,1,1,1,1,0.999999999961172,1,0.99999999999997,1,0.832512734896858,0.999999997328016,0.547136731637466
"MALAT1chk9","MALAT1chk9_7384_8315","SF3B4","1","1",0,"7.3587","35.1302",27267,4442,291,1,0.952101434006049,0.987410074752019,4.5949923391621e-20,1,7.14682935408124e-11,0.999999999999765,2.73900935611883e-17,0.17214007670725,1,0.232279359556898,0.999999998378077,0.990760714888353,1,1,0.993569127906624,0.000253585609927682,2.55443010237874e-51,1,0.0638541684140976,1.82858806157489e-06,1,4.87989053365279e-12,0.998106921822791,0.999999999999866,1,1,0.613634357835286,0.00128076969905726,1,0.0027001287475409,1.37756835361045e-11,0.0501650849300177,0.999999999996745,1.30333899962545e-36,1,2.9612985834258e-06,0.99999996342144,1,0.999999988726862,8.7581081428806e-14,7.89179081876964e-26,1,1.89328534656799e-07,0.402009645421163,1.52882378052405e-11,0.999859039295646,0.0412335479230445,0.749951354213269,0.0022203769545661,1,0.213225967651584,1,0,1,1,1,1,1,0.999986918905857,0.960919345981041,7.38450458235396e-84,1,1,1,0.999487612171553,0.99998887093152,1,1,1,0.724959827644838,1,0.999999999999999,0.539381736611996,0.997569351162003,0.999999999973754,1,1,0.792578803188414,9.18667921932851e-08,0.9999999999877,1,1,1,1,1,0.00263535942762139,0.404349245885317,0.0714846086668563,1,1,1,1,1,8.52167852760066e-26,0.721699788002004,0.00749084276741846,4.32363446743648e-11,1,1,1,0.000452365087927113,0.999989757900407,0.993165254694295,1,1,0.986559199594499,1,1,7.34327129961224e-30,4.15924078785118e-19,0.352687876545488,0.00649276914923661,0.0268410258014712,0.999999797940878,1,4.06785677611326e-09,0.999999999999986,1,0.136036554083867,1.92463953827077e-22,0.999999999999932,1,0.0101737813404971,0.978064591383555,0.999999998044539,1,1,0.995884327146879,0.000105533247327521,1.17060757523815e-80,1,0.99289981163837,0.999999999998572,1,1,1.04434781949984e-05,4.66865992685469e-05,1
