seqName,NEAT1chk1_tuc0.01,NEAT1chk1116_tuc0.01,NEAT1chk22_tuc0.01,NEAT1chk910_tuc0.01,gene_type
AARS1_chr16_70251983_70289707_-_ENSG00000090861.17_ENSG00000090861.17.unspliced,971,2125,614,1098,protein_coding
ABCA3_chr16_2275881_2340746_-_ENSG00000167972.14_ENSG00000167972.14.unspliced,12184,4214,7056,2922,protein_coding
ABO_chr9_133233278_133276024_-_ENSG00000175164.16_ENSG00000175164.16.unspliced,8372,8773,5271,7119,protein_coding
ACAA1_chr3_38103129_38137242_-_ENSG00000060971.19_ENSG00000060971.19.unspliced,5484,3031,4041,2411,protein_coding
ACTN4_chr19_38647649_38731589_+_ENSG00000130402.14_ENSG00000130402.14.unspliced,11995,3357,8360,1305,protein_coding
ACVR2B_chr3_38453890_38493142_+_ENSG00000114739.14_ENSG00000114739.14.unspliced,5386,10952,3319,10968,protein_coding
ADAMTS14_chr10_70672506_70762441_+_ENSG00000138316.11_ENSG00000138316.11.unspliced,17228,3140,6229,2564,protein_coding
ADCY7_chr16_50246137_50318135_+_ENSG00000121281.13_ENSG00000121281.13.unspliced,21763,6501,15145,4489,protein_coding
AEN_chr15_88621337_88632281_+_ENSG00000181026.15_ENSG00000181026.15.unspliced,1283,346,1128,1258,protein_coding
AGAP3_chr7_151085831_151144436_+_ENSG00000133612.20_ENSG00000133612.20.unspliced,24152,1078,10638,478,protein_coding
AGO2_chr8_140520156_140635633_-_ENSG00000123908.12_ENSG00000123908.12.unspliced,21403,16491,14428,12689,protein_coding
AGPAT3_chr21_43865223_43987592_+_ENSG00000160216.21_ENSG00000160216.21.unspliced,20147,13843,5931,13363,protein_coding
AKAP8L_chr19_15380050_15419141_-_ENSG00000011243.19_ENSG00000011243.19.unspliced,5631,6442,2275,5260,protein_coding
AKT2_chr19_40230317_40285536_-_ENSG00000105221.18_ENSG00000105221.18.unspliced,18327,5266,6806,5434,protein_coding
ANK1_chr8_41653220_41896741_-_ENSG00000029534.22_ENSG00000029534.22.unspliced,28843,20717,10025,13081,protein_coding
ANKMY1_chr2_240479422_240569209_-_ENSG00000144504.16_ENSG00000144504.16.unspliced,20084,18128,11192,12011,protein_coding
ANKRD11_chr16_89267619_89490561_-_ENSG00000167522.18_ENSG00000167522.18.unspliced,33956,21073,8339,20377,protein_coding
ANKRD13D_chr11_67289300_67302485_+_ENSG00000172932.16_ENSG00000172932.16.unspliced,2115,4309,539,3598,protein_coding
ANKRD23_chr2_96824526_96857934_-_ENSG00000163126.15_ENSG00000163126.15.unspliced,6576,1856,2161,1178,protein_coding
ANKS3_chr16_4696510_4734378_-_ENSG00000168096.15_ENSG00000168096.15.unspliced,6535,4552,2010,5670,protein_coding
ANXA11_chr10_80150889_80205572_-_ENSG00000122359.18_ENSG00000122359.18.unspliced,6799,6602,2254,7268,protein_coding
AP1B1_chr22_29327680_29388583_-_ENSG00000100280.17_ENSG00000100280.17.unspliced,6231,3660,5219,778,protein_coding
AP3D1_chr19_2100988_2164468_-_ENSG00000065000.20_ENSG00000065000.20.unspliced,22778,1968,15015,647,protein_coding
ARMC6_chr19_19033575_19060311_+_ENSG00000105676.14_ENSG00000105676.14.unspliced,2809,2888,3348,3546,protein_coding
ARPC4-TTLL3_chr3_9793082_9835401_+_ENSG00000250151.9_ENSG00000250151.9.unspliced,3010,1741,2156,2304,protein_coding
ARVCF_chr22_19969896_20016823_-_ENSG00000099889.14_ENSG00000099889.14.unspliced,19338,3108,15495,4499,protein_coding
ASB1_chr2_238426742_238452250_+_ENSG00000065802.12_ENSG00000065802.12.unspliced,2015,7946,706,8312,protein_coding
ASPH_chr8_61500556_61714640_-_ENSG00000198363.18_ENSG00000198363.18.unspliced,1141,133406,797,139179,protein_coding
ATAD3A_chr1_1512162_1534685_+_ENSG00000197785.14_ENSG00000197785.14.unspliced,10474,1114,5137,480,protein_coding
ATAD3B_chr1_1471765_1497848_+_ENSG00000160072.20_ENSG00000160072.20.unspliced,11388,1021,6382,365,protein_coding
ATP2A3_chr17_3923868_3964464_-_ENSG00000074370.19_ENSG00000074370.19.unspliced,14229,1057,4254,300,protein_coding
ATP6V0D1_chr16_67438014_67481181_-_ENSG00000159720.13_ENSG00000159720.13.unspliced,9446,1660,3226,1156,protein_coding
ATXN2L_chr16_28822999_28837237_+_ENSG00000168488.19_ENSG00000168488.19.unspliced,4808,1876,1800,527,protein_coding
AXIN1_chr16_287440_352723_-_ENSG00000103126.15_ENSG00000103126.15.unspliced,10383,4670,6298,622,protein_coding
B3GNT2_chr2_62196115_62224731_+_ENSG00000170340.11_ENSG00000170340.11.unspliced,2125,8292,389,7049,protein_coding
BAZ1B_chr7_73440406_73522293_-_ENSG00000009954.11_ENSG00000009954.11.unspliced,1067,30567,657,33702,protein_coding
BCL2L1_chr20_31664452_31723989_-_ENSG00000171552.14_ENSG00000171552.14.unspliced,3749,6099,537,3579,protein_coding
BCL7B_chr7_73536356_73557690_-_ENSG00000106635.8_ENSG00000106635.8.unspliced,772,2477,554,2080,protein_coding
BCR_chr22_23179704_23318037_+_ENSG00000186716.21_ENSG00000186716.21.unspliced,23142,9272,15149,6442,protein_coding
BICD2_chr9_92711363_92764833_-_ENSG00000185963.14_ENSG00000185963.14.unspliced,8735,12074,6025,6603,protein_coding
BRAT1_chr7_2537810_2555694_-_ENSG00000106009.16_ENSG00000106009.16.unspliced,7131,2030,4898,1759,protein_coding
BRD4_chr19_15235519_15332545_-_ENSG00000141867.19_ENSG00000141867.19.unspliced,9306,15248,4930,10359,protein_coding
BRD9_chr5_850291_892801_-_ENSG00000028310.18_ENSG00000028310.18.unspliced,9233,1808,6787,2507,protein_coding
C1orf159_chr1_1081818_1116361_-_ENSG00000131591.18_ENSG00000131591.18.unspliced,10650,1431,5747,1110,protein_coding
C22orf39_chr22_19351368_19447711_-_ENSG00000242259.9_ENSG00000242259.9.unspliced,6372,8399,2896,13420,protein_coding
C2CD2_chr21_41885112_41954018_-_ENSG00000157617.17_ENSG00000157617.17.unspliced,1767,12197,1061,10413,protein_coding
CAMKK2_chr12_121237675_121298308_-_ENSG00000110931.19_ENSG00000110931.19.unspliced,5663,4008,2129,2535,protein_coding
CASP9_chr1_15490832_15526534_-_ENSG00000132906.18_ENSG00000132906.18.unspliced,2306,4804,3791,5279,protein_coding
CBFA2T3_chr16_88874858_88977207_-_ENSG00000129993.15_ENSG00000129993.15.unspliced,42107,2364,28857,2025,protein_coding
CCDC12_chr3_46916634_46982010_-_ENSG00000160799.13_ENSG00000160799.13.unspliced,8214,7906,3152,5283,protein_coding
CCDC144NL-AS1_chr17_20841125_21002324_+_ENSG00000233098.11_ENSG00000233098.11.unspliced,7666,68011,3678,72778,lncRNA
CCM2_chr7_44999475_45076469_+_ENSG00000136280.17_ENSG00000136280.17.unspliced,4287,18802,1584,14215,protein_coding
CCNF_chr16_2429394_2458854_+_ENSG00000162063.13_ENSG00000162063.13.unspliced,5161,2155,2052,525,protein_coding
CCNY_chr10_35247025_35572669_+_ENSG00000108100.18_ENSG00000108100.18.unspliced,4691,121980,531,111163,protein_coding
CDC37_chr19_10391090_10420121_-_ENSG00000105401.10_ENSG00000105401.10.unspliced,12185,1332,1038,951,protein_coding
CEP72_chr5_612340_667168_+_ENSG00000112877.8_ENSG00000112877.8.unspliced,14437,12022,7111,9413,protein_coding
CHAF1A_chr19_4402640_4445018_+_ENSG00000167670.16_ENSG00000167670.16.unspliced,2649,3680,2613,3498,protein_coding
CHD9_chr16_53054991_53329150_+_ENSG00000177200.18_ENSG00000177200.18.unspliced,4057,143203,588,136694,protein_coding
CHID1_chr11_867859_915058_-_ENSG00000177830.18_ENSG00000177830.18.unspliced,15930,340,13440,680,protein_coding
CHST11_chr12_104455295_104762014_+_ENSG00000171310.11_ENSG00000171310.11.unspliced,7736,50220,676,50877,protein_coding
CIZ1_chr9_128161251_128204383_-_ENSG00000148337.22_ENSG00000148337.22.unspliced,7245,2527,1907,1285,protein_coding
CLEC18B_chr16_74408631_74421478_-_ENSG00000140839.13_ENSG00000140839.13.unspliced,2852,737,4172,641,protein_coding
CLNS1A_chr11_77514936_77637794_-_ENSG00000074201.9_ENSG00000074201.9.unspliced,4841,39008,296,43482,protein_coding
CLPTM1_chr19_44954585_44993341_+_ENSG00000104853.16_ENSG00000104853.16.unspliced,6828,1530,3857,512,protein_coding
CMIP_chr16_81444808_81711762_+_ENSG00000153815.18_ENSG00000153815.18.unspliced,24531,20677,6793,18891,protein_coding
CNDP2_chr18_74495816_74523454_+_ENSG00000133313.15_ENSG00000133313.15.unspliced,3986,3044,581,4846,protein_coding
COLGALT1_chr19_17555649_17583162_+_ENSG00000130309.12_ENSG00000130309.12.unspliced,5489,943,3073,712,protein_coding
COMT_chr22_19941371_19969975_+_ENSG00000093010.15_ENSG00000093010.15.unspliced,7742,1519,2987,2471,protein_coding
CRAMP1_chr16_1612337_1677908_+_ENSG00000007545.16_ENSG00000007545.16.unspliced,10382,3588,4701,2253,protein_coding
CREG1_chr1_167529117_167553805_-_ENSG00000143162.9_ENSG00000143162.9.unspliced,576,8730,349,7174,protein_coding
CROCCP2_chr1_16618969_16657232_-_ENSG00000215908.12_ENSG00000215908.12.unspliced,8790,6507,7170,8475,transcribed_unprocessed_pseudogene
CRY2_chr11_45847118_45883248_+_ENSG00000121671.12_ENSG00000121671.12.unspliced,2458,1360,1515,989,protein_coding
CSK_chr15_74782080_74803197_+_ENSG00000103653.17_ENSG00000103653.17.unspliced,4354,972,3611,546,protein_coding
CSNK1E_chr22_38290691_38318084_-_ENSG00000213923.13_ENSG00000213923.13.unspliced,9101,1718,5353,1409,protein_coding
CSNK1G2_chr19_1941172_1981338_+_ENSG00000133275.16_ENSG00000133275.16.unspliced,21764,205,16544,252,protein_coding
CTBP1_chr4_1211445_1250333_-_ENSG00000159692.18_ENSG00000159692.18.unspliced,21739,1525,17965,989,protein_coding
CTBP2_chr10_124984317_125161170_-_ENSG00000175029.17_ENSG00000175029.17.unspliced,22076,16700,10164,16480,protein_coding
CTTN_chr11_70398404_70436584_+_ENSG00000085733.16_ENSG00000085733.16.unspliced,8112,3981,4041,3573,protein_coding
CUL4A_chr13_113208193_113267108_+_ENSG00000139842.15_ENSG00000139842.15.unspliced,2645,14827,2295,15018,protein_coding
DBNL_chr7_44044640_44069456_+_ENSG00000136279.21_ENSG00000136279.21.unspliced,6923,2311,3451,1923,protein_coding
DDRGK1_chr20_3190350_3204685_-_ENSG00000198171.13_ENSG00000198171.13.unspliced,4091,1088,546,236,protein_coding
DDX39A_chr19_14408798_14419383_-_ENSG00000123136.15_ENSG00000123136.15.unspliced,1719,287,2503,318,protein_coding
DEF8_chr16_89948697_89968060_+_ENSG00000140995.17_ENSG00000140995.17.unspliced,7945,497,8825,296,protein_coding
DGCR2_chr22_19036282_19122454_-_ENSG00000070413.21_ENSG00000070413.21.unspliced,12727,17789,3225,15532,protein_coding
DGCR8_chr22_20080221_20111877_+_ENSG00000128191.17_ENSG00000128191.17.unspliced,4138,5881,2244,3229,protein_coding
DHRS3_chr1_12567909_12620133_-_ENSG00000162496.10_ENSG00000162496.10.unspliced,11051,1501,2038,1018,protein_coding
DIDO1_chr20_62877738_62937952_-_ENSG00000101191.17_ENSG00000101191.17.unspliced,9521,6077,4408,2508,protein_coding
DNAAF5_chr7_726699_786475_+_ENSG00000164818.16_ENSG00000164818.16.unspliced,7535,9574,3753,7818,protein_coding
DNAJC5_chr20_63895126_63936031_+_ENSG00000101152.12_ENSG00000101152.12.unspliced,3118,1883,1322,1775,protein_coding
DNM2_chr19_10718055_10833488_+_ENSG00000079805.19_ENSG00000079805.19.unspliced,14578,3981,9284,3628,protein_coding
DNMT1_chr19_10133342_10231286_-_ENSG00000130816.17_ENSG00000130816.17.unspliced,6109,7262,5403,4768,protein_coding
DPP9_chr19_4674341_4724673_-_ENSG00000142002.19_ENSG00000142002.19.unspliced,14997,959,8110,437,protein_coding
DYNC2I1_chr7_158856558_158956747_+_ENSG00000126870.16_ENSG00000126870.16.unspliced,7892,26907,4778,23031,protein_coding
DYNC2I2_chr9_128633653_128656847_-_ENSG00000119333.12_ENSG00000119333.12.unspliced,4276,598,2542,512,protein_coding
ECHDC3_chr10_11742366_11764070_+_ENSG00000134463.15_ENSG00000134463.15.unspliced,2560,1447,936,2999,protein_coding
EEF2K_chr16_22206278_22288738_+_ENSG00000103319.12_ENSG00000103319.12.unspliced,3569,7867,445,4259,protein_coding
EHMT2_chr6_31879759_31897698_-_ENSG00000204371.12_ENSG00000204371.12.unspliced,4102,2306,1671,1497,protein_coding
EIF2AK1_chr7_6022247_6059175_-_ENSG00000086232.13_ENSG00000086232.13.unspliced,391,6563,232,9078,protein_coding
EIF3B_chr7_2354086_2380745_+_ENSG00000106263.19_ENSG00000106263.19.unspliced,4075,1463,1885,1174,protein_coding
ELAVL1_chr19_7958573_8005659_-_ENSG00000066044.15_ENSG00000066044.15.unspliced,5254,3086,2983,1522,protein_coding
ELF4_chrX_130063955_130110716_-_ENSG00000102034.18_ENSG00000102034.18.unspliced,8257,2114,768,1373,protein_coding
ENSG00000242588_chr7_128530380_128663479_+_ENSG00000242588.8_ENSG00000242588.8.unspliced,5282,47051,982,48912,lncRNA
ENSG00000256632_chr12_132688049_132714912_+_ENSG00000256632.3_ENSG00000256632.3.unspliced,3783,2484,583,2592,lncRNA
ENSG00000260007_chr15_68184032_68229718_-_ENSG00000260007.3_ENSG00000260007.3.unspliced,9664,5124,1374,3146,protein_coding
ENSG00000260272_chr16_2496032_2520218_+_ENSG00000260272.1_ENSG00000260272.1.unspliced,9176,315,4904,933,protein_coding
ENSG00000285245_chr9_133098121_133163914_-_ENSG00000285245.1_ENSG00000285245.1.unspliced,23542,1196,12367,288,protein_coding
ENSG00000288714_chr6_140148490_140785421_+_ENSG00000288714.2_ENSG00000288714.2.unspliced,4890,415124,665,426561,lncRNA
ENSG00000288922_chr10_5428890_5497197_-_ENSG00000288922.3_ENSG00000288922.3.unspliced,5555,16481,1927,20763,lncRNA
ENSG00000290606_chr19_28435388_28727777_-_ENSG00000290606.3_ENSG00000290606.3.unspliced,2689,114071,2009,113407,lncRNA
ENSG00000290796_chr22_25351418_25405377_-_ENSG00000290796.1_ENSG00000290796.1.unspliced,14932,1619,8203,1466,lncRNA
ENSG00000290823_chr15_101960198_101976611_+_ENSG00000290823.2_ENSG00000290823.2.unspliced,3749,1040,2786,958,lncRNA
ENSG00000290948_chr15_82471477_82513986_-_ENSG00000290948.2_ENSG00000290948.2.unspliced,3313,22163,2448,27686,lncRNA
ENSG00000291015_chr22_38335300_38398929_-_ENSG00000291015.2_ENSG00000291015.2.unspliced,3736,22871,1029,21891,lncRNA
ENSG00000295087_chr12_9283643_9299103_+_ENSG00000295087.1_ENSG00000295087.1.unspliced,1387,1230,290,427,lncRNA
ENSG00000297575_chr16_81446184_81475359_+_ENSG00000297575.1_ENSG00000297575.1.unspliced,3051,1159,2416,3635,lncRNA
ENSG00000302999_chr11_283058_290165_-_ENSG00000302999.1_ENSG00000302999.1.unspliced,4960,410,1178,419,lncRNA
EP400_chr12_131949942_132080460_+_ENSG00000183495.15_ENSG00000183495.15.unspliced,12724,28547,2766,28947,protein_coding
EPHB4_chr7_100802565_100827523_-_ENSG00000196411.10_ENSG00000196411.10.unspliced,7013,829,949,876,protein_coding
EPN1_chr19_55675226_55709858_+_ENSG00000063245.15_ENSG00000063245.15.unspliced,12584,3561,7170,1562,protein_coding
ETFA_chr15_76188555_76311730_-_ENSG00000140374.17_ENSG00000140374.17.unspliced,6319,54904,1987,52598,protein_coding
EXOC3_chr5_443175_471937_+_ENSG00000180104.16_ENSG00000180104.16.unspliced,5772,5234,2768,5829,protein_coding
FADS1_chr11_61799627_61829318_-_ENSG00000149485.19_ENSG00000149485.19.unspliced,5674,1041,611,1759,protein_coding
FAM118A_chr22_45308968_45341955_+_ENSG00000100376.12_ENSG00000100376.12.unspliced,3938,5373,2685,396,protein_coding
FAM120B_chr6_170290703_170407067_+_ENSG00000112584.14_ENSG00000112584.14.unspliced,7949,33736,229,42152,protein_coding
FAM193B_chr5_177519789_177554586_-_ENSG00000146067.17_ENSG00000146067.17.unspliced,4089,3595,1555,1153,protein_coding
FAM78A_chr9_131258076_131277365_-_ENSG00000126882.14_ENSG00000126882.14.unspliced,6898,661,2243,639,protein_coding
FBXO31_chr16_87326987_87392142_-_ENSG00000103264.18_ENSG00000103264.18.unspliced,11070,5658,1660,5292,protein_coding
FCHSD1_chr5_141639302_141651418_-_ENSG00000197948.11_ENSG00000197948.11.unspliced,3262,1241,1237,655,protein_coding
FLOT2_chr17_28879335_28897733_-_ENSG00000132589.16_ENSG00000132589.16.unspliced,4435,400,3187,386,protein_coding
FOXK2_chr17_82519713_82644662_+_ENSG00000141568.21_ENSG00000141568.21.unspliced,4344,9074,3107,7742,protein_coding
FRMD8_chr11_65386621_65413525_+_ENSG00000126391.14_ENSG00000126391.14.unspliced,8603,955,4335,778,protein_coding
GABRG3_chr15_26971181_27541984_+_ENSG00000182256.13_ENSG00000182256.13.unspliced,3381,241402,2137,238608,protein_coding
GAK_chr4_849276_932373_-_ENSG00000178950.18_ENSG00000178950.18.unspliced,25504,7222,14661,7016,protein_coding
GAS8_chr16_90019629_90044975_+_ENSG00000141013.17_ENSG00000141013.17.unspliced,6327,477,4234,358,protein_coding
GATA2-AS1_chr3_128488130_128539314_+_ENSG00000244300.4_ENSG00000244300.4.unspliced,8472,11011,6635,11994,lncRNA
GATAD2A_chr19_19385826_19508932_+_ENSG00000167491.18_ENSG00000167491.18.unspliced,12442,7585,6586,6518,protein_coding
GMPR_chr6_16238587_16295549_+_ENSG00000137198.10_ENSG00000137198.10.unspliced,8045,4681,622,3124,protein_coding
GNAQ_chr9_77716097_78031811_-_ENSG00000156052.11_ENSG00000156052.11.unspliced,3594,198430,511,199274,protein_coding
GNB1L_chr22_19783223_19854939_-_ENSG00000185838.14_ENSG00000185838.14.unspliced,18858,14825,11783,12706,protein_coding
GORASP1_chr3_39095222_39108369_-_ENSG00000114745.15_ENSG00000114745.15.unspliced,3188,1503,3781,630,protein_coding
GP6-AS1_chr19_55006152_55054990_+_ENSG00000267265.7_ENSG00000267265.7.unspliced,4859,5083,481,2186,lncRNA
GPAT4_chr8_41577187_41625001_+_ENSG00000158669.11_ENSG00000158669.11.unspliced,2171,15989,1073,13065,protein_coding
GRB10_chr7_50590063_50793462_-_ENSG00000106070.20_ENSG00000106070.20.unspliced,8046,58742,1810,56366,protein_coding
GRK6_chr5_177403204_177442901_+_ENSG00000198055.11_ENSG00000198055.11.unspliced,9305,1676,1220,1182,protein_coding
GSE1_chr16_85169525_85676204_+_ENSG00000131149.19_ENSG00000131149.19.unspliced,156720,13634,66188,6075,protein_coding
HDAC7_chr12_47782722_47833132_-_ENSG00000061273.18_ENSG00000061273.18.unspliced,11621,297,6332,1183,protein_coding
HDLBP_chr2_241227264_241317061_-_ENSG00000115677.18_ENSG00000115677.18.unspliced,11472,28051,2250,24483,protein_coding
HERC2_chr15_28111040_28322179_-_ENSG00000128731.18_ENSG00000128731.18.unspliced,4954,84949,1780,91376,protein_coding
HIC2_chr22_21417371_21451463_+_ENSG00000169635.10_ENSG00000169635.10.unspliced,12772,1187,8093,481,protein_coding
HIRA_chr22_19330698_19447450_-_ENSG00000100084.14_ENSG00000100084.14.unspliced,6111,17442,2896,22232,protein_coding
HIVEP1_chr6_12008762_12164999_+_ENSG00000095951.18_ENSG00000095951.18.unspliced,1161,90840,1150,92897,protein_coding
HMGXB3_chr5_150000046_150053142_+_ENSG00000113716.13_ENSG00000113716.13.unspliced,4632,15514,2813,17933,protein_coding
HNRNPM_chr19_8444767_8489114_+_ENSG00000099783.13_ENSG00000099783.13.unspliced,1169,11481,2763,13554,protein_coding
HNRNPUL1_chr19_41262496_41307787_+_ENSG00000105323.18_ENSG00000105323.18.unspliced,2620,6453,317,1674,protein_coding
HSPG2_chr1_21822244_21937310_-_ENSG00000142798.20_ENSG00000142798.20.unspliced,26938,778,18209,856,protein_coding
IDH2_chr15_90083045_90102477_-_ENSG00000182054.10_ENSG00000182054.10.unspliced,1990,1804,1292,1457,protein_coding
IGF2BP2_chr3_185643130_185825042_-_ENSG00000073792.16_ENSG00000073792.16.unspliced,2748,65323,1307,66190,protein_coding
IGF2R_chr6_159969082_160113507_+_ENSG00000197081.16_ENSG00000197081.16.unspliced,5591,42498,3292,36243,protein_coding
IGHMBP2_chr11_68903863_68940602_+_ENSG00000132740.10_ENSG00000132740.10.unspliced,2871,4591,1999,4316,protein_coding
IKBKB_chr8_42271302_42332460_+_ENSG00000104365.16_ENSG00000104365.16.unspliced,2023,7727,1516,7231,protein_coding
IKBKG_chrX_154541199_154565046_+_ENSG00000269335.7_ENSG00000269335.7.unspliced,13707,1425,3917,556,protein_coding
IKZF1_chr7_50304068_50405101_+_ENSG00000185811.21_ENSG00000185811.21.unspliced,2257,32279,860,39936,protein_coding
ILF3_chr19_10654304_10692400_+_ENSG00000129351.18_ENSG00000129351.18.unspliced,3569,2274,1742,601,protein_coding
ILKAP_chr2_238170402_238203708_-_ENSG00000132323.9_ENSG00000132323.9.unspliced,1634,9303,1571,6201,protein_coding
ITPR3_chr6_33620365_33696574_+_ENSG00000096433.11_ENSG00000096433.11.unspliced,21190,2078,8860,1694,protein_coding
JAK2_chr9_4984390_5129948_+_ENSG00000096968.14_ENSG00000096968.14.unspliced,3554,93194,512,88143,protein_coding
JARID2_chr6_15246069_15522042_+_ENSG00000008083.14_ENSG00000008083.14.unspliced,7023,124239,3014,125470,protein_coding
KATNB1_chr16_57735739_57757244_+_ENSG00000140854.13_ENSG00000140854.13.unspliced,8059,545,3929,1052,protein_coding
KCNH2_chr7_150944961_150978321_-_ENSG00000055118.18_ENSG00000055118.18.unspliced,17881,1850,9605,2101,protein_coding
KCNK5_chr6_39188971_39229475_-_ENSG00000164626.9_ENSG00000164626.9.unspliced,7024,3909,894,2080,protein_coding
KCNQ1OT1_chr11_2608328_2699994_-_ENSG00000269821.2_ENST00000597346.1.monoexonic.unspliced,7267,4449,930,9944,lncRNA
KHNYN_chr14_24429286_24441843_+_ENSG00000100441.10_ENSG00000100441.10.unspliced,2068,1350,916,1308,protein_coding
KIF18B_chr17_44924709_44947773_-_ENSG00000186185.14_ENSG00000186185.14.unspliced,1794,954,997,722,protein_coding
KLC1_chr14_103561896_103714249_+_ENSG00000126214.22_ENSG00000126214.22.unspliced,11707,13820,5775,12790,protein_coding
KLHL22_chr22_20441519_20495844_-_ENSG00000099910.17_ENSG00000099910.17.unspliced,1277,5285,1094,3060,protein_coding
KMT5A_chr12_123384132_123409353_+_ENSG00000183955.14_ENSG00000183955.14.unspliced,4349,1092,718,1222,protein_coding
KRBA1_chr7_149714781_149734575_+_ENSG00000133619.18_ENSG00000133619.18.unspliced,5798,1057,3041,312,protein_coding
KSR1_chr17_27456448_27626438_+_ENSG00000141068.17_ENSG00000141068.17.unspliced,6110,21878,1024,17914,protein_coding
LAMA5_chr20_62307955_62367312_-_ENSG00000130702.15_ENSG00000130702.15.unspliced,35435,2048,22177,2433,protein_coding
LARS2_chr3_45388561_45554726_+_ENSG00000011376.12_ENSG00000011376.12.unspliced,228,56780,2633,58501,protein_coding
LASP1_chr17_38869859_38921770_+_ENSG00000002834.19_ENSG00000002834.19.unspliced,8732,877,5844,800,protein_coding
LDLR_chr19_11089418_11133820_+_ENSG00000130164.16_ENSG00000130164.16.unspliced,2582,886,775,730,protein_coding
LETM1_chr4_1811479_1856156_-_ENSG00000168924.15_ENSG00000168924.15.unspliced,8290,714,5078,2342,protein_coding
LIG1_chr19_48115445_48170603_-_ENSG00000105486.15_ENSG00000105486.15.unspliced,6367,3442,815,3315,protein_coding
LIMK1_chr7_74082933_74122525_+_ENSG00000106683.15_ENSG00000106683.15.unspliced,7120,1264,547,485,protein_coding
LINC02109_chr5_28809297_29217728_+_ENSG00000259786.8_ENSG00000259786.8.unspliced,3945,279429,2399,264882,lncRNA
LINC02882_chr12_73621834_74509544_-_ENSG00000251138.8_ENSG00000251138.8.unspliced,2013,598457,362,574315,lncRNA
LRP5_chr11_68312591_68449275_+_ENSG00000162337.12_ENSG00000162337.12.unspliced,37596,4931,24388,4838,protein_coding
LRRC8A_chr9_128882133_128918039_+_ENSG00000136802.12_ENSG00000136802.12.unspliced,5013,1748,436,1929,protein_coding
LSS_chr21_46188141_46228824_-_ENSG00000160285.15_ENSG00000160285.15.unspliced,9906,6248,7693,4171,protein_coding
LTBR_chr12_6375045_6391571_+_ENSG00000111321.11_ENSG00000111321.11.unspliced,1511,1495,1206,1418,protein_coding
MADD_chr11_47269161_47330031_+_ENSG00000110514.20_ENSG00000110514.20.unspliced,4683,10633,592,12013,protein_coding
MAP3K14_chr17_45263119_45317029_-_ENSG00000006062.18_ENSG00000006062.18.unspliced,2298,1965,915,2737,protein_coding
MAP7D1_chr1_36155579_36180849_+_ENSG00000116871.16_ENSG00000116871.16.unspliced,7272,2169,2522,434,protein_coding
MAPK8IP3_chr16_1706166_1770351_+_ENSG00000138834.15_ENSG00000138834.15.unspliced,16045,1787,10783,265,protein_coding
MAPK9_chr5_180233143_180292099_-_ENSG00000050748.18_ENSG00000050748.18.unspliced,1726,23697,948,20540,protein_coding
MAPKAPK3_chr3_50611520_50649291_+_ENSG00000114738.11_ENSG00000114738.11.unspliced,9290,973,6732,223,protein_coding
MBOAT7_chr19_54173412_54189882_-_ENSG00000125505.17_ENSG00000125505.17.unspliced,2413,228,373,399,protein_coding
MCM3AP-AS1_chr21_46228394_46284359_+_ENSG00000215424.11_ENSG00000215424.11.unspliced,7511,4765,3441,4695,lncRNA
MCM3AP_chr21_46235133_46286297_-_ENSG00000160294.11_ENSG00000160294.11.unspliced,3550,9899,1000,9068,protein_coding
MDC1_chr6_30699807_30717447_-_ENSG00000137337.16_ENSG00000137337.16.unspliced,903,1396,298,1286,protein_coding
MED15P9_chr2_130129565_130139420_+_ENSG00000290707.2_ENSG00000290707.2.unspliced,1881,3774,1067,3481,lncRNA
MED24_chr17_40019097_40061215_-_ENSG00000008838.21_ENSG00000008838.21.unspliced,3353,2049,1586,2351,protein_coding
METTL22_chr16_8621683_8649654_+_ENSG00000067365.15_ENSG00000067365.15.unspliced,490,4985,1093,2668,protein_coding
MFN2_chr1_11980181_12015211_+_ENSG00000116688.18_ENSG00000116688.18.unspliced,6092,2510,1448,2330,protein_coding
MGAT1_chr5_180784780_180815652_-_ENSG00000131446.17_ENSG00000131446.17.unspliced,8175,4101,3988,2923,protein_coding
MIDEAS_chr14_73715122_73790285_-_ENSG00000156030.14_ENSG00000156030.14.unspliced,13564,2798,4650,4899,protein_coding
MIER2_chr19_305573_344815_-_ENSG00000105556.12_ENSG00000105556.12.unspliced,7525,8226,6039,6234,protein_coding
MIGA2_chr9_129036621_129072082_+_ENSG00000148343.19_ENSG00000148343.19.unspliced,5675,662,6708,1123,protein_coding
MIIP_chr1_12019466_12032045_+_ENSG00000116691.11_ENSG00000116691.11.unspliced,3160,638,1369,762,protein_coding
MINDY4_chr7_30771417_30892387_+_ENSG00000106125.14_ENSG00000106125.14.unspliced,6970,21502,5509,14544,protein_coding
MIR3667HG_chr22_49414523_49658432_-_ENSG00000188511.15_ENSG00000188511.15.unspliced,39520,25453,20418,23062,lncRNA
MLLT1_chr19_6210381_6279975_-_ENSG00000130382.9_ENSG00000130382.9.unspliced,21131,10649,15189,6479,protein_coding
MOCOS_chr18_36187497_36272157_+_ENSG00000075643.6_ENSG00000075643.6.unspliced,2099,33438,526,34594,protein_coding
MTA1_chr14_105419820_105470729_+_ENSG00000182979.18_ENSG00000182979.18.unspliced,21495,1072,14166,1734,protein_coding
MTCL2_chr20_36777447_36863538_-_ENSG00000149639.15_ENSG00000149639.15.unspliced,8265,7751,2047,4015,protein_coding
MTHFR_chr1_11785723_11806455_-_ENSG00000177000.13_ENSG00000177000.13.unspliced,4237,342,1476,751,protein_coding
MTSS2_chr16_70661204_70686053_-_ENSG00000132613.16_ENSG00000132613.16.unspliced,9844,4676,4015,4185,protein_coding
MYBL2_chr20_43667019_43716495_+_ENSG00000101057.16_ENSG00000101057.16.unspliced,5311,4261,2591,3932,protein_coding
MYO18A_chr17_29071122_29180398_-_ENSG00000196535.20_ENSG00000196535.20.unspliced,24077,3533,14698,5834,protein_coding
NADK_chr1_1751232_1780457_-_ENSG00000008130.15_ENSG00000008130.15.unspliced,7387,2786,8033,1823,protein_coding
NAPA_chr19_47487637_47515091_-_ENSG00000105402.8_ENSG00000105402.8.unspliced,8427,481,4428,767,protein_coding
NARF_chr17_82458180_82490537_+_ENSG00000141562.19_ENSG00000141562.19.unspliced,5374,1240,5967,2376,protein_coding
NBL1_chr1_19596979_19658456_+_ENSG00000158747.15_ENSG00000158747.15.unspliced,6712,12255,796,12031,protein_coding
NCAPD3_chr11_134150113_134225504_-_ENSG00000151503.14_ENSG00000151503.14.unspliced,5041,34971,529,34268,protein_coding
NCL_chr2_231453531_231483641_-_ENSG00000115053.17_ENSG00000115053.17.unspliced,2152,5367,246,6506,protein_coding
NEAT1_chr11_65422278_65445540_+_ENSG00000245532.12_ENST00000501122.3.monoexonic.unspliced,1578,13008,1146,11793,lncRNA
NFIC_chr19_3314403_3469217_+_ENSG00000141905.19_ENSG00000141905.19.unspliced,37625,2603,12321,1443,protein_coding
NISCH_chr3_52455118_52493068_+_ENSG00000010322.16_ENSG00000010322.16.unspliced,8606,1590,830,849,protein_coding
NOL4L_chr20_32443059_32585333_-_ENSG00000197183.15_ENSG00000197183.15.unspliced,32228,8061,18968,6477,protein_coding
NOP14_chr4_2937933_2963406_-_ENSG00000087269.16_ENSG00000087269.16.unspliced,4528,4171,3269,1595,protein_coding
NPLOC4_chr17_81556887_81648465_-_ENSG00000182446.15_ENSG00000182446.15.unspliced,9366,7444,5153,9255,protein_coding
NR1H2_chr19_50329653_50383388_+_ENSG00000131408.15_ENSG00000131408.15.unspliced,11691,4434,924,4899,protein_coding
NSD2_chr4_1871393_1982207_+_ENSG00000109685.19_ENSG00000109685.19.unspliced,4904,21573,414,9955,protein_coding
NUMBL_chr19_40665905_40690972_-_ENSG00000105245.9_ENSG00000105245.9.unspliced,1043,4231,2570,1022,protein_coding
NUP210_chr3_13316235_13420322_-_ENSG00000132182.13_ENSG00000132182.13.unspliced,21449,5798,11199,4831,protein_coding
NUP62_chr19_49906825_49929764_-_ENSG00000213024.13_ENSG00000213024.13.unspliced,3336,986,1325,537,protein_coding
OGDH_chr7_44606572_44709066_+_ENSG00000105953.16_ENSG00000105953.16.unspliced,4271,26787,816,18921,protein_coding
OGFOD3_chr17_82389210_82418637_-_ENSG00000181396.13_ENSG00000181396.13.unspliced,5913,2602,3548,504,protein_coding
PCSK9_chr1_55039445_55064852_+_ENSG00000169174.13_ENSG00000169174.13.unspliced,10835,355,2199,283,protein_coding
PDE8A_chr15_84980440_85139145_+_ENSG00000073417.15_ENSG00000073417.15.unspliced,4395,75455,3127,69470,protein_coding
PDIA6_chr2_10783391_10837977_-_ENSG00000143870.13_ENSG00000143870.13.unspliced,7864,9974,1213,13823,protein_coding
PES1_chr22_30576625_30607083_-_ENSG00000100029.18_ENSG00000100029.18.unspliced,3433,1467,3003,353,protein_coding
PEX6_chr6_42963865_42979181_-_ENSG00000124587.14_ENSG00000124587.14.unspliced,2254,598,2769,543,protein_coding
PFAS_chr17_8247618_8270491_+_ENSG00000178921.14_ENSG00000178921.14.unspliced,4779,2345,2691,1896,protein_coding
PFKP_chr10_3066333_3137718_+_ENSG00000067057.19_ENSG00000067057.19.unspliced,13212,8150,1335,5134,protein_coding
PGAM5_chr12_132710819_132722734_+_ENSG00000247077.8_ENSG00000247077.8.unspliced,4215,738,2830,730,protein_coding
PGS1_chr17_78378649_78425114_+_ENSG00000087157.19_ENSG00000087157.19.unspliced,7747,2768,6580,832,protein_coding
PHKB_chr16_47461123_47701523_+_ENSG00000102893.18_ENSG00000102893.18.unspliced,966,170467,407,167998,protein_coding
PHTF2_chr7_77798773_77957503_+_ENSG00000006576.17_ENSG00000006576.17.unspliced,1980,98041,586,92157,protein_coding
PI4KA_chr22_20707691_20859417_-_ENSG00000241973.11_ENSG00000241973.11.unspliced,4970,18179,6157,19037,protein_coding
PIDD1_chr11_799179_809753_-_ENSG00000177595.19_ENSG00000177595.19.unspliced,5722,841,2078,387,protein_coding
PIP4K2A_chr10_22534854_22714578_-_ENSG00000150867.14_ENSG00000150867.14.unspliced,1629,82355,1564,79112,protein_coding
PIP5K1C_chr19_3630183_3700468_-_ENSG00000186111.11_ENSG00000186111.11.unspliced,36832,1641,21033,823,protein_coding
PITRM1_chr10_3137728_3172841_-_ENSG00000107959.17_ENSG00000107959.17.unspliced,3529,6349,1479,9477,protein_coding
PKM_chr15_72199029_72231819_-_ENSG00000067225.21_ENSG00000067225.21.unspliced,1867,4638,1105,2432,protein_coding
PLEC_chr8_143915153_143976734_-_ENSG00000178209.17_ENSG00000178209.17.unspliced,39871,1650,20489,977,protein_coding
PLXNB3-AS1_chrX_153735626_153766488_-_ENSG00000232725.2_ENSG00000232725.2.unspliced,8225,6314,5347,6153,lncRNA
PODXL2_chr3_127629185_127672802_+_ENSG00000114631.11_ENSG00000114631.11.unspliced,4818,8619,2149,5907,protein_coding
POLD1_chr19_50384204_50418018_+_ENSG00000062822.16_ENSG00000062822.16.unspliced,7675,1118,2003,610,protein_coding
POLE_chr12_132623753_132687376_-_ENSG00000177084.19_ENSG00000177084.19.unspliced,12187,5507,2959,2308,protein_coding
POLR3E_chr16_22297375_22335101_+_ENSG00000058600.16_ENSG00000058600.16.unspliced,8262,6616,2579,5799,protein_coding
PPARGC1B_chr5_149730298_149855022_+_ENSG00000155846.17_ENSG00000155846.17.unspliced,6796,9703,2492,9836,protein_coding
PPM1F_chr22_21919425_21952848_-_ENSG00000100034.14_ENSG00000100034.14.unspliced,9495,1305,2249,1379,protein_coding
PPP1R12C_chr19_55090914_55117637_-_ENSG00000125503.13_ENSG00000125503.13.unspliced,11270,1265,8441,917,protein_coding
PPP1R16A_chr8_144477969_144502121_+_ENSG00000160972.10_ENSG00000160972.10.unspliced,6935,1196,4967,961,protein_coding
PPP2R5C_chr14_101761709_101927989_+_ENSG00000078304.20_ENSG00000078304.20.unspliced,6641,57637,1231,54325,protein_coding
PPP5C_chr19_46347087_46392981_+_ENSG00000011485.15_ENSG00000011485.15.unspliced,13316,8699,3653,6416,protein_coding
PPP6R1_chr19_55229779_55259017_-_ENSG00000105063.19_ENSG00000105063.19.unspliced,13680,2122,5222,1920,protein_coding
PPT2-EGFL8_chr6_32153845_32171978_+_ENSG00000258388.7_ENSG00000258388.7.unspliced,4412,2265,1818,402,protein_coding
PRAME_chr22_22547701_22559361_-_ENSG00000185686.18_ENSG00000185686.18.unspliced,1962,1924,3784,1826,protein_coding
PRKCB_chr16_23835983_24220611_+_ENSG00000166501.14_ENSG00000166501.14.unspliced,3796,91471,295,89687,protein_coding
PRKRIP1_chr7_102363872_102426676_+_ENSG00000128563.13_ENSG00000128563.13.unspliced,5524,12507,1175,12292,protein_coding
PROSER2-AS1_chr10_11849608_11902519_-_ENSG00000225778.6_ENSG00000225778.6.unspliced,5790,724,2142,516,lncRNA
PRR5_chr22_44668547_44737681_+_ENSG00000186654.22_ENSG00000186654.22.unspliced,21088,1933,11747,1437,protein_coding
PSD4_chr2_113157325_113209396_+_ENSG00000125637.16_ENSG00000125637.16.unspliced,8281,4333,729,4669,protein_coding
PSMG4_chr6_3231403_3303373_+_ENSG00000180822.12_ENSG00000180822.12.unspliced,7663,7936,1565,6592,protein_coding
PTDSS2_chr11_448268_491399_+_ENSG00000174915.12_ENSG00000174915.12.unspliced,12630,4025,5099,967,protein_coding
PTPA_chr9_129110950_129148946_+_ENSG00000119383.21_ENSG00000119383.21.unspliced,7266,1592,996,1899,protein_coding
PURA_chr5_140107777_140125619_+_ENSG00000185129.8_ENSG00000185129.8.unspliced,5300,12213,1348,11857,protein_coding
QSOX1_chr1_180154869_180204030_+_ENSG00000116260.17_ENSG00000116260.17.unspliced,12653,3266,5019,1610,protein_coding
RABGEF1P1_chr7_66512393_66592448_-_ENSG00000291136.2_ENSG00000291136.2.unspliced,6567,8767,1665,11711,lncRNA
RABL6_chr9_136807943_136841187_+_ENSG00000196642.19_ENSG00000196642.19.unspliced,14094,615,8637,216,protein_coding
RANBP3_chr19_5916139_5978142_-_ENSG00000031823.14_ENSG00000031823.14.unspliced,8880,3998,3869,3072,protein_coding
RANGAP1_chr22_41244779_41286187_-_ENSG00000100401.21_ENSG00000100401.21.unspliced,4823,1319,5803,1328,protein_coding
RBCK1_chr20_407498_432139_+_ENSG00000125826.22_ENSG00000125826.22.unspliced,4043,5508,2595,4861,protein_coding
RBM10_chrX_47145221_47186813_+_ENSG00000182872.16_ENSG00000182872.16.unspliced,6358,6385,1977,6295,protein_coding
RDH13_chr19_55039108_55071291_-_ENSG00000160439.16_ENSG00000160439.16.unspliced,3457,1181,1644,702,protein_coding
RHEB_chr7_151466012_151520120_-_ENSG00000106615.10_ENSG00000106615.10.unspliced,1649,27559,1046,28719,protein_coding
RIPK1_chr6_3063824_3115187_+_ENSG00000137275.16_ENSG00000137275.16.unspliced,2350,17373,1314,16182,protein_coding
RIPOR3_chr20_50586108_50691542_-_ENSG00000042062.13_ENSG00000042062.13.unspliced,8313,4758,7567,2773,protein_coding
RNASET2_chr6_166922113_166957191_-_ENSG00000026297.17_ENSG00000026297.17.unspliced,5939,5041,2235,5071,protein_coding
RNF123_chr3_49689538_49721529_+_ENSG00000164068.16_ENSG00000164068.16.unspliced,8863,3264,5993,3821,protein_coding
RNF216_chr7_5620047_5781696_-_ENSG00000011275.19_ENSG00000011275.19.unspliced,4280,37100,795,26992,protein_coding
RPS6KA1_chr1_26529761_26575030_+_ENSG00000117676.14_ENSG00000117676.14.unspliced,11174,2417,3176,1580,protein_coding
RREB1_chr6_7107597_7251980_+_ENSG00000124782.21_ENSG00000124782.21.unspliced,6500,34837,2560,36400,protein_coding
RRM2_chr2_10120698_10211725_+_ENSG00000171848.16_ENSG00000171848.16.unspliced,11837,12461,7705,10541,protein_coding
SAFB_chr19_5623035_5668478_+_ENSG00000160633.13_ENSG00000160633.13.unspliced,3507,6258,2145,9857,protein_coding
SCAP_chr3_47413681_47477126_-_ENSG00000114650.21_ENSG00000114650.21.unspliced,7839,9517,2985,5224,protein_coding
SDC3_chr1_30869466_30908758_-_ENSG00000162512.16_ENSG00000162512.16.unspliced,11761,2245,9329,2002,protein_coding
SELENOO_chr22_50201011_50217616_+_ENSG00000073169.15_ENSG00000073169.15.unspliced,6620,2336,2062,1639,protein_coding
SEPTIN7P13_chr1_223992689_224034952_+_ENSG00000290989.2_ENSG00000290989.2.unspliced,1025,17746,381,19909,lncRNA
SERHL2_chr22_42553617_42574382_+_ENSG00000183569.18_ENSG00000183569.18.unspliced,5590,325,3372,423,protein_coding
SESN2_chr1_28259518_28282491_+_ENSG00000130766.5_ENSG00000130766.5.unspliced,588,3242,707,1288,protein_coding
SF1_chr11_64764606_64778786_-_ENSG00000168066.22_ENSG00000168066.22.unspliced,3076,4325,2283,3203,protein_coding
SF3A2_chr19_2236824_2248655_+_ENSG00000104897.10_ENSG00000104897.10.unspliced,3000,864,4176,1216,protein_coding
SFSWAP_chr12_131711081_131799738_+_ENSG00000061936.10_ENSG00000061936.10.unspliced,8373,16671,1383,13657,protein_coding
SH2B3_chr12_111405923_111451623_+_ENSG00000111252.11_ENSG00000111252.11.unspliced,8086,3780,9020,3528,protein_coding
SH3BP5L_chr1_248810446_248825915_-_ENSG00000175137.11_ENSG00000175137.11.unspliced,4750,1170,1973,411,protein_coding
SH3GLB2_chr9_129007036_129028331_-_ENSG00000148341.18_ENSG00000148341.18.unspliced,6135,1053,3916,1181,protein_coding
SKI_chr1_2227388_2310213_+_ENSG00000157933.11_ENSG00000157933.11.unspliced,36922,6594,26213,3484,protein_coding
SLC12A4_chr16_67943474_67969601_-_ENSG00000124067.17_ENSG00000124067.17.unspliced,12430,994,6498,1350,protein_coding
SLC20A2_chr8_42416475_42541926_-_ENSG00000168575.11_ENSG00000168575.11.unspliced,4094,36191,912,30034,protein_coding
SLC25A25_chr9_128068201_128109245_+_ENSG00000148339.13_ENSG00000148339.13.unspliced,8774,4307,6437,3412,protein_coding
SLC38A10_chr17_81244811_81295547_-_ENSG00000157637.13_ENSG00000157637.13.unspliced,19521,3120,8640,1083,protein_coding
SLC43A3_chr11_57406954_57427580_-_ENSG00000134802.18_ENSG00000134802.18.unspliced,2135,2614,812,1268,protein_coding
SLC5A6_chr2_27199587_27212958_-_ENSG00000138074.15_ENSG00000138074.15.unspliced,2680,1770,506,1442,protein_coding
SLC66A1_chr1_19312326_19329300_+_ENSG00000040487.13_ENSG00000040487.13.unspliced,3070,932,1091,1165,protein_coding
SLC6A6_chr3_14402576_14489349_+_ENSG00000131389.18_ENSG00000131389.18.unspliced,16782,2752,3145,3876,protein_coding
SLC7A1_chr13_29509414_29595688_-_ENSG00000139514.13_ENSG00000139514.13.unspliced,8854,21602,1398,14673,protein_coding
SMAD3_chr15_67063763_67195173_+_ENSG00000166949.18_ENSG00000166949.18.unspliced,9485,17822,2786,8315,protein_coding
SMAD6_chr15_66702236_66782849_+_ENSG00000137834.15_ENSG00000137834.15.unspliced,13059,5016,2818,4331,protein_coding
SMARCA4_chr19_10960932_11079426_+_ENSG00000127616.22_ENSG00000127616.22.unspliced,14207,5747,9976,3938,protein_coding
SMG5_chr1_156249224_156282825_-_ENSG00000198952.8_ENSG00000198952.8.unspliced,3938,1563,419,3025,protein_coding
SMPD4_chr2_130151392_130182750_-_ENSG00000136699.20_ENSG00000136699.20.unspliced,10229,1363,1977,665,protein_coding
SMYD5_chr2_73214222_73227221_+_ENSG00000135632.12_ENSG00000135632.12.unspliced,3226,504,1616,1030,protein_coding
SNAP29_chr22_20859007_20891214_+_ENSG00000099940.12_ENSG00000099940.12.unspliced,1923,1714,474,2296,protein_coding
SNAP47_chr1_227728200_227781826_+_ENSG00000143740.15_ENSG00000143740.15.unspliced,10749,6129,5965,2347,protein_coding
SNAPC4_chr9_136375567_136400176_-_ENSG00000165684.6_ENSG00000165684.6.unspliced,8141,1558,3466,1621,protein_coding
SNX9_chr6_157700387_157945077_+_ENSG00000130340.17_ENSG00000130340.17.unspliced,6911,82434,758,83113,protein_coding
SQSTM1_chr5_179806398_179838078_+_ENSG00000161011.20_ENSG00000161011.20.unspliced,6759,2088,591,849,protein_coding
SREBF1_chr17_17810399_17837002_-_ENSG00000072310.18_ENSG00000072310.18.unspliced,12308,278,3543,466,protein_coding
SREBF2_chr22_41833105_41907306_+_ENSG00000198911.13_ENSG00000198911.13.unspliced,5997,9022,3984,4669,protein_coding
SRRM2_chr16_2752626_2772538_+_ENSG00000167978.19_ENSG00000167978.19.unspliced,4701,1937,464,1074,protein_coding
ST3GAL2_chr16_70375977_70439237_-_ENSG00000157350.13_ENSG00000157350.13.unspliced,9621,2797,4153,2625,protein_coding
STEAP1B_chr7_22419444_22727613_-_ENSG00000105889.16_ENSG00000105889.16.unspliced,2963,110428,942,106475,protein_coding
STEAP3_chr2_119223831_119265652_+_ENSG00000115107.20_ENSG00000115107.20.unspliced,2778,2256,2636,1486,protein_coding
STK11_chr19_1177558_1228431_+_ENSG00000118046.18_ENSG00000118046.18.unspliced,16661,553,8075,1451,protein_coding
STK40_chr1_36339624_36385924_-_ENSG00000196182.11_ENSG00000196182.11.unspliced,6660,2473,3359,845,protein_coding
STRBP_chr9_123109500_123268586_-_ENSG00000165209.19_ENSG00000165209.19.unspliced,3816,102633,2655,102044,protein_coding
STRN4_chr19_46719511_46746994_-_ENSG00000090372.15_ENSG00000090372.15.unspliced,15517,341,6515,641,protein_coding
SUN1_chr7_816615_896435_+_ENSG00000164828.18_ENSG00000164828.18.unspliced,18012,10167,8937,7096,protein_coding
SUSD3_chr9_93058688_93085133_+_ENSG00000157303.11_ENSG00000157303.11.unspliced,3412,4611,1259,3306,protein_coding
TANGO2_chr22_20017014_20067164_+_ENSG00000183597.16_ENSG00000183597.16.unspliced,11568,1878,5319,2250,protein_coding
TAOK2_chr16_29973868_29992261_+_ENSG00000149930.18_ENSG00000149930.18.unspliced,7935,895,251,890,protein_coding
TAX1BP1_chr7_27739331_27844564_+_ENSG00000106052.14_ENSG00000106052.14.unspliced,1807,71663,627,70668,protein_coding
TBC1D14_chr4_6909242_7033118_+_ENSG00000132405.19_ENSG00000132405.19.unspliced,12960,14539,2926,9685,protein_coding
TBC1D9B_chr5_179862066_179907897_-_ENSG00000197226.13_ENSG00000197226.13.unspliced,6262,1448,3151,1773,protein_coding
TCF25_chr16_89873570_89913627_+_ENSG00000141002.20_ENSG00000141002.20.unspliced,6019,1870,3875,1881,protein_coding
TCOF1_chr5_150357629_150400308_+_ENSG00000070814.22_ENSG00000070814.22.unspliced,8043,1220,1334,275,protein_coding
TGFB1_chr19_41301587_41353922_-_ENSG00000105329.11_ENSG00000105329.11.unspliced,11633,2647,8453,270,protein_coding
TGM2_chr20_38127385_38166578_-_ENSG00000198959.12_ENSG00000198959.12.unspliced,5481,2375,3453,792,protein_coding
THEMIS2_chr1_27872543_27886685_+_ENSG00000130775.16_ENSG00000130775.16.unspliced,2164,632,811,405,protein_coding
TIMM44_chr19_7926718_7943667_-_ENSG00000104980.8_ENSG00000104980.8.unspliced,5883,691,2675,550,protein_coding
TKT_chr3_53224712_53256052_-_ENSG00000163931.17_ENSG00000163931.17.unspliced,11305,913,1555,877,protein_coding
TMEM120B_chr12_121712752_121783001_+_ENSG00000188735.13_ENSG00000188735.13.unspliced,6368,2340,1392,918,protein_coding
TMEM161A_chr19_19119169_19138513_-_ENSG00000064545.15_ENSG00000064545.15.unspliced,5774,3499,667,2988,protein_coding
TMEM181_chr6_158536436_158635433_+_ENSG00000146433.11_ENSG00000146433.11.unspliced,10881,25612,1189,24779,protein_coding
TMEM63A_chr1_225845536_225882380_-_ENSG00000196187.12_ENSG00000196187.12.unspliced,4517,1923,5662,3822,protein_coding
TMOD1_chr9_97501180_97601743_+_ENSG00000136842.14_ENSG00000136842.14.unspliced,6028,22411,2200,19359,protein_coding
TNFRSF10A_chr8_23190452_23225102_-_ENSG00000104689.10_ENSG00000104689.10.unspliced,1112,10499,1743,9330,protein_coding
TNFRSF1B_chr1_12166991_12209228_+_ENSG00000028137.19_ENSG00000028137.19.unspliced,10684,971,4117,913,protein_coding
TNRC18_chr7_5306790_5425414_-_ENSG00000182095.15_ENSG00000182095.15.unspliced,29973,4046,16549,3024,protein_coding
TRAPPC10_chr21_44012309_44106552_+_ENSG00000160218.13_ENSG00000160218.13.unspliced,2177,24999,2747,16493,protein_coding
TREX2_chrX_153444473_153470587_-_ENSG00000183479.13_ENSG00000183479.13.unspliced,8468,3266,4129,2466,protein_coding
TRIB3_chr20_362835_397559_+_ENSG00000101255.13_ENSG00000101255.13.unspliced,3244,1122,2065,2253,protein_coding
TRIM14_chr9_98069275_98119222_-_ENSG00000106785.15_ENSG00000106785.15.unspliced,726,7968,1088,6850,protein_coding
TRIM52-AS1_chr5_181246463_181295573_+_ENSG00000248275.5_ENSG00000248275.5.unspliced,5912,7938,501,8844,lncRNA
TRIP13_chr5_892884_919357_+_ENSG00000071539.14_ENSG00000071539.14.unspliced,2795,3669,3960,4352,protein_coding
TRPC4AP_chr20_35002404_35092807_-_ENSG00000100991.12_ENSG00000100991.12.unspliced,3754,28461,5109,28668,protein_coding
TRPV2_chr17_16415571_16437003_+_ENSG00000187688.15_ENSG00000187688.15.unspliced,1127,1320,1014,1466,protein_coding
TSPAN14_chr10_80454265_80533124_+_ENSG00000108219.17_ENSG00000108219.17.unspliced,12073,13164,3668,11173,protein_coding
TUBGCP2_chr10_133278635_133318823_-_ENSG00000130640.15_ENSG00000130640.15.unspliced,11823,2178,2770,1159,protein_coding
TXNRD2_chr22_19875517_19941820_-_ENSG00000184470.21_ENSG00000184470.21.unspliced,18250,2782,8749,4146,protein_coding
UBAC1_chr9_135932969_135961373_-_ENSG00000130560.9_ENSG00000130560.9.unspliced,4311,2968,1416,1768,protein_coding
UBE2L3_chr22_21549447_21624034_+_ENSG00000185651.16_ENSG00000185651.16.unspliced,3405,5231,595,2994,protein_coding
UBE2O_chr17_76389456_76453152_-_ENSG00000175931.13_ENSG00000175931.13.unspliced,6978,7554,2525,5079,protein_coding
USP36_chr17_78787381_78841441_-_ENSG00000055483.20_ENSG00000055483.20.unspliced,11425,7011,826,2779,protein_coding
VANGL1_chr1_115641970_115698224_+_ENSG00000173218.15_ENSG00000173218.15.unspliced,2496,12282,1059,13517,protein_coding
VARS1_chr6_31777518_31795752_-_ENSG00000204394.13_ENSG00000204394.13.unspliced,5187,2156,928,1975,protein_coding
VPS37C_chr11_61130257_61161615_-_ENSG00000167987.11_ENSG00000167987.11.unspliced,5142,6470,1790,5307,protein_coding
VPS4A_chr16_69311336_69326939_+_ENSG00000132612.17_ENSG00000132612.17.unspliced,4392,739,846,727,protein_coding
VRK1_chr14_96797304_96954846_+_ENSG00000100749.9_ENSG00000100749.9.unspliced,1461,91532,694,89774,protein_coding
WASH8P_chr12_14522_32015_-_ENSG00000226210.3_ENSG00000226210.3.unspliced,3632,476,944,1330,transcribed_unprocessed_pseudogene
WASHC1_chr9_14475_73865_-_ENSG00000181404.18_ENSG00000181404.18.unspliced,3576,14866,2813,19553,protein_coding
WNK4_chr17_42780610_42797066_+_ENSG00000126562.17_ENSG00000126562.17.unspliced,5003,1337,4445,1156,protein_coding
XYLB_chr3_38346760_38421348_+_ENSG00000093217.11_ENSG00000093217.11.unspliced,1596,19095,1209,16082,protein_coding
YTHDF1_chr20_63195429_63216139_-_ENSG00000149658.18_ENSG00000149658.18.unspliced,1572,5155,991,3346,protein_coding
ZC3H4_chr19_47064187_47113776_-_ENSG00000130749.10_ENSG00000130749.10.unspliced,11765,4007,3272,4619,protein_coding
ZCCHC17_chr1_31296982_31364953_+_ENSG00000121766.16_ENSG00000121766.16.unspliced,368,24709,511,26419,protein_coding
ZDHHC18_chr1_26826688_26857604_+_ENSG00000204160.12_ENSG00000204160.12.unspliced,3337,2779,1251,1179,protein_coding
ZDHHC3_chr3_44915257_44976185_-_ENSG00000163812.16_ENSG00000163812.16.unspliced,2963,10026,1169,11886,protein_coding
ZFYVE21_chr14_103715730_103733668_+_ENSG00000100711.14_ENSG00000100711.14.unspliced,7428,214,8204,600,protein_coding
ZMIZ1_chr10_79068966_79316519_+_ENSG00000108175.19_ENSG00000108175.19.unspliced,48504,3946,29832,2533,protein_coding
ZMIZ2_chr7_44748581_44769881_+_ENSG00000122515.16_ENSG00000122515.16.unspliced,6829,1512,2917,1319,protein_coding
ZNF274_chr19_58183029_58213562_+_ENSG00000171606.18_ENSG00000171606.18.unspliced,2635,4821,689,5158,protein_coding
ZNF275_chrX_153334147_153360110_+_ENSG00000063587.15_ENSG00000063587.15.unspliced,1373,7973,284,5861,protein_coding
ZNF335_chr20_45948660_45972203_-_ENSG00000198026.8_ENSG00000198026.8.unspliced,3507,1166,1779,689,protein_coding
ZNF496_chr1_247297412_247331867_-_ENSG00000162714.13_ENSG00000162714.13.unspliced,1444,8644,2684,4839,protein_coding
ZNF500_chr16_4748239_4767624_-_ENSG00000103199.14_ENSG00000103199.14.unspliced,3451,886,1933,1076,protein_coding
ZNF611_chr19_52702813_52735073_-_ENSG00000213020.10_ENSG00000213020.10.unspliced,735,5258,1159,3128,protein_coding
ZNF696_chr8_143289676_143299952_+_ENSG00000185730.8_ENSG00000185730.8.unspliced,2525,557,2010,307,protein_coding
ZNF746_chr7_149472696_149497817_-_ENSG00000181220.18_ENSG00000181220.18.unspliced,1485,9487,2818,9469,protein_coding
ZNF74_chr22_20394115_20408461_+_ENSG00000185252.19_ENSG00000185252.19.unspliced,2292,3391,1383,2102,protein_coding
ZNF783_chr7_149262171_149297302_+_ENSG00000204946.10_ENSG00000204946.10.unspliced,10723,7876,5199,6962,protein_coding
ZNF7_chr8_144827518_144847509_+_ENSG00000147789.16_ENSG00000147789.16.unspliced,3705,1323,807,525,protein_coding
ZSCAN32_chr16_3382081_3401065_-_ENSG00000140987.21_ENSG00000140987.21.unspliced,717,4049,494,4815,protein_coding
ZXDC_chr3_126437601_126475891_-_ENSG00000070476.15_ENSG00000070476.15.unspliced,3057,4557,248,3310,protein_coding