"g1_geneID","g1_geneName","g1_geneType","NEAT1_r","NEAT1_perct","ttl_pos_r","ttl_neg_r","cor_bias"
"ENSG00000002834.19","LASP1","protein_coding",0.370771574439769,67.9901558654635,5,7,-2
"ENSG00000006062.18","MAP3K14","protein_coding",0.0671956897480497,13.1255127153404,15,3,12
"ENSG00000006576.17","PHTF2","protein_coding",0.429114697269434,76.8990976210008,0,1,-1
"ENSG00000008083.14","JARID2","protein_coding",0.634331286387406,97.5553732567678,3,0,3
"ENSG00000008130.15","NADK","protein_coding",0.566451034468386,93.5192780968007,16,6,10
"ENSG00000009954.11","BAZ1B","protein_coding",0.272944291550564,50.8941755537326,3,6,-3
"ENSG00000011243.19","AKAP8L","protein_coding",0.314009566094687,58.408531583265,6,1,5
"ENSG00000011376.12","LARS2","protein_coding",0.0708078185367699,13.5684987694832,3,2,1
"ENSG00000011485.15","PPP5C","protein_coding",0.343395598814515,63.1501230516817,4,8,-4
"ENSG00000026297.17","RNASET2","protein_coding",0.575598764443549,94.3068088597211,2,2,0
"ENSG00000028137.19","TNFRSF1B","protein_coding",0.348952952033183,64.0032813781788,11,1,10
"ENSG00000029534.22","ANK1","protein_coding",0.580554043522248,94.7169811320755,5,0,5
"ENSG00000040487.13","SLC66A1","protein_coding",0.585879202320139,95.0615258408532,6,0,6
"ENSG00000042062.13","RIPOR3","protein_coding",0.660314556389466,98.5561936013126,0,0,0
"ENSG00000055118.18","KCNH2","protein_coding",0.498402014280836,85.9557013945857,1,0,1
"ENSG00000055483.20","USP36","protein_coding",0.527087130131854,89.5652173913043,5,1,4
"ENSG00000060971.19","ACAA1","protein_coding",0.384342939685716,70.090237899918,6,3,3
"ENSG00000061273.18","HDAC7","protein_coding",0.498564130379699,85.9885151763741,12,2,10
"ENSG00000062822.16","POLD1","protein_coding",0.442609330608245,78.9335520918786,7,3,4
"ENSG00000063245.15","EPN1","protein_coding",0.574961131971247,94.2904019688269,21,2,19
"ENSG00000063587.15","ZNF275","protein_coding",0.285822759108696,53.1911402789171,0,8,-8
"ENSG00000067057.19","PFKP","protein_coding",0.603987549533787,96.2756357670222,3,1,2
"ENSG00000067225.21","PKM","protein_coding",0.243385376605778,44.8236259228876,2,7,-5
"ENSG00000070413.21","DGCR2","protein_coding",0.619464902754833,97.0959803117309,7,2,5
"ENSG00000070476.15","ZXDC","protein_coding",0.542049101430015,91.1730926989336,7,1,6
"ENSG00000070814.22","TCOF1","protein_coding",0.252302086629327,46.5791632485644,0,0,0
"ENSG00000071539.14","TRIP13","protein_coding",0.134844563732474,23.1173092698934,3,11,-8
"ENSG00000072310.18","SREBF1","protein_coding",0.57874540920645,94.5365053322395,10,0,10
"ENSG00000073169.15","SELENOO","protein_coding",0.457509408860777,81.0336341263331,24,1,23
"ENSG00000073417.15","PDE8A","protein_coding",0.574454480007648,94.2411812961444,8,3,5
"ENSG00000073792.16","IGF2BP2","protein_coding",0.439964863155134,78.5890073831009,2,1,1
"ENSG00000074201.9","CLNS1A","protein_coding",0.171382948394067,30.1066447908121,0,6,-6
"ENSG00000074370.19","ATP2A3","protein_coding",0.579146273207142,94.5857260049221,6,5,1
"ENSG00000075643.6","MOCOS","protein_coding",0.379087750454925,69.1222313371616,4,0,4
"ENSG00000078304.20","PPP2R5C","protein_coding",0.597100324795094,95.8982772764561,5,2,3
"ENSG00000079805.19","DNM2","protein_coding",0.50236952893701,86.447908121411,12,5,7
"ENSG00000085733.16","CTTN","protein_coding",0.235451383623603,43.3798195242002,1,3,-2
"ENSG00000086232.13","EIF2AK1","protein_coding",0.520175864349509,88.597210828548,5,1,4
"ENSG00000087157.19","PGS1","protein_coding",0.432506656431767,77.4569319114028,16,1,15
"ENSG00000087269.16","NOP14","protein_coding",0.28795858800101,53.5684987694832,3,5,-2
"ENSG00000090372.15","STRN4","protein_coding",0.52809763495084,89.6800656275636,8,5,3
"ENSG00000090861.17","AARS1","protein_coding",0.445953200327676,79.4093519278097,3,6,-3
"ENSG00000093010.15","COMT","protein_coding",0.576156257903226,94.3560295324036,6,1,5
"ENSG00000093217.11","XYLB","protein_coding",0.474676199696272,83.2321575061526,3,1,2
"ENSG00000095951.18","HIVEP1","protein_coding",0.535138916131756,90.4183757178015,1,0,1
"ENSG00000096433.11","ITPR3","protein_coding",0.349415894977,64.0689089417555,3,6,-3
"ENSG00000096968.14","JAK2","protein_coding",0.432809326386372,77.5389663658737,12,3,9
"ENSG00000099889.14","ARVCF","protein_coding",0.588076754746959,95.2748154224774,12,2,10
"ENSG00000100029.18","PES1","protein_coding",0.191000351790096,33.9622641509434,2,12,-10
"ENSG00000100034.14","PPM1F","protein_coding",0.485865049010492,84.6431501230517,8,1,7
"ENSG00000100084.14","HIRA","protein_coding",0.655368320991939,98.3429040196883,12,2,10
"ENSG00000100280.17","AP1B1","protein_coding",0.358353965047333,65.890073831009,7,2,5
"ENSG00000100376.12","FAM118A","protein_coding",0.523175554104631,89.0566037735849,0,0,0
"ENSG00000100441.10","KHNYN","protein_coding",0.456270029387096,80.8531583264971,22,5,17
"ENSG00000100711.14","ZFYVE21","protein_coding",0.556375624159297,92.7645611156686,5,5,0
"ENSG00000100749.9","VRK1","protein_coding",0.0331426350737588,9.25348646431501,1,0,1
"ENSG00000100991.12","TRPC4AP","protein_coding",0.741293874835115,99.8523379819524,4,3,1
"ENSG00000101057.16","MYBL2","protein_coding",0.425062977350896,76.4068908941755,0,1,-1
"ENSG00000101152.12","DNAJC5","protein_coding",0.583267128035041,94.8810500410172,10,3,7
"ENSG00000101255.13","TRIB3","protein_coding",0.501949650739172,86.3330598851518,0,0,0
"ENSG00000102034.18","ELF4","protein_coding",0.544492274763002,91.5340442986054,8,5,3
"ENSG00000103126.15","AXIN1","protein_coding",0.39165708073358,71.1894995898277,21,6,15
"ENSG00000103264.18","FBXO31","protein_coding",0.560438614097334,93.0598851517637,7,1,6
"ENSG00000103319.12","EEF2K","protein_coding",0.42762054631288,76.636587366694,5,0,5
"ENSG00000103653.17","CSK","protein_coding",0.265140791011857,49.1222313371616,17,3,14
"ENSG00000104365.16","IKBKB","protein_coding",0.414130754122792,74.667760459393,5,3,2
"ENSG00000104689.10","TNFRSF10A","protein_coding",0.301817557208844,56.3412633305988,4,1,3
"ENSG00000104853.16","CLPTM1","protein_coding",0.386963829285404,70.5988515176374,9,0,9
"ENSG00000104897.10","SF3A2","protein_coding",0.433374609910329,77.6538146021329,18,1,17
"ENSG00000105063.19","PPP6R1","protein_coding",0.564399589107539,93.4208367514356,29,10,19
"ENSG00000105221.18","AKT2","protein_coding",0.620480762700967,97.1287940935193,13,4,9
"ENSG00000105245.9","NUMBL","protein_coding",0.362020009188009,66.5135356849877,4,8,-4
"ENSG00000105323.18","HNRNPUL1","protein_coding",0.462277807419946,81.7883511074651,18,6,12
"ENSG00000105329.11","TGFB1","protein_coding",0.468716170174516,82.4774405250205,20,2,18
"ENSG00000105402.8","NAPA","protein_coding",0.498293451245824,85.9064807219032,11,4,7
"ENSG00000105486.15","LIG1","protein_coding",0.220015699957503,40.1968826907301,3,6,-3
"ENSG00000105676.14","ARMC6","protein_coding",0.297919881463161,55.3732567678425,6,1,5
"ENSG00000105889.16","STEAP1B","protein_coding",0.529681404265747,89.811320754717,3,0,3
"ENSG00000106009.16","BRAT1","protein_coding",0.468754699205348,82.4938474159147,5,2,3
"ENSG00000106070.20","GRB10","protein_coding",0.588125595233287,95.2912223133716,1,1,0
"ENSG00000106125.14","MINDY4","protein_coding",0.382309405003119,69.7128794093519,6,0,6
"ENSG00000106263.19","EIF3B","protein_coding",0.411022826970805,74.1755537325677,4,5,-1
"ENSG00000106615.10","RHEB","protein_coding",0.739929197431143,99.8359310910582,4,6,-2
"ENSG00000106683.15","LIMK1","protein_coding",0.0727325971352537,13.8474159146842,3,8,-5
"ENSG00000106785.15","TRIM14","protein_coding",0.359452509238437,66.0541427399508,4,2,2
"ENSG00000107959.17","PITRM1","protein_coding",0.373706641836386,68.4495488105004,1,1,0
"ENSG00000108219.17","TSPAN14","protein_coding",0.535633953814803,90.4840032813782,2,3,-1
"ENSG00000109685.19","NSD2","protein_coding",0.657739121435277,98.4905660377358,2,4,-2
"ENSG00000110514.20","MADD","protein_coding",0.618668747479158,97.0139458572601,4,2,2
"ENSG00000110931.19","CAMKK2","protein_coding",0.586577864388081,95.1599671862182,6,0,6
"ENSG00000111321.11","LTBR","protein_coding",0.205160352313254,36.7186218211649,7,8,-1
"ENSG00000112877.8","CEP72","protein_coding",0.673014490587373,98.9991796554553,8,2,6
"ENSG00000114650.21","SCAP","protein_coding",0.432156373812331,77.4077112387203,4,0,4
"ENSG00000114738.11","MAPKAPK3","protein_coding",0.0967843709418967,16.8498769483183,17,4,13
"ENSG00000114739.14","ACVR2B","protein_coding",0.597863806791938,95.9146841673503,2,5,-3
"ENSG00000115053.17","NCL","protein_coding",0.129022907917138,22.149302707137,5,4,1
"ENSG00000115107.20","STEAP3","protein_coding",0.29543580854422,54.9466776045939,5,0,5
"ENSG00000115677.18","HDLBP","protein_coding",0.569011791382289,93.6997538966366,4,4,0
"ENSG00000116260.17","QSOX1","protein_coding",0.267679485942657,49.6964725184578,2,0,2
"ENSG00000116688.18","MFN2","protein_coding",0.543407470103224,91.3371616078753,14,1,13
"ENSG00000116691.11","MIIP","protein_coding",0.530823152361848,89.8933552091879,15,1,14
"ENSG00000116871.16","MAP7D1","protein_coding",0.359150461633686,66.0049220672683,8,1,7
"ENSG00000117676.14","RPS6KA1","protein_coding",0.481437921048204,84.1181296144381,13,3,10
"ENSG00000118046.18","STK11","protein_coding",0.516434240822377,88.1050041017227,24,2,22
"ENSG00000119333.12","DYNC2I2","protein_coding",0.304349375652798,56.7678424938474,13,5,8
"ENSG00000121281.13","ADCY7","protein_coding",0.451291591368279,80.1148482362592,6,2,4
"ENSG00000121671.12","CRY2","protein_coding",0.34507944550938,63.461853978671,7,1,6
"ENSG00000121766.16","ZCCHC17","protein_coding",0.22644790230207,41.591468416735,4,3,1
"ENSG00000122359.18","ANXA11","protein_coding",0.437144048282648,78.129614438064,4,7,-3
"ENSG00000122515.16","ZMIZ2","protein_coding",0.460127302120511,81.3617719442166,10,2,8
"ENSG00000123136.15","DDX39A","protein_coding",0.60734410476425,96.4397046759639,10,4,6
"ENSG00000123908.12","AGO2","protein_coding",0.478479108562595,83.7571780147662,5,1,4
"ENSG00000124067.17","SLC12A4","protein_coding",0.427891398626786,76.7022149302707,8,16,-8
"ENSG00000124587.14","PEX6","protein_coding",0.372250562222658,68.2198523379819,14,1,13
"ENSG00000124782.21","RREB1","protein_coding",0.659451112934906,98.5233798195242,4,0,4
"ENSG00000125503.13","PPP1R12C","protein_coding",0.68091076435087,99.2288761279737,28,5,23
"ENSG00000125505.17","MBOAT7","protein_coding",0.341344979857677,62.8219852337982,36,1,35
"ENSG00000125637.16","PSD4","protein_coding",0.298443044548129,55.5537325676784,7,2,5
"ENSG00000125826.22","RBCK1","protein_coding",0.521045244325067,88.695652173913,5,6,-1
"ENSG00000126391.14","FRMD8","protein_coding",0.412876716736701,74.4544708777687,28,1,27
"ENSG00000126562.17","WNK4","protein_coding",0.273309088346743,50.9926168990976,9,16,-7
"ENSG00000126870.16","DYNC2I1","protein_coding",0.605380869148387,96.3084495488105,4,0,4
"ENSG00000126882.14","FAM78A","protein_coding",0.488493770125939,84.9056603773585,3,3,0
"ENSG00000128191.17","DGCR8","protein_coding",0.686900735241712,99.3273174733388,12,6,6
"ENSG00000128731.18","HERC2","protein_coding",0.386076863273845,70.467596390484,3,0,3
"ENSG00000129993.15","CBFA2T3","protein_coding",0.671685818993859,98.9007383100902,18,0,18
"ENSG00000130164.16","LDLR","protein_coding",0.544771647399476,91.5996718621821,7,9,-2
"ENSG00000130309.12","COLGALT1","protein_coding",0.19451064660406,34.5365053322395,12,2,10
"ENSG00000130340.17","SNX9","protein_coding",0.552027515609496,92.4036095159967,6,0,6
"ENSG00000130382.9","MLLT1","protein_coding",0.531417055699617,89.9589827727646,10,2,8
"ENSG00000130402.14","ACTN4","protein_coding",0.411764473687541,74.3232157506153,6,1,5
"ENSG00000130560.9","UBAC1","protein_coding",0.514968426349461,87.8260869565217,1,5,-4
"ENSG00000130640.15","TUBGCP2","protein_coding",0.405907634792192,73.4208367514356,9,0,9
"ENSG00000130702.15","LAMA5","protein_coding",0.523955000885842,89.2206726825267,9,2,7
"ENSG00000130766.5","SESN2","protein_coding",0.530977339999524,89.909762100082,4,0,4
"ENSG00000130775.16","THEMIS2","protein_coding",0.428603111620135,76.8662838392125,11,4,7
"ENSG00000130816.17","DNMT1","protein_coding",0.427668399974471,76.6694011484824,1,11,-10
"ENSG00000131389.18","SLC6A6","protein_coding",0.241674587837646,44.5283018867925,6,1,5
"ENSG00000131408.15","NR1H2","protein_coding",0.479436633701788,83.921246923708,8,2,6
"ENSG00000131446.17","MGAT1","protein_coding",0.562801045779814,93.2403609515997,9,3,6
"ENSG00000131591.18","C1orf159","protein_coding",0.523803824439174,89.2042657916325,24,1,23
"ENSG00000132182.13","NUP210","protein_coding",0.5264605415275,89.4831829368335,1,3,-2
"ENSG00000132405.19","TBC1D14","protein_coding",0.594593713284662,95.6685808039377,11,1,10
"ENSG00000132589.16","FLOT2","protein_coding",0.484407828695043,84.4298605414274,15,6,9
"ENSG00000132613.16","MTSS2","protein_coding",0.463623773075811,81.9031993437244,6,1,5
"ENSG00000132740.10","IGHMBP2","protein_coding",0.542877129554884,91.2715340442986,5,2,3
"ENSG00000132906.18","CASP9","protein_coding",0.307989887403619,57.5553732567678,5,1,4
"ENSG00000133275.16","CSNK1G2","protein_coding",0.607380943346791,96.4561115668581,22,4,18
"ENSG00000133313.15","CNDP2","protein_coding",0.530326047690467,89.8441345365053,4,0,4
"ENSG00000133612.20","AGAP3","protein_coding",0.782320174943016,99.9507793273175,4,4,0
"ENSG00000134463.15","ECHDC3","protein_coding",0.293167289848875,54.6513535684988,8,0,8
"ENSG00000134802.18","SLC43A3","protein_coding",0.501954061487035,86.3494667760459,5,0,5
"ENSG00000135632.12","SMYD5","protein_coding",0.143363883715927,24.7744052502051,4,2,2
"ENSG00000136279.21","DBNL","protein_coding",0.479982724673472,83.9540607054963,8,4,4
"ENSG00000136280.17","CCM2","protein_coding",0.603288202955241,96.2264150943396,4,3,1
"ENSG00000136802.12","LRRC8A","protein_coding",0.139983454723109,24.1673502871206,3,3,0
"ENSG00000136842.14","TMOD1","protein_coding",0.643655041978505,97.8835110746514,2,0,2
"ENSG00000137198.10","GMPR","protein_coding",0.206793909844795,37.2272354388843,2,0,2
"ENSG00000137275.16","RIPK1","protein_coding",0.552289536619342,92.4528301886792,14,3,11
"ENSG00000137834.15","SMAD6","protein_coding",0.416300821968606,75.0615258408532,1,1,0
"ENSG00000138074.15","SLC5A6","protein_coding",0.089453468617532,15.980311730927,11,0,11
"ENSG00000138316.11","ADAMTS14","protein_coding",0.69197837298174,99.3765381460213,1,0,1
"ENSG00000138834.15","MAPK8IP3","protein_coding",0.67736366317975,99.1304347826087,18,8,10
"ENSG00000139514.13","SLC7A1","protein_coding",0.353609183439563,64.8728465955701,0,0,0
"ENSG00000140374.17","ETFA","protein_coding",0.147641001193499,25.6931911402789,3,1,2
"ENSG00000140839.13","CLEC18B","protein_coding",0.414915493068086,74.8974569319114,1,1,0
"ENSG00000140854.13","KATNB1","protein_coding",0.129820403401032,22.2969647251846,10,6,4
"ENSG00000140995.17","DEF8","protein_coding",0.627577209310159,97.4077112387203,12,3,9
"ENSG00000141002.20","TCF25","protein_coding",0.44650289693769,79.5242001640689,15,4,11
"ENSG00000141013.17","GAS8","protein_coding",0.447349168393793,79.7046759639048,6,12,-6
"ENSG00000141068.17","KSR1","protein_coding",0.554777584478043,92.6333059885152,4,0,4
"ENSG00000141562.19","NARF","protein_coding",0.507526723641138,86.8744872846596,22,2,20
"ENSG00000141867.19","BRD4","protein_coding",0.343959096108168,63.2813781788351,7,2,5
"ENSG00000141905.19","NFIC","protein_coding",0.500711746470424,86.2018047579984,9,8,1
"ENSG00000142798.20","HSPG2","protein_coding",0.482864441065848,84.2493847415915,2,3,-1
"ENSG00000143162.9","CREG1","protein_coding",0.109855784607746,18.8515176374077,2,0,2
"ENSG00000143870.13","PDIA6","protein_coding",0.335202989794376,61.8539786710418,2,5,-3
"ENSG00000144504.16","ANKMY1","protein_coding",0.581631879048198,94.7990155865463,9,2,7
"ENSG00000146067.17","FAM193B","protein_coding",0.495834830439004,85.7095980311731,16,2,14
"ENSG00000146433.11","TMEM181","protein_coding",0.552073585441251,92.4200164068909,4,2,2
"ENSG00000148337.22","CIZ1","protein_coding",0.372038711034994,68.2034454470878,10,1,9
"ENSG00000148339.13","SLC25A25","protein_coding",0.506083701253728,86.6940114848236,9,0,9
"ENSG00000148341.18","SH3GLB2","protein_coding",0.37626607246084,68.7776866283839,5,2,3
"ENSG00000148343.19","MIGA2","protein_coding",0.535461089442711,90.467596390484,11,4,7
"ENSG00000149485.19","FADS1","protein_coding",0.306816587827033,57.3092698933552,5,2,3
"ENSG00000149639.15","MTCL2","protein_coding",0.527554889426915,89.6636587366694,4,5,-1
"ENSG00000149930.18","TAOK2","protein_coding",0.194993283842394,34.8154224774405,19,6,13
"ENSG00000150867.14","PIP4K2A","protein_coding",0.60774084017154,96.5053322395406,1,1,0
"ENSG00000151503.14","NCAPD3","protein_coding",0.503746186286884,86.5299425758819,0,3,-3
"ENSG00000153815.18","CMIP","protein_coding",0.577533291389734,94.4216570959803,8,6,2
"ENSG00000155846.17","PPARGC1B","protein_coding",0.609709860685346,96.6858080393765,8,0,8
"ENSG00000156030.14","MIDEAS","protein_coding",0.470815752442891,82.7235438884331,1,0,1
"ENSG00000156052.11","GNAQ","protein_coding",0.552481995863566,92.4692370795734,1,2,-1
"ENSG00000157303.11","SUSD3","protein_coding",0.497682159969717,85.8572600492207,5,0,5
"ENSG00000157350.13","ST3GAL2","protein_coding",0.554580610405394,92.6004922067268,4,5,-1
"ENSG00000157617.17","C2CD2","protein_coding",0.373459920887985,68.4331419196062,3,0,3
"ENSG00000157637.13","SLC38A10","protein_coding",0.380756615875183,69.4339622641509,12,2,10
"ENSG00000157933.11","SKI","protein_coding",0.672872370477434,98.9827727645611,7,2,5
"ENSG00000158669.11","GPAT4","protein_coding",0.460037874198097,81.3453650533224,5,0,5
"ENSG00000158747.15","NBL1","protein_coding",0.0686510312255115,13.3716160787531,2,0,2
"ENSG00000159720.13","ATP6V0D1","protein_coding",0.361288044856877,66.3986874487285,14,7,7
"ENSG00000160285.15","LSS","protein_coding",0.608521896857319,96.5709598031173,2,2,0
"ENSG00000160439.16","RDH13","protein_coding",0.250159161956096,46.16899097621,6,5,1
"ENSG00000160633.13","SAFB","protein_coding",0.52284837952034,88.974569319114,8,4,4
"ENSG00000160799.13","CCDC12","protein_coding",0.570912129913664,93.9130434782609,5,0,5
"ENSG00000160972.10","PPP1R16A","protein_coding",0.569768419644137,93.8146021328958,17,0,17
"ENSG00000161011.20","SQSTM1","protein_coding",0.654702450619512,98.3264971287941,1,3,-2
"ENSG00000162063.13","CCNF","protein_coding",0.414882868683133,74.8810500410172,6,12,-6
"ENSG00000162337.12","LRP5","protein_coding",0.52341219628962,89.1222313371616,6,8,-2
"ENSG00000162496.10","DHRS3","protein_coding",0.208406401508963,37.5553732567678,3,1,2
"ENSG00000162512.16","SDC3","protein_coding",0.336390439776723,62.0672682526661,3,2,1
"ENSG00000162714.13","ZNF496","protein_coding",0.425055586951782,76.3904840032814,8,1,7
"ENSG00000163126.15","ANKRD23","protein_coding",0.438913868526575,78.3921246923708,6,1,5
"ENSG00000163812.16","ZDHHC3","protein_coding",0.27400436488247,51.1730926989336,3,10,-7
"ENSG00000163931.17","TKT","protein_coding",0.102586854831245,17.752255947498,6,2,4
"ENSG00000164068.16","RNF123","protein_coding",0.448988488388229,79.8195242001641,7,1,6
"ENSG00000164626.9","KCNK5","protein_coding",0.405472700689375,73.3552091878589,0,0,0
"ENSG00000164818.16","DNAAF5","protein_coding",0.383826140728335,69.9589827727646,3,4,-1
"ENSG00000164828.18","SUN1","protein_coding",0.608670561995479,96.5873666940115,5,3,2
"ENSG00000165209.19","STRBP","protein_coding",0.606422421212363,96.3740771123872,2,0,2
"ENSG00000166501.14","PRKCB","protein_coding",0.254747825793545,47.1205906480722,2,5,-3
"ENSG00000166949.18","SMAD3","protein_coding",0.502021468201537,86.3986874487285,3,0,3
"ENSG00000167491.18","GATAD2A","protein_coding",0.428076301741077,76.7514356029532,14,2,12
"ENSG00000167522.18","ANKRD11","protein_coding",0.726287488839063,99.7374897456932,11,5,6
"ENSG00000167670.16","CHAF1A","protein_coding",0.410913035813802,74.1263330598852,2,12,-10
"ENSG00000167972.14","ABCA3","protein_coding",0.376457791206548,68.7940935192781,4,1,3
"ENSG00000167978.19","SRRM2","protein_coding",0.397928490652172,72.239540607055,17,6,11
"ENSG00000167987.11","VPS37C","protein_coding",0.463680908912627,81.9196062346185,7,3,4
"ENSG00000168066.22","SF1","protein_coding",0.26957534906814,50.1558654634947,23,1,22
"ENSG00000168575.11","SLC20A2","protein_coding",0.274523899952606,51.2879409351928,6,2,4
"ENSG00000168924.15","LETM1","protein_coding",0.366748227605002,67.4487284659557,3,4,-1
"ENSG00000169174.13","PCSK9","protein_coding",0.425145457063231,76.4232977850697,3,0,3
"ENSG00000170340.11","B3GNT2","protein_coding",0.581888239514748,94.8154224774405,2,1,1
"ENSG00000171310.11","CHST11","protein_coding",0.531056149113977,89.9261689909762,3,7,-4
"ENSG00000171552.14","BCL2L1","protein_coding",0.121079511453848,20.8203445447088,3,0,3
"ENSG00000171848.16","RRM2","protein_coding",0.612662711174182,96.7842493847416,5,6,-1
"ENSG00000172932.16","ANKRD13D","protein_coding",0.337511773021281,62.1985233798195,16,4,12
"ENSG00000173218.15","VANGL1","protein_coding",0.269408350864653,50.1230516817063,2,1,1
"ENSG00000174915.12","PTDSS2","protein_coding",0.662277745189155,98.6382280557834,14,4,10
"ENSG00000175029.17","CTBP2","protein_coding",0.841459703394362,99.9835931091058,3,1,2
"ENSG00000175137.11","SH3BP5L","protein_coding",0.13000235053465,22.3461853978671,4,0,4
"ENSG00000175164.16","ABO","protein_coding",0.714795713642325,99.6718621821165,5,1,4
"ENSG00000177000.13","MTHFR","protein_coding",0.445605465505634,79.3109105824446,7,1,6
"ENSG00000177084.19","POLE","protein_coding",0.571638469543538,93.9458572600492,5,0,5
"ENSG00000177200.18","CHD9","protein_coding",0.560467536686938,93.0762920426579,1,12,-11
"ENSG00000177830.18","CHID1","protein_coding",0.417482947878261,75.2091878589007,17,5,12
"ENSG00000178209.17","PLEC","protein_coding",0.507740175548591,86.8908941755537,10,3,7
"ENSG00000178921.14","PFAS","protein_coding",-0.0136722592196171,5.41427399507793,6,23,-17
"ENSG00000178950.18","GAK","protein_coding",0.709617069478702,99.5734208367514,13,2,11
"ENSG00000180104.16","EXOC3","protein_coding",0.355252517080378,65.3486464315012,2,6,-4
"ENSG00000180822.12","PSMG4","protein_coding",0.692152174132964,99.3929450369155,5,13,-8
"ENSG00000181026.15","AEN","protein_coding",0.106905040160913,18.2608695652174,2,1,1
"ENSG00000181220.18","ZNF746","protein_coding",0.446443969604999,79.4913863822806,8,3,5
"ENSG00000181404.18","WASHC1","protein_coding",0.552737182424758,92.5020508613618,4,0,4
"ENSG00000182054.10","IDH2","protein_coding",0.262575068415291,48.597210828548,9,3,6
"ENSG00000182095.15","TNRC18","protein_coding",0.644732527524313,97.949138638228,9,1,8
"ENSG00000182872.16","RBM10","protein_coding",0.378865124174097,69.0894175553733,7,4,3
"ENSG00000183479.13","TREX2","protein_coding",0.566448582546345,93.5028712059065,16,0,16
"ENSG00000183495.15","EP400","protein_coding",0.422337231695282,75.980311730927,2,6,-4
"ENSG00000183597.16","TANGO2","protein_coding",0.489397161471338,85.0205086136177,5,10,-5
"ENSG00000184470.21","TXNRD2","protein_coding",0.468263622770408,82.3954060705496,8,1,7
"ENSG00000185129.8","PURA","protein_coding",0.466692784303677,82.2313371616079,3,12,-9
"ENSG00000185686.18","PRAME","protein_coding",0.298404590454603,55.5209187858901,0,0,0
"ENSG00000185730.8","ZNF696","protein_coding",0.365419810433897,67.1205906480722,6,6,0
"ENSG00000185811.21","IKZF1","protein_coding",0.420329577946497,75.6029532403609,2,2,0
"ENSG00000185963.14","BICD2","protein_coding",0.444900854195244,79.2616899097621,4,1,3
"ENSG00000186111.11","PIP5K1C","protein_coding",0.664359214233402,98.7038556193601,8,2,6
"ENSG00000186185.14","KIF18B","protein_coding",0.461556394407069,81.6899097621001,4,8,-4
"ENSG00000186654.22","PRR5","protein_coding",0.512724182056017,87.5307629204266,8,1,7
"ENSG00000186716.21","BCR","protein_coding",0.614285985145531,96.8826907301066,11,0,11
"ENSG00000187688.15","TRPV2","protein_coding",0.244962519472519,45.1189499589828,3,8,-5
"ENSG00000188511.15","MIR3667HG","lncRNA",0.78334928989496,99.9671862182117,11,0,11
"ENSG00000196182.11","STK40","protein_coding",0.262028312015931,48.4659557013946,7,2,5
"ENSG00000196187.12","TMEM63A","protein_coding",0.584138169453184,94.9138638228056,9,5,4
"ENSG00000196411.10","EPHB4","protein_coding",0.262008478684399,48.4495488105004,5,2,3
"ENSG00000196535.20","MYO18A","protein_coding",0.50778596024086,86.9237079573421,9,5,4
"ENSG00000197081.16","IGF2R","protein_coding",0.560666198346979,93.1091058244463,5,1,4
"ENSG00000197183.15","NOL4L","protein_coding",0.496329240655129,85.7424118129614,12,3,9
"ENSG00000197785.14","ATAD3A","protein_coding",0.667276806928455,98.7530762920427,2,10,-8
"ENSG00000197948.11","FCHSD1","protein_coding",0.244846583296696,45.0861361771944,9,29,-20
"ENSG00000198026.8","ZNF335","protein_coding",0.165827176416541,29.2863002461034,11,3,8
"ENSG00000198055.11","GRK6","protein_coding",0.498687389294832,86.0213289581624,15,4,11
"ENSG00000198171.13","DDRGK1","protein_coding",0.193439595186556,34.3396226415094,7,0,7
"ENSG00000198363.18","ASPH","protein_coding",0.380248596153783,69.3191140278917,1,0,1
"ENSG00000198911.13","SREBF2","protein_coding",0.611475544571363,96.7350287120591,11,0,11
"ENSG00000198952.8","SMG5","protein_coding",0.299735486833933,55.8654634946678,18,6,12
"ENSG00000198959.12","TGM2","protein_coding",0.122685470657322,21.0664479081214,3,0,3
"ENSG00000204160.12","ZDHHC18","protein_coding",0.352069010715684,64.5283018867924,13,3,10
"ENSG00000213020.10","ZNF611","protein_coding",0.499547879060718,86.1361771944217,12,1,11
"ENSG00000213024.13","NUP62","protein_coding",0.507890077820388,86.9401148482363,3,8,-5
"ENSG00000213923.13","CSNK1E","protein_coding",0.179231810145957,31.6160787530763,14,2,12
"ENSG00000215908.12","CROCCP2","transcribed_unprocessed_pseudogene",0.66128111841139,98.5890073831009,7,1,6
"ENSG00000225778.6","PROSER2-AS1","lncRNA",0.304880104537281,56.8826907301066,4,0,4
"ENSG00000232725.2","PLXNB3-AS1","lncRNA",0.411795299140187,74.3560295324036,2,0,2
"ENSG00000233098.11","CCDC144NL-AS1","lncRNA",0.242423815341391,44.6267432321575,0,0,0
"ENSG00000244300.4","GATA2-AS1","lncRNA",0.672381795995445,98.9499589827728,2,3,-1
"ENSG00000245532.12","NEAT1","lncRNA",1,100,1,6,-5
"ENSG00000248275.5","TRIM52-AS1","lncRNA",0.508789776995909,87.0877768662838,7,1,6
"ENSG00000267265.7","GP6-AS1","lncRNA",0.646154543643288,98.0311730926989,13,2,11
"ENSG00000269335.7","IKBKG","protein_coding",0.529341436285986,89.7785069729286,13,2,11
"ENSG00000288922.3","ENSG00000288922","lncRNA",NA,NA,14,0,14
"ENSG00000290606.3","ENSG00000290606","lncRNA",0.456420316237135,80.9187858900738,1,0,1
"ENSG00000290796.1","ENSG00000290796","lncRNA",0.536078377343846,90.5168170631665,7,0,7
"ENSG00000290823.2","ENSG00000290823","lncRNA",0.494597189878526,85.4963084495488,0,0,0
"ENSG00000290948.2","ENSG00000290948","lncRNA",0.379350707971716,69.1878589007383,8,0,8
"ENSG00000291015.2","ENSG00000291015","lncRNA",0.612035596454775,96.7514356029532,11,3,8
"ENSG00000291136.2","RABGEF1P1","lncRNA",0.25863673883336,47.940935192781,6,0,6
"ENSG00000295087.1","ENSG00000295087","lncRNA",0.222782098757564,40.836751435603,12,0,12
"ENSG00000297575.1","ENSG00000297575","lncRNA",0.642976889437993,97.850697292863,8,4,4
"ENSG00000302999.1","ENSG00000302999","lncRNA",NA,NA,20,2,18
