"g1_geneID","g1_geneName","g1_geneType","XIST_r","XIST_perct","ttl_pos_r","ttl_neg_r","cor_bias"
"ENSG00000002549.13","LAP3","protein_coding",-0.0243629929445755,6.92556634304207,1,0,1
"ENSG00000003402.21","CFLAR","protein_coding",0.250640102762611,84.6278317152104,15,4,11
"ENSG00000004866.22","ST7","protein_coding",0.224292688780135,79.3203883495146,6,0,6
"ENSG00000006125.18","AP2B1","protein_coding",0.030434417153521,19.0614886731392,4,6,-2
"ENSG00000006831.10","ADIPOR2","protein_coding",0.0878080010832566,36.747572815534,3,1,2
"ENSG00000007392.17","LUC7L","protein_coding",0.254151924895514,85.2427184466019,11,1,10
"ENSG00000007923.17","DNAJC11","protein_coding",0.0694727908888924,30.5339805825243,4,4,0
"ENSG00000009335.19","UBE3C","protein_coding",0.289366464589465,90.4854368932039,2,4,-2
"ENSG00000009413.17","REV3L","protein_coding",0.0745248024787988,32.1844660194175,3,0,3
"ENSG00000011426.11","ANLN","protein_coding",0.161674882730615,62.0550161812298,0,6,-6
"ENSG00000011566.15","MAP4K3","protein_coding",0.0570831450836134,26.4724919093851,8,0,8
"ENSG00000014123.10","UFL1","protein_coding",0.202754826206512,73.8025889967638,3,0,3
"ENSG00000014641.21","MDH1","protein_coding",0.0721353158539476,31.3268608414239,1,2,-1
"ENSG00000015479.20","MATR3","protein_coding",0.296348831236502,91.3915857605178,6,4,2
"ENSG00000016864.19","GLT8D1","protein_coding",-0.0223005387539598,7.33009708737864,6,15,-9
"ENSG00000022976.16","ZNF839","protein_coding",0.0827029362935636,34.9029126213592,4,2,2
"ENSG00000023734.11","STRAP","protein_coding",0.0719618429739465,31.1974110032362,3,0,3
"ENSG00000035681.10","NSMAF","protein_coding",0.280208917203165,89.2233009708738,2,0,2
"ENSG00000036549.13","ZZZ3","protein_coding",0.220546218602589,78.3980582524272,10,0,10
"ENSG00000039650.12","PNKP","protein_coding",0.0914361784044556,38.042071197411,25,3,22
"ENSG00000042753.12","AP2S1","protein_coding",-0.00353295811957258,10.4368932038835,10,3,7
"ENSG00000049656.14","CLPTM1L","protein_coding",0.277813654395766,88.8349514563107,1,1,0
"ENSG00000051382.10","PIK3CB","protein_coding",0.320265767438239,94.2880258899676,1,3,-2
"ENSG00000055044.11","NOP58","protein_coding",0.195569372589716,71.6019417475728,2,2,0
"ENSG00000055211.14","GINM1","protein_coding",0.180596494371765,67.2815533980583,12,3,9
"ENSG00000055483.20","USP36","protein_coding",0.225786151068147,79.6925566343042,5,1,4
"ENSG00000059728.11","MXD1","protein_coding",0.297563970343216,91.5533980582524,8,5,3
"ENSG00000060642.12","PIGV","protein_coding",0.2011319413436,73.2686084142395,5,0,5
"ENSG00000064933.19","PMS1","protein_coding",0.259666833652452,86.1003236245955,4,2,2
"ENSG00000065183.16","WDR3","protein_coding",0.154837012542625,59.6278317152104,0,3,-3
"ENSG00000066136.21","NFYC","protein_coding",0.133756127906436,52.621359223301,6,2,4
"ENSG00000066279.19","ASPM","protein_coding",0.0981547466889284,40.3398058252427,1,0,1
"ENSG00000067829.20","IDH3G","protein_coding",0.132255005094218,51.9741100323625,13,4,9
"ENSG00000068308.15","OTUD5","protein_coding",0.137493165966311,54.126213592233,26,1,25
"ENSG00000070476.15","ZXDC","protein_coding",0.211033935485072,75.9061488673139,7,1,6
"ENSG00000070669.17","ASNS","protein_coding",0.0250184137793201,17.4757281553398,1,6,-5
"ENSG00000071127.18","WDR1","protein_coding",0.0696720411699902,30.5825242718447,2,0,2
"ENSG00000071243.16","ING3","protein_coding",0.317309487218832,93.9482200647249,1,1,0
"ENSG00000071564.19","TCF3","protein_coding",0.110267620315282,43.9644012944984,4,8,-4
"ENSG00000071794.16","HLTF","protein_coding",0.207561670048506,75.0485436893204,1,1,0
"ENSG00000072274.14","TFRC","protein_coding",0.277968239054798,88.8673139158576,6,1,5
"ENSG00000073169.15","SELENOO","protein_coding",0.212955639300761,76.4239482200647,24,1,23
"ENSG00000073578.18","SDHA","protein_coding",0.122952737584888,48.5760517799353,3,1,2
"ENSG00000073921.18","PICALM","protein_coding",0.130462838730208,51.2783171521036,2,6,-4
"ENSG00000075914.13","EXOSC7","protein_coding",-0.00136289759284859,10.8899676375405,11,3,8
"ENSG00000077254.14","USP33","protein_coding",0.190723874047853,70.2588996763754,8,0,8
"ENSG00000077380.16","DYNC1I2","protein_coding",0.21329293413826,76.5533980582524,9,1,8
"ENSG00000079785.16","DDX1","protein_coding",-0.0161218903761872,8.1715210355987,0,0,0
"ENSG00000079805.19","DNM2","protein_coding",0.406707067216181,98.705501618123,12,5,7
"ENSG00000080608.10","PUM3","protein_coding",0.294001386673228,91.0679611650485,4,1,3
"ENSG00000083168.11","KAT6A","protein_coding",0.377202547147329,97.6051779935275,9,1,8
"ENSG00000084234.18","APLP2","protein_coding",0.179749599717868,67.1035598705502,3,0,3
"ENSG00000084774.14","CAD","protein_coding",0.212939554437595,76.4077669902913,2,4,-2
"ENSG00000086758.17","HUWE1","protein_coding",0.259139747613272,86.0032362459547,0,1,-1
"ENSG00000087206.17","UIMC1","protein_coding",0.1215070479573,48.0744336569579,20,1,19
"ENSG00000088448.14","ANKRD10","protein_coding",0.0972940614100435,40.0485436893204,8,0,8
"ENSG00000090615.16","GOLGA3","protein_coding",0.302190474584187,92.1844660194175,5,8,-3
"ENSG00000090686.16","USP48","protein_coding",0.145929927248154,56.8446601941748,1,1,0
"ENSG00000091009.8","RBM27","protein_coding",0.232320789205574,81.2297734627832,2,1,1
"ENSG00000092140.16","G2E3","protein_coding",0.330255310254723,94.9029126213592,0,1,-1
"ENSG00000092148.14","HECTD1","protein_coding",0.00488453627217992,12.3139158576052,5,0,5
"ENSG00000093009.11","CDC45","protein_coding",0.259099491649868,85.9870550161812,3,7,-4
"ENSG00000093183.14","SEC22C","protein_coding",0.0649615855390672,29.126213592233,9,2,7
"ENSG00000095209.12","TMEM38B","protein_coding",0.145803691019142,56.7961165048544,5,0,5
"ENSG00000095574.12","IKZF5","protein_coding",0.459145088698131,99.6440129449838,1,3,-2
"ENSG00000095787.26","WAC","protein_coding",0.105816607347308,42.5566343042071,1,0,1
"ENSG00000096433.11","ITPR3","protein_coding",NA,NA,3,6,-3
"ENSG00000096968.14","JAK2","protein_coding",0.224655482438505,79.3851132686084,12,3,9
"ENSG00000099341.13","PSMD8","protein_coding",-0.00995041964980346,9.4336569579288,4,6,-2
"ENSG00000099622.14","CIRBP","protein_coding",0.129756627789772,51.0194174757282,13,2,11
"ENSG00000099821.14","POLRMT","protein_coding",0.162068132906137,62.2006472491909,7,0,7
"ENSG00000100030.15","MAPK1","protein_coding",0.353085106344725,96.3754045307443,5,2,3
"ENSG00000100372.15","SLC25A17","protein_coding",0.151311381779709,58.5922330097087,3,5,-2
"ENSG00000100644.17","HIF1A","protein_coding",0.196247487712999,71.7961165048544,3,2,1
"ENSG00000100711.14","ZFYVE21","protein_coding",0.151804465372359,58.7540453074434,5,5,0
"ENSG00000100749.9","VRK1","protein_coding",0.0604121070059258,27.7346278317152,1,0,1
"ENSG00000100991.12","TRPC4AP","protein_coding",0.32152523273293,94.368932038835,4,3,1
"ENSG00000101040.20","ZMYND8","protein_coding",0.361197921923346,96.9417475728155,4,2,2
"ENSG00000101782.15","RIOK3","protein_coding",0.0625239177055237,28.3980582524272,1,0,1
"ENSG00000102054.18","RBBP7","protein_coding",0.0746772855060674,32.2168284789644,2,1,1
"ENSG00000102081.16","FMR1","protein_coding",0.273109127180551,88.2847896440129,2,0,2
"ENSG00000102241.12","HTATSF1","protein_coding",0.111991055848913,44.6278317152104,1,4,-3
"ENSG00000103005.13","USB1","protein_coding",0.136334191338389,53.6084142394822,6,3,3
"ENSG00000103150.7","MLYCD","protein_coding",NA,NA,4,0,4
"ENSG00000103202.13","NME4","protein_coding",0.110712438033221,44.1747572815534,7,0,7
"ENSG00000104218.16","CSPP1","protein_coding",0.29873331141158,91.747572815534,4,2,2
"ENSG00000104331.9","BPNT2","protein_coding",0.200485845290298,73.042071197411,2,0,2
"ENSG00000104517.13","UBR5","protein_coding",0.168758893296398,64.1909385113269,5,0,5
"ENSG00000104812.15","GYS1","protein_coding",0.196583389213051,71.9417475728155,3,16,-13
"ENSG00000104853.16","CLPTM1","protein_coding",0.119926149473397,47.5242718446602,9,0,9
"ENSG00000104960.15","PTOV1","protein_coding",0.208352589144117,75.2750809061489,25,3,22
"ENSG00000105053.11","VRK3","protein_coding",0.035351817682923,20.5663430420712,16,3,13
"ENSG00000105063.19","PPP6R1","protein_coding",0.144217283119286,56.2135922330097,29,10,19
"ENSG00000105185.12","PDCD5","protein_coding",0.0517588053350224,24.9190938511327,3,3,0
"ENSG00000105186.16","ANKRD27","protein_coding",0.139559253072404,54.6601941747573,3,2,1
"ENSG00000105323.18","HNRNPUL1","protein_coding",0.263743896610996,86.747572815534,18,6,12
"ENSG00000106105.15","GARS1","protein_coding",0.104692104722684,42.168284789644,1,15,-14
"ENSG00000106263.19","EIF3B","protein_coding",0.180791927357835,67.3624595469256,4,5,-1
"ENSG00000106524.9","ANKMY2","protein_coding",0.162598116271609,62.4271844660194,9,0,9
"ENSG00000106615.10","RHEB","protein_coding",0.221245954540091,78.6245954692557,4,6,-2
"ENSG00000107789.16","MINPP1","protein_coding",0.0547134609820819,25.7605177993528,8,3,5
"ENSG00000107959.17","PITRM1","protein_coding",0.0920662916849341,38.2200647249191,1,1,0
"ENSG00000108010.12","GLRX3","protein_coding",0.197019863865638,72.0550161812298,1,2,-1
"ENSG00000108021.22","TASOR2","protein_coding",0.210739816177952,75.873786407767,2,6,-4
"ENSG00000108219.17","TSPAN14","protein_coding",0.0499008428123255,24.368932038835,2,3,-1
"ENSG00000108424.11","KPNB1","protein_coding",0.172186754126347,65.1294498381877,5,9,-4
"ENSG00000108953.17","YWHAE","protein_coding",0.140404608509515,55.0161812297735,6,5,1
"ENSG00000109184.15","DCUN1D4","protein_coding",0.17142303418149,64.8867313915858,4,0,4
"ENSG00000109685.19","NSD2","protein_coding",0.254023702255532,85.1941747572816,2,4,-2
"ENSG00000110092.4","CCND1","protein_coding",0.184862924065047,68.5275080906149,2,0,2
"ENSG00000110321.19","EIF4G2","protein_coding",0.296706626563175,91.4563106796116,2,1,1
"ENSG00000110435.13","PDHX","protein_coding",0.00951776373583861,13.2362459546926,1,4,-3
"ENSG00000110619.18","CARS1","protein_coding",0.233258283277,81.4886731391586,3,2,1
"ENSG00000110713.18","NUP98","protein_coding",0.123453830876312,48.8025889967638,6,1,5
"ENSG00000111300.10","NAA25","protein_coding",0.201479733245187,73.4142394822006,2,2,0
"ENSG00000111371.16","SLC38A1","protein_coding",0.233597234495032,81.5857605177994,1,0,1
"ENSG00000111605.18","CPSF6","protein_coding",0.0547891241264122,25.7766990291262,3,2,1
"ENSG00000112208.11","BAG2","protein_coding",0.0512483330403881,24.7572815533981,5,0,5
"ENSG00000112237.13","CCNC","protein_coding",0.129110307790089,50.7605177993527,4,0,4
"ENSG00000112992.18","NNT","protein_coding",0.271179309567098,87.9773462783172,6,0,6
"ENSG00000113161.17","HMGCR","protein_coding",0.195612408857253,71.6181229773463,0,0,0
"ENSG00000113356.13","POLR3G","protein_coding",0.0983433923880346,40.4045307443366,4,0,4
"ENSG00000113368.12","LMNB1","protein_coding",0.0474432795838129,23.7378640776699,1,4,-3
"ENSG00000113407.14","TARS1","protein_coding",0.0720610354643832,31.2783171521036,2,0,2
"ENSG00000113658.18","SMAD5","protein_coding",0.0746455304345444,32.2006472491909,1,0,1
"ENSG00000114062.22","UBE3A","protein_coding",0.0951065306464864,39.1747572815534,2,1,1
"ENSG00000114120.14","SLC25A36","protein_coding",0.268044146184157,87.4271844660194,4,1,3
"ENSG00000115392.13","FANCL","protein_coding",0.30584775600934,92.6537216828479,3,2,1
"ENSG00000115464.15","USP34","protein_coding",0.235803380675302,82.0550161812298,4,0,4
"ENSG00000115514.12","TXNDC9","protein_coding",-0.0825583605183488,1.47249190938511,2,2,0
"ENSG00000115652.15","UXS1","protein_coding",0.219298076142764,78.0906148867314,0,2,-2
"ENSG00000115677.18","HDLBP","protein_coding",0.23376196581765,81.6343042071197,4,4,0
"ENSG00000115866.11","DARS1","protein_coding",0.0839239688823464,35.3074433656958,5,1,4
"ENSG00000116120.11","FARSB","protein_coding",0.159412668987619,61.326860841424,2,0,2
"ENSG00000116406.20","EDEM3","protein_coding",0.222064657972753,78.8996763754045,1,0,1
"ENSG00000116830.12","TTF2","protein_coding",0.156137376883919,60.0485436893204,1,2,-1
"ENSG00000117000.9","RLF","protein_coding",0.260999166348372,86.326860841424,4,2,2
"ENSG00000117054.15","ACADM","protein_coding",0.0844372707973571,35.4854368932039,2,1,1
"ENSG00000117139.18","KDM5B","protein_coding",0.293920869234649,91.0355987055016,8,0,8
"ENSG00000117155.17","SSX2IP","protein_coding",0.295454606027251,91.2783171521036,0,2,-2
"ENSG00000117394.24","SLC2A1","protein_coding",0.109226511685359,43.6084142394822,6,0,6
"ENSG00000117475.14","BLZF1","protein_coding",0.268698498504496,87.5080906148867,1,1,0
"ENSG00000117751.18","PPP1R8","protein_coding",0.11524913059364,45.8576051779935,1,13,-12
"ENSG00000118900.15","UBN1","protein_coding",0.147543822926684,57.411003236246,12,5,7
"ENSG00000118961.15","LDAH","protein_coding",0.0719631296220316,31.2135922330097,1,5,-4
"ENSG00000118971.9","CCND2","protein_coding",0.478012476276949,99.8381877022654,2,0,2
"ENSG00000119514.7","GALNT12","protein_coding",0.237846332590018,82.3462783171521,3,0,3
"ENSG00000119599.17","DCAF4","protein_coding",0.0558949088038298,26.084142394822,3,4,-1
"ENSG00000119787.14","ATL2","protein_coding",0.18465789130059,68.4789644012945,6,3,3
"ENSG00000120008.16","WDR11","protein_coding",0.187346990645057,69.2556634304207,2,1,1
"ENSG00000120071.15","KANSL1","protein_coding",0.140614815720207,55.0647249190938,8,0,8
"ENSG00000120158.12","RCL1","protein_coding",0.100880539911626,41.0679611650485,7,0,7
"ENSG00000120159.13","CAAP1","protein_coding",0.160575317164259,61.6990291262136,3,0,3
"ENSG00000120254.16","MTHFD1L","protein_coding",0.167533022730539,63.8511326860841,2,0,2
"ENSG00000120685.20","PROSER1","protein_coding",0.141713667522541,55.5339805825243,0,0,0
"ENSG00000120705.13","ETF1","protein_coding",0.22899229174832,80.4854368932039,4,0,4
"ENSG00000120709.11","FAM53C","protein_coding",0.142877378645899,55.873786407767,2,2,0
"ENSG00000120733.15","KDM3B","protein_coding",0.0972188210271039,40.0323624595469,2,2,0
"ENSG00000120798.17","NR2C1","protein_coding",0.055342919593397,25.9385113268608,3,1,2
"ENSG00000120802.15","TMPO","protein_coding",0.125463406906717,49.5954692556634,2,1,1
"ENSG00000120915.14","EPHX2","protein_coding",0.0911085375973856,37.8802588996764,2,0,2
"ENSG00000121039.10","RDH10","protein_coding",-0.0647554214580364,2.55663430420712,1,0,1
"ENSG00000121057.13","AKAP1","protein_coding",0.214884917989298,76.9741100323625,3,3,0
"ENSG00000121579.14","NAA50","protein_coding",0.336977320456449,95.2750809061489,1,4,-3
"ENSG00000121621.7","KIF18A","protein_coding",0.223041237670908,79.0614886731392,2,0,2
"ENSG00000121671.12","CRY2","protein_coding",0.270592141751299,87.7669902912621,7,1,6
"ENSG00000121892.15","PDS5A","protein_coding",0.290197465158657,90.5663430420712,5,2,3
"ENSG00000122008.16","POLK","protein_coding",0.189215172152401,69.7734627831715,2,0,2
"ENSG00000122218.17","COPA","protein_coding",0.0602974274359836,27.7022653721683,2,6,-4
"ENSG00000122482.22","ZNF644","protein_coding",0.284859923419409,89.8543689320388,1,0,1
"ENSG00000122483.18","CCDC18","protein_coding",0.0476047583195485,23.8187702265372,5,1,4
"ENSG00000123066.9","MED13L","protein_coding",0.0367373660111102,20.9546925566343,2,0,2
"ENSG00000123562.18","MORF4L2","protein_coding",0.162724923441749,62.4595469255663,12,3,9
"ENSG00000123908.12","AGO2","protein_coding",0.33578425214159,95.210355987055,5,1,4
"ENSG00000123983.15","ACSL3","protein_coding",0.173442034768311,65.4692556634304,2,0,2
"ENSG00000124207.17","CSE1L","protein_coding",0.117309713028961,46.6504854368932,1,5,-4
"ENSG00000124570.21","SERPINB6","protein_coding",0.128755865943035,50.663430420712,3,1,2
"ENSG00000124571.18","XPO5","protein_coding",0.266997595552531,87.1035598705502,11,4,7
"ENSG00000124782.21","RREB1","protein_coding",0.397444977990834,98.4142394822006,4,0,4
"ENSG00000124786.13","SLC35B3","protein_coding",0.0467970047561226,23.5436893203883,1,0,1
"ENSG00000124795.17","DEK","protein_coding",0.0671441998872919,29.8705501618123,0,1,-1
"ENSG00000125430.9","HS3ST3B1","protein_coding",0.0581283281341495,26.7152103559871,4,0,4
"ENSG00000125630.16","POLR1B","protein_coding",0.032875129648715,19.8543689320388,6,7,-1
"ENSG00000125676.20","THOC2","protein_coding",0.184771475549956,68.495145631068,1,1,0
"ENSG00000125977.7","EIF2S2","protein_coding",0.0317676450519641,19.4822006472492,4,9,-5
"ENSG00000126226.22","PCID2","protein_coding",0.0390906607835243,21.4724919093851,1,6,-5
"ENSG00000126261.13","UBA2","protein_coding",0.271754884539827,88.0906148867314,2,4,-2
"ENSG00000126602.11","TRAP1","protein_coding",0.226981993940801,80.0485436893204,0,8,-8
"ENSG00000126653.18","NSRP1","protein_coding",0.230703706309129,80.8414239482201,1,5,-4
"ENSG00000126790.12","L3HYPDH","protein_coding",0.130200230340778,51.1812297734628,1,0,1
"ENSG00000126883.19","NUP214","protein_coding",0.24103829362319,82.9935275080906,4,3,1
"ENSG00000127914.19","AKAP9","protein_coding",0.142496360715737,55.7443365695793,4,0,4
"ENSG00000128731.18","HERC2","protein_coding",0.211527105226251,76.0355987055016,3,0,3
"ENSG00000129810.15","SGO1","protein_coding",0.131434293517241,51.6828478964401,0,1,-1
"ENSG00000130023.16","ERMARD","protein_coding",0.263392792944985,86.7152103559871,10,0,10
"ENSG00000130560.9","UBAC1","protein_coding",0.28494556926423,89.8705501618123,1,5,-4
"ENSG00000130695.16","CEP85","protein_coding",0.357831705007401,96.6666666666667,6,1,5
"ENSG00000130766.5","SESN2","protein_coding",0.0981480603413764,40.3236245954693,4,0,4
"ENSG00000130826.19","DKC1","protein_coding",0.190626120956614,70.2265372168285,3,15,-12
"ENSG00000131373.15","HACL1","protein_coding",0.040346821510685,21.747572815534,1,1,0
"ENSG00000131711.15","MAP1B","protein_coding",0.0951705927689535,39.2233009708738,5,0,5
"ENSG00000131876.18","SNRPA1","protein_coding",0.00131921658182644,11.4239482200647,1,3,-2
"ENSG00000132005.9","RFX1","protein_coding",NA,NA,19,3,16
"ENSG00000132294.15","EFR3A","protein_coding",0.101604787772695,41.2459546925566,0,0,0
"ENSG00000132356.12","PRKAA1","protein_coding",0.254338982734726,85.3074433656958,1,0,1
"ENSG00000132361.18","CLUH","protein_coding",0.119562904940192,47.3948220064725,1,4,-3
"ENSG00000132405.19","TBC1D14","protein_coding",0.131881917891152,51.8446601941748,11,1,10
"ENSG00000132716.19","DCAF8","protein_coding",0.373834252452166,97.3948220064725,7,3,4
"ENSG00000133627.18","ACTR3B","protein_coding",0.101160160363102,41.1165048543689,0,0,0
"ENSG00000134138.22","MEIS2","protein_coding",0.143908320921518,56.1165048543689,2,0,2
"ENSG00000134243.12","SORT1","protein_coding",0.247199997516416,84.0129449838188,9,3,6
"ENSG00000134255.16","CEPT1","protein_coding",-0.034337652807815,5.46925566343042,7,0,7
"ENSG00000134308.14","YWHAQ","protein_coding",0.0619701565551903,28.1715210355987,6,4,2
"ENSG00000134371.15","CDC73","protein_coding",0.217741549779715,77.7508090614887,1,1,0
"ENSG00000134602.16","STK26","protein_coding",0.218710316098888,77.9611650485437,3,0,3
"ENSG00000134644.16","PUM1","protein_coding",0.12277311810052,48.495145631068,1,5,-4
"ENSG00000134802.18","SLC43A3","protein_coding",0.110705761133429,44.1585760517799,5,0,5
"ENSG00000134851.13","TMEM165","protein_coding",0.201662233087781,73.495145631068,8,0,8
"ENSG00000134852.15","CLOCK","protein_coding",0.261489404271915,86.4724919093851,8,0,8
"ENSG00000134987.13","WDR36","protein_coding",0.115214437046477,45.7928802588997,5,0,5
"ENSG00000135018.14","UBQLN1","protein_coding",0.026874061432284,18.0906148867314,2,2,0
"ENSG00000135316.20","SYNCRIP","protein_coding",0.103416301777161,41.8770226537217,2,0,2
"ENSG00000135336.17","ORC3","protein_coding",0.0733367658690614,31.6990291262136,3,1,2
"ENSG00000135624.17","CCT7","protein_coding",0.0891833874133351,37.3624595469256,4,3,1
"ENSG00000135655.16","USP15","protein_coding",0.0990146024174872,40.6472491909385,2,3,-1
"ENSG00000135829.17","DHX9","protein_coding",0.103255127118872,41.8122977346278,0,0,0
"ENSG00000135932.12","CAB39","protein_coding",0.149609398990203,58.0097087378641,5,1,4
"ENSG00000135976.21","ANKRD36","protein_coding",0.184498895494676,68.4304207119741,8,1,7
"ENSG00000136167.15","LCP1","protein_coding",0.194416526965796,71.2459546925566,1,1,0
"ENSG00000136231.14","IGF2BP3","protein_coding",0.161971627186058,62.168284789644,8,5,3
"ENSG00000136536.15","MARCHF7","protein_coding",0.204986493394251,74.4498381877023,6,1,5
"ENSG00000136628.18","EPRS1","protein_coding",0.0248877430036063,17.4271844660194,2,1,1
"ENSG00000136930.13","PSMB7","protein_coding",-0.0612032047989548,2.75080906148867,1,2,-1
"ENSG00000136932.16","TRMO","protein_coding",0.0767453406955312,32.8802588996764,6,3,3
"ENSG00000136937.13","NCBP1","protein_coding",0.146082532889408,56.9093851132686,3,6,-3
"ENSG00000136938.9","ANP32B","protein_coding",0.194997614954986,71.4563106796116,5,2,3
"ENSG00000137177.20","KIF13A","protein_coding",0.270346736683049,87.7346278317152,4,1,3
"ENSG00000137575.12","SDCBP","protein_coding",0.15030855141719,58.2847896440129,4,0,4
"ENSG00000137824.16","RMDN3","protein_coding",0.170645762117914,64.6278317152104,11,4,7
"ENSG00000137834.15","SMAD6","protein_coding",0.218788815307098,77.9773462783172,1,1,0
"ENSG00000137845.15","ADAM10","protein_coding",0.131470274304546,51.7152103559871,2,1,1
"ENSG00000137947.12","GTF2B","protein_coding",-0.00165147248885335,10.8090614886731,4,1,3
"ENSG00000138078.16","PREPL","protein_coding",0.187258100948899,69.2233009708738,2,0,2
"ENSG00000138092.11","CENPO","protein_coding",0.180554185837078,67.2491909385113,2,2,0
"ENSG00000138346.16","DNA2","protein_coding",0.0739403166275068,31.9902912621359,3,0,3
"ENSG00000138674.17","SEC31A","protein_coding",0.282304622860607,89.5307443365696,4,8,-4
"ENSG00000138756.19","BMP2K","protein_coding",0.306692735548853,92.7508090614887,3,0,3
"ENSG00000138758.12","SEPTIN11","protein_coding",0.270857692235067,87.8964401294498,3,3,0
"ENSG00000138834.15","MAPK8IP3","protein_coding",0.393364372903403,98.3009708737864,18,8,10
"ENSG00000139146.14","SINHCAF","protein_coding",0.119004296640685,47.1521035598705,5,1,4
"ENSG00000139624.14","CERS5","protein_coding",0.220158062150132,78.3171521035599,2,7,-5
"ENSG00000139722.7","VPS37B","protein_coding",0.190433601566895,70.1779935275081,7,3,4
"ENSG00000140350.15","ANP32A","protein_coding",0.292088318565999,90.8414239482201,0,4,-4
"ENSG00000140455.17","USP3","protein_coding",0.334101492152042,95.1618122977346,8,4,4
"ENSG00000140612.14","SEC11A","protein_coding",0.000783710502404218,11.3106796116505,1,1,0
"ENSG00000141002.20","TCF25","protein_coding",0.333370423710375,95.1132686084142,15,4,11
"ENSG00000141013.17","GAS8","protein_coding",0.15078173150878,58.5113268608414,6,12,-6
"ENSG00000141551.15","CSNK1D","protein_coding",0.25028064773822,84.4822006472492,24,7,17
"ENSG00000141562.19","NARF","protein_coding",0.230024356300198,80.7119741100324,22,2,20
"ENSG00000142207.7","URB1","protein_coding",0.148711607563988,57.7508090614887,4,2,2
"ENSG00000142657.21","PGD","protein_coding",0.112523283586521,44.8543689320388,7,2,5
"ENSG00000143067.5","ZNF697","protein_coding",0.0810716096881101,34.336569579288,6,1,5
"ENSG00000143514.18","TP53BP2","protein_coding",0.3420031071726,95.6148867313916,3,0,3
"ENSG00000143799.14","PARP1","protein_coding",0.0988454696873892,40.5663430420712,2,5,-3
"ENSG00000143815.15","LBR","protein_coding",0.228206106147348,80.3721682847896,2,4,-2
"ENSG00000144468.17","RHBDD1","protein_coding",0.410362555662803,98.8187702265372,6,0,6
"ENSG00000144659.13","SLC25A38","protein_coding",0.0634025344333161,28.6407766990291,4,0,4
"ENSG00000145014.18","TMEM44","protein_coding",0.297117086353907,91.5210355987055,4,1,3
"ENSG00000145476.16","CYP4V2","protein_coding",-0.00997128761505782,9.41747572815534,6,0,6
"ENSG00000145604.17","SKP2","protein_coding",0.208306785338431,75.2265372168285,3,2,1
"ENSG00000146476.11","ARMT1","protein_coding",-0.00219927155087578,10.7119741100324,2,0,2
"ENSG00000146576.13","INTS15","protein_coding",0.196410975255904,71.8932038834951,4,4,0
"ENSG00000147162.15","OGT","protein_coding",0.254731576908309,85.42071197411,4,1,3
"ENSG00000148337.22","CIZ1","protein_coding",0.14254319485096,55.7605177993527,10,1,9
"ENSG00000148488.17","ST8SIA6","protein_coding",0.331066943571004,94.9676375404531,3,0,3
"ENSG00000149313.11","AASDHPPT","protein_coding",0.254215483480585,85.2588996763754,1,0,1
"ENSG00000149532.16","CPSF7","protein_coding",0.150294500511931,58.2686084142395,6,6,0
"ENSG00000150593.18","PDCD4","protein_coding",0.17435036405486,65.6957928802589,2,0,2
"ENSG00000150768.18","DLAT","protein_coding",-0.0600880173927014,2.9126213592233,7,2,5
"ENSG00000150867.14","PIP4K2A","protein_coding",0.229317662799586,80.5663430420712,1,1,0
"ENSG00000151503.14","NCAPD3","protein_coding",0.198947302536858,72.6051779935275,0,3,-3
"ENSG00000151665.13","PIGF","protein_coding",-0.0135442490792882,8.6084142394822,5,1,4
"ENSG00000151881.15","TMEM267","protein_coding",0.0559970809833373,26.1003236245955,3,2,1
"ENSG00000152455.16","SUV39H2","protein_coding",0.178208647551258,66.6343042071197,4,1,3
"ENSG00000152457.19","DCLRE1C","protein_coding",0.129339872128702,50.8576051779935,4,4,0
"ENSG00000153094.26","BCL2L11","protein_coding",0.243322800206446,83.2847896440129,1,4,-3
"ENSG00000153827.15","TRIP12","protein_coding",0.202942322866638,73.8511326860841,2,2,0
"ENSG00000153922.12","CHD1","protein_coding",0.250234241066247,84.4498381877023,1,2,-1
"ENSG00000153936.18","HS2ST1","protein_coding",0.305298829158606,92.588996763754,1,0,1
"ENSG00000153989.8","NUS1","protein_coding",0.30909805055944,92.9288025889968,6,0,6
"ENSG00000154174.8","TOMM70","protein_coding",0.188816398564841,69.6440129449838,7,0,7
"ENSG00000154310.17","TNIK","protein_coding",0.110546593839268,44.0614886731392,1,0,1
"ENSG00000154743.19","TSEN2","protein_coding",0.213432644241423,76.6019417475728,3,5,-2
"ENSG00000154845.16","PPP4R1","protein_coding",0.287817336529269,90.2427184466019,11,1,10
"ENSG00000155636.16","RBM45","protein_coding",0.0261251929866584,17.8640776699029,7,5,2
"ENSG00000155846.17","PPARGC1B","protein_coding",0.269190578293662,87.5404530744337,8,0,8
"ENSG00000156642.17","NPTN","protein_coding",0.139647261809866,54.7572815533981,3,0,3
"ENSG00000156675.16","RAB11FIP1","protein_coding",0.248036146045536,84.2071197411003,1,8,-7
"ENSG00000156795.8","NTAQ1","protein_coding",0.102464713097326,41.5210355987055,4,0,4
"ENSG00000156876.10","SASS6","protein_coding",0.298369639487949,91.6666666666667,2,1,1
"ENSG00000157036.13","EXOG","protein_coding",0.313335166371175,93.4304207119741,2,8,-6
"ENSG00000157193.18","LRP8","protein_coding",0.0642271714668358,28.8673139158576,6,3,3
"ENSG00000157617.17","C2CD2","protein_coding",0.174808634562377,65.9708737864078,3,0,3
"ENSG00000157881.16","PANK4","protein_coding",0.201652951339342,73.4789644012945,11,1,10
"ENSG00000159063.14","ALG8","protein_coding",0.110915443401461,44.336569579288,2,9,-7
"ENSG00000159131.17","GART","protein_coding",-0.00182684122895555,10.7928802588997,2,13,-11
"ENSG00000159202.18","UBE2Z","protein_coding",0.100423782256545,40.9061488673139,5,5,0
"ENSG00000159592.11","GPBP1L1","protein_coding",0.129823493677314,51.0679611650485,3,3,0
"ENSG00000160075.12","SSU72","protein_coding",0.222315066275892,78.9805825242718,18,3,15
"ENSG00000160193.12","WDR4","protein_coding",0.194672815298881,71.326860841424,0,1,-1
"ENSG00000160211.20","G6PD","protein_coding",0.00860178456913484,13.0258899676375,16,2,14
"ENSG00000160799.13","CCDC12","protein_coding",0.162100382902724,62.2330097087379,5,0,5
"ENSG00000162367.12","TAL1","protein_coding",0.388140419317574,98.0582524271845,6,2,4
"ENSG00000162616.9","DNAJB4","protein_coding",0.0862327918236069,36.0679611650485,8,0,8
"ENSG00000162980.17","ARL5A","protein_coding",0.380934688541731,97.7184466019417,4,1,3
"ENSG00000163110.15","PDLIM5","protein_coding",0.0560893752179829,26.1326860841424,2,0,2
"ENSG00000163162.9","RNF149","protein_coding",0.0837410083951362,35.2750809061489,6,2,4
"ENSG00000163349.22","HIPK1","protein_coding",0.0153105734639322,14.57928802589,7,1,6
"ENSG00000163655.16","GMPS","protein_coding",0.0246997886289992,17.378640776699,1,0,1
"ENSG00000163956.13","LRPAP1","protein_coding",0.0756240943980243,32.4919093851133,0,4,-4
"ENSG00000163961.4","RNF168","protein_coding",0.205100644992904,74.4822006472492,6,0,6
"ENSG00000164118.13","CEP44","protein_coding",0.0521949286742366,25.0323624595469,1,0,1
"ENSG00000164164.17","OTUD4","protein_coding",0.00743401484727222,12.7669902912621,5,2,3
"ENSG00000164654.16","MIOS","protein_coding",0.0883238655813215,36.9093851132686,5,1,4
"ENSG00000164715.6","LMTK2","protein_coding",NA,NA,3,2,1
"ENSG00000164985.15","PSIP1","protein_coding",0.20696772486529,74.9190938511327,1,2,-1
"ENSG00000165195.16","PIGA","protein_coding",0.203476700660594,74.0453074433657,3,0,3
"ENSG00000165244.7","ZNF367","protein_coding",0.231089466023206,81.0517799352751,2,2,0
"ENSG00000165359.16","INTS6L","protein_coding",0.311702657586273,93.1877022653722,1,2,-1
"ENSG00000165392.11","WRN","protein_coding",0.40787497283536,98.7540453074434,2,0,2
"ENSG00000165983.15","PTER","protein_coding",0.318043181499242,94.0129449838188,1,1,0
"ENSG00000166266.14","CUL5","protein_coding",0.19913703101461,72.6537216828479,5,1,4
"ENSG00000166619.15","BLCAP","protein_coding",0.254901454863374,85.4692556634304,3,2,1
"ENSG00000167196.14","FBXO22","protein_coding",0.0421354779235122,22.2653721682848,4,1,3
"ENSG00000167355.8","OR51B5","protein_coding",0.413486239963124,98.8834951456311,20,0,20
"ENSG00000167635.12","ZNF146","protein_coding",0.255212213498349,85.5016181229773,17,17,0
"ENSG00000167721.11","TSR1","protein_coding",0.148650314446194,57.7346278317152,4,9,-5
"ENSG00000167987.11","VPS37C","protein_coding",0.151323059236179,58.6084142394822,7,3,4
"ENSG00000168028.15","RPSA","protein_coding",-0.104705400621682,0.679611650485437,1,3,-2
"ENSG00000168385.18","SEPTIN2","protein_coding",0.406310218946743,98.6893203883495,4,6,-2
"ENSG00000168397.17","ATG4B","protein_coding",0.209646144904565,75.5663430420712,10,4,6
"ENSG00000168575.11","SLC20A2","protein_coding",0.278295742931088,88.9805825242718,6,2,4
"ENSG00000170340.11","B3GNT2","protein_coding",0.084295621618089,35.42071197411,2,1,1
"ENSG00000170606.16","HSPA4","protein_coding",0.124530098564611,49.1100323624595,3,0,3
"ENSG00000170854.18","RIOX2","protein_coding",0.190700619597426,70.2427184466019,2,0,2
"ENSG00000170871.12","KIAA0232","protein_coding",0.303868399308561,92.3139158576052,12,0,12
"ENSG00000170889.14","RPS9","protein_coding",0.0474972396313902,23.7864077669903,37,1,36
"ENSG00000171109.19","MFN1","protein_coding",0.285781001115542,90.0161812297735,8,0,8
"ENSG00000171316.14","CHD7","protein_coding",-0.0214965365011192,7.45954692556634,4,1,3
"ENSG00000171320.15","ESCO2","protein_coding",0.154118415092037,59.3851132686084,2,0,2
"ENSG00000171492.14","LRRC8D","protein_coding",0.270595516057085,87.7831715210356,0,4,-4
"ENSG00000171793.17","CTPS1","protein_coding",0.120084263448151,47.621359223301,5,2,3
"ENSG00000171862.16","PTEN","protein_coding",0.07424053919499,32.0873786407767,4,5,-1
"ENSG00000173598.14","NUDT4","protein_coding",0.117130367957548,46.5695792880259,1,0,1
"ENSG00000173692.14","PSMD1","protein_coding",0.0977757930258381,40.2588996763754,3,6,-3
"ENSG00000173726.11","TOMM20","protein_coding",0.250303456163817,84.5145631067961,2,7,-5
"ENSG00000173926.6","MARCHF3","protein_coding",0.238317736983174,82.378640776699,1,2,-1
"ENSG00000174371.17","EXO1","protein_coding",0.149879915164263,58.1067961165049,3,0,3
"ENSG00000174718.12","RESF1","protein_coding",0.18187995095345,67.6860841423948,11,2,9
"ENSG00000175029.17","CTBP2","protein_coding",0.434568516397035,99.2880258899676,3,1,2
"ENSG00000175470.20","PPP2R2D","protein_coding",0.315848082852939,93.7540453074434,4,5,-1
"ENSG00000175556.18","LONRF3","protein_coding",0.166098449410374,63.4304207119741,4,1,3
"ENSG00000176444.20","CLK2","protein_coding",0.207305102897322,74.9838187702265,9,2,7
"ENSG00000177150.13","FAM210A","protein_coding",0.0557999234355483,26.0517799352751,1,0,1
"ENSG00000177410.14","ZFAS1","lncRNA",0.0823143101087305,34.7411003236246,5,1,4
"ENSG00000177885.15","GRB2","protein_coding",0.184546430465511,68.4466019417476,22,7,15
"ENSG00000177917.12","ARL6IP6","protein_coding",0.141305870519486,55.3559870550162,0,0,0
"ENSG00000178440.9","TIMM23B-AGAP6","protein_coding",0.236901557456159,82.2168284789644,5,0,5
"ENSG00000178538.10","CA8","protein_coding",0.290253426286249,90.5825242718447,0,0,0
"ENSG00000178950.18","GAK","protein_coding",0.256619503267006,85.7281553398058,13,2,11
"ENSG00000179051.14","RCC2","protein_coding",0.196284300994324,71.8284789644013,1,2,-1
"ENSG00000179588.9","ZFPM1","protein_coding",0.27998117645933,89.1747572815534,11,1,10
"ENSG00000180596.9","H2BC4","protein_coding",-0.0332031245564917,5.5663430420712,34,4,30
"ENSG00000180822.12","PSMG4","protein_coding",0.25543072201498,85.5339805825243,5,13,-8
"ENSG00000181404.18","WASHC1","protein_coding",0.299981870122679,91.9417475728155,4,0,4
"ENSG00000182095.15","TNRC18","protein_coding",0.325104818809098,94.6116504854369,9,1,8
"ENSG00000182670.14","TTC3","protein_coding",0.385343858586192,97.9935275080906,3,0,3
"ENSG00000182712.16","CMC4","protein_coding",0.0165509142375794,14.9514563106796,3,3,0
"ENSG00000183255.12","PTTG1IP","protein_coding",0.290568591111739,90.631067961165,6,1,5
"ENSG00000183291.18","SELENOF","protein_coding",0.147161894569753,57.3139158576052,2,0,2
"ENSG00000183814.16","LIN9","protein_coding",0.123013894890892,48.6245954692557,3,7,-4
"ENSG00000184203.8","PPP1R2","protein_coding",0.0718458405903039,31.1326860841424,7,6,1
"ENSG00000184432.11","COPB2","protein_coding",0.137017835576502,53.9320388349515,1,2,-1
"ENSG00000184575.12","XPOT","protein_coding",0.232611413355568,81.326860841424,3,6,-3
"ENSG00000184863.11","RBM33","protein_coding",0.228997901988315,80.5016181229773,0,0,0
"ENSG00000184937.17","WT1","protein_coding",0.137149004769328,53.9644012944984,1,0,1
"ENSG00000185946.16","RNPC3","protein_coding",0.112856487713558,44.9190938511327,1,0,1
"ENSG00000186716.21","BCR","protein_coding",0.102790130230309,41.6828478964401,11,0,11
"ENSG00000187109.15","NAP1L1","protein_coding",0.124995593387125,49.336569579288,2,1,1
"ENSG00000188994.14","ZNF292","protein_coding",0.400144348936115,98.495145631068,2,0,2
"ENSG00000196305.19","IARS1","protein_coding",0.151724023153546,58.7216828478964,4,1,3
"ENSG00000196396.10","PTPN1","protein_coding",0.168637764455354,64.1100323624595,8,3,5
"ENSG00000196418.13","ZNF124","protein_coding",0.236857149671183,82.2006472491909,7,1,6
"ENSG00000196449.4","YRDC","protein_coding",0.00987795843933128,13.3009708737864,9,1,8
"ENSG00000196565.15","HBG2","protein_coding",0.158080858000132,60.8252427184466,18,0,18
"ENSG00000196793.14","ZNF239","protein_coding",0.0230337290351285,16.9417475728155,5,5,0
"ENSG00000196924.19","FLNA","protein_coding",0.206352438369849,74.8381877022654,12,0,12
"ENSG00000197006.15","METTL9","protein_coding",0.162414684927132,62.378640776699,5,7,-2
"ENSG00000197111.16","PCBP2","protein_coding",0.219747184038624,78.2200647249191,7,4,3
"ENSG00000197147.15","LRRC8B","protein_coding",0.354944141443515,96.5210355987055,7,1,6
"ENSG00000197183.15","NOL4L","protein_coding",0.310904259204163,93.0906148867314,12,3,9
"ENSG00000197562.10","RAB40C","protein_coding",0.220912299217253,78.5275080906149,16,3,13
"ENSG00000198000.12","NOL8","protein_coding",0.0419533935148894,22.168284789644,4,2,2
"ENSG00000198363.18","ASPH","protein_coding",0.175966406930544,66.2135922330097,1,0,1
"ENSG00000198380.13","GFPT1","protein_coding",0.200189783715367,72.9611650485437,3,1,2
"ENSG00000198408.14","OGA","protein_coding",0.121490108663677,48.0582524271845,3,3,0
"ENSG00000198420.10","TCAF1","protein_coding",0.136634602291548,53.705501618123,4,4,0
"ENSG00000198589.15","LRBA","protein_coding",0.0241830869315726,17.2168284789644,2,0,2
"ENSG00000198612.11","COPS8","protein_coding",0.0970450324009026,39.9838187702265,6,0,6
"ENSG00000198756.12","COLGALT2","protein_coding",0.133101150561875,52.3300970873786,1,0,1
"ENSG00000198843.14","SELENOT","protein_coding",0.210000213541316,75.663430420712,3,0,3
"ENSG00000198959.12","TGM2","protein_coding",0.0875063622201997,36.6019417475728,3,0,3
"ENSG00000198964.14","SGMS1","protein_coding",0.232301787876025,81.2135922330097,4,0,4
"ENSG00000204427.12","ABHD16A","protein_coding",0.190281023478705,70.1294498381877,47,6,41
"ENSG00000204463.14","BAG6","protein_coding",0.384620106052691,97.9288025889968,33,2,31
"ENSG00000213024.13","NUP62","protein_coding",0.132506419975893,52.0711974110032,3,8,-5
"ENSG00000213066.14","CEP43","protein_coding",0.201206360968333,73.3495145631068,4,0,4
"ENSG00000213551.7","DNAJC9","protein_coding",0.236751014326648,82.168284789644,7,2,5
"ENSG00000213931.7","HBE1","protein_coding",0.165850336348598,63.3818770226537,19,0,19
"ENSG00000214078.13","CPNE1","protein_coding",0.277877297238535,88.8511326860841,8,5,3
"ENSG00000214517.10","PPME1","protein_coding",0.114247218038276,45.5016181229773,1,1,0
"ENSG00000215417.15","MIR17HG","lncRNA",0.067027082707261,29.8058252427184,1,0,1
"ENSG00000215908.12","CROCCP2","transcribed_unprocessed_pseudogene",0.28075081692776,89.336569579288,7,1,6
"ENSG00000224699.13","LAMTOR5-AS1","lncRNA",0.390928031310764,98.2038834951456,4,1,3
"ENSG00000229124.9","VIM-AS1","lncRNA",0.182924310628434,68.0744336569579,2,2,0
"ENSG00000229140.13","CCDC26","lncRNA",0.166257960719869,63.5113268608414,1,0,1
"ENSG00000229807.14","XIST","lncRNA",1,100,0,0,0
"ENSG00000229953.2","BCAN-AS2","lncRNA",0.0735460397385978,31.8284789644013,4,2,2
"ENSG00000233098.11","CCDC144NL-AS1","lncRNA",0.350130298300354,96.1974110032362,0,0,0
"ENSG00000237505.9","PKN2-AS1","lncRNA",NA,NA,1,0,1
"ENSG00000239264.9","TXNDC5","protein_coding",0.128460181261418,50.5501618122977,1,1,0
"ENSG00000242086.9","MUC20-OT1","lncRNA",0.314725219226406,93.6407766990291,8,0,8
"ENSG00000245937.11","SLC12A2-DT","lncRNA",0.00531321208954934,12.3948220064725,2,0,2
"ENSG00000246334.4","PRR7-AS1","lncRNA",-0.0814057566445006,1.56957928802589,17,4,13
"ENSG00000248333.9","CDK11B","protein_coding",0.226568330681656,79.8543689320388,15,4,11
"ENSG00000248858.8","FLJ46284","lncRNA",0.485844312709035,99.9190938511327,3,0,3
"ENSG00000250075.8","ENSG00000250075","lncRNA",0.407262427173771,98.7216828478964,1,0,1
"ENSG00000250251.7","PKD1P6","transcribed_unprocessed_pseudogene",0.314690403099757,93.6245954692557,8,1,7
"ENSG00000254639.2","ENSG00000254639","lncRNA",0.152800801499689,59.0776699029126,6,0,6
"ENSG00000257621.10","PSMA3-AS1","lncRNA",0.205946893326968,74.7249190938511,3,3,0
"ENSG00000265354.4","TIMM23","protein_coding",0.140929942449168,55.1618122977346,0,4,-4
"ENSG00000279583.2","ENSG00000279583","lncRNA",0.2005504151379,73.0744336569579,13,4,9
"ENSG00000282024.2","ENSG00000282024","lncRNA",0.23164242226525,81.1003236245955,1,0,1
"ENSG00000283317.1","ENSG00000283317","lncRNA",0.0463539747308957,23.3818770226537,24,2,22
"ENSG00000289245.3","ENSG00000289245","lncRNA",0.096548240190114,39.8381877022654,2,7,-5
"ENSG00000289405.3","ENSG00000289405","lncRNA",0.14900088711087,57.7993527508091,3,0,3
"ENSG00000290418.2","TPTEP1","lncRNA",0.209858805699047,75.5987055016181,3,1,2
"ENSG00000290548.2","ENSG00000290548","lncRNA",0.475987372643176,99.789644012945,4,1,3
"ENSG00000290890.2","PDPR2P","lncRNA",0.489514816532317,99.9352750809062,3,4,-1
"ENSG00000290945.2","ENSG00000290945","lncRNA",0.356170288667584,96.5695792880259,9,0,9
"ENSG00000290948.2","ENSG00000290948","lncRNA",0.124721358176738,49.2071197411003,8,0,8
"ENSG00000291118.2","ZNF767P","lncRNA",0.283833818246977,89.6601941747573,7,1,6
"ENSG00000293329.2","DUXAP9","lncRNA",-0.0122740542061483,8.88349514563107,3,0,3
