"category","splice","hmseekrunique_lensum","nonsig_lensum","funcdomain","pthreshold","fisherp","fisherp_bias","sigperct","perct_diff"
"activator","unspliced",4324,11905,"ASAR6-141chk1","p0.05",0.370889777985461,"",26.6436625793333,0.435918983591101
"repressor","unspliced",4481,12617,"ASAR6-141chk1","p0.05",0.370889777985461,"",26.2077435957422,0.435918983591101
"activator","spliced",120,678,"ASAR6-141chk1","p0.05",0.108565593670506,"",15.0375939849624,2.45481252800876
"repressor","spliced",190,1320,"ASAR6-141chk1","p0.05",0.108565593670506,"",12.5827814569536,2.45481252800876
"activator","unspliced",7811,8418,"ASAR6-141chk2","p0.05",8.39366495003074e-18,"repressor",48.1298909359788,-4.7125467760343
"repressor","unspliced",9035,8063,"ASAR6-141chk2","p0.05",8.39366495003074e-18,"repressor",52.8424377120131,-4.7125467760343
"activator","spliced",234,564,"ASAR6-141chk2","p0.05",1.68109851213325e-15,"repressor",29.3233082706767,-16.9680824578001
"repressor","spliced",699,811,"ASAR6-141chk2","p0.05",1.68109851213325e-15,"repressor",46.2913907284768,-16.9680824578001
"activator","unspliced",7655,8574,"ASAR6-141chk3","p0.05",2.6949737650382e-06,"repressor",47.1686487152628,-2.57107170352412
"repressor","unspliced",8504,8593,"ASAR6-141chk3","p0.05",2.6949737650382e-06,"repressor",49.7397204187869,-2.57107170352412
"activator","spliced",194,604,"ASAR6-141chk3","p0.05",1.34076846762619e-14,"repressor",24.3107769423559,-15.8216733887699
"repressor","spliced",606,904,"ASAR6-141chk3","p0.05",1.34076846762619e-14,"repressor",40.1324503311258,-15.8216733887699
"activator","unspliced",8269,7961,"ASAR6-141chk4","p0.05",3.19274184949025e-08,"repressor",50.9488601355514,-3.02821320635989
"repressor","unspliced",9229,7869,"ASAR6-141chk4","p0.05",3.19274184949025e-08,"repressor",53.9770733419113,-3.02821320635989
"activator","spliced",288,511,"ASAR6-141chk4","p0.05",1.15173813965211e-06,"repressor",36.0450563204005,-10.511235070328
"repressor","spliced",703,807,"ASAR6-141chk4","p0.05",1.15173813965211e-06,"repressor",46.5562913907285,-10.511235070328
"activator","unspliced",3156,13073,"ASAR6-141chk5","p0.05",0.000391966531020206,"repressor",19.4466695421776,-1.56163552274229
"repressor","unspliced",3592,13506,"ASAR6-141chk5","p0.05",0.000391966531020206,"repressor",21.0083050649199,-1.56163552274229
"activator","spliced",52,747,"ASAR6-141chk5","p0.05",5.56595497394604e-11,"repressor",6.5081351689612,-9.12100390388648
"repressor","spliced",236,1274,"ASAR6-141chk5","p0.05",5.56595497394604e-11,"repressor",15.6291390728477,-9.12100390388648
"activator","unspliced",71,16158,"Blustr-5ss","p0.05",0.423677048675304,"",0.437488446607924,-0.0654943583985095
"repressor","unspliced",86,17012,"Blustr-5ss","p0.05",0.423677048675304,"",0.502982805006434,-0.0654943583985095
"activator","spliced",2,797,"Blustr-5ss","p0.05",0.721975879721019,"",0.250312891113892,-0.147038102263591
"repressor","spliced",6,1504,"Blustr-5ss","p0.05",0.721975879721019,"",0.397350993377483,-0.147038102263591
"activator","unspliced",477,15752,"e-Ccnd1","p0.05",1.57786668589398e-11,"repressor",2.93918294411239,-1.38321279783064
"repressor","unspliced",739,16358,"e-Ccnd1","p0.05",1.57786668589398e-11,"repressor",4.32239574194303,-1.38321279783064
"activator","spliced",16,783,"e-Ccnd1","p0.05",5.89134319080568e-09,"repressor",2.00250312891114,-5.54716574526105
"repressor","spliced",114,1396,"e-Ccnd1","p0.05",5.89134319080568e-09,"repressor",7.54966887417219,-5.54716574526105
"activator","unspliced",245,15984,"e-ID1","p0.05",0.000546833184271588,"repressor",1.5096432312527,-0.502287988773038
"repressor","unspliced",344,16754,"e-ID1","p0.05",0.000546833184271588,"repressor",2.01193122002573,-0.502287988773038
"activator","spliced",17,781,"e-ID1","p0.05",0.0266156204192801,"repressor",2.13032581453634,-1.71073378811267
"repressor","spliced",58,1452,"e-ID1","p0.05",0.0266156204192801,"repressor",3.84105960264901,-1.71073378811267
"activator","unspliced",29,16200,"e-Klf6","p0.05",0.89844377039401,"",0.178692464107462,-0.00846392845307145
"repressor","unspliced",32,17066,"e-Klf6","p0.05",0.89844377039401,"",0.187156392560533,-0.00846392845307145
"activator","spliced",0,799,"e-Klf6","p0.05",1,"",0,-0.0662251655629139
"repressor","spliced",1,1509,"e-Klf6","p0.05",1,"",0.0662251655629139,-0.0662251655629139
"activator","unspliced",59,16170,"e-Med13l","p0.05",0.927374554629879,"",0.363546737322078,0.00677986400356095
"repressor","unspliced",61,17037,"e-Med13l","p0.05",0.927374554629879,"",0.356766873318517,0.00677986400356095
"activator","spliced",3,796,"e-Med13l","p0.05",1,"",0.375469336670839,-0.0218816567066449
"repressor","spliced",6,1504,"e-Med13l","p0.05",1,"",0.397350993377483,-0.0218816567066449
"activator","unspliced",62,16167,"e-Sp3","p0.05",0.793038899799178,"",0.382032164643539,-0.0215238068151108
"repressor","unspliced",69,17029,"e-Sp3","p0.05",0.793038899799178,"",0.40355597145865,-0.0215238068151108
"activator","spliced",3,795,"e-Sp3","p0.05",1,"",0.37593984962406,0.0448140218094906
"repressor","spliced",5,1505,"e-Sp3","p0.05",1,"",0.33112582781457,0.0448140218094906
"activator","unspliced",693,15537,"e-YY1","p0.05",0.0423455331867157,"activator",4.26987060998152,0.438789133699127
"repressor","unspliced",655,16442,"e-YY1","p0.05",0.0423455331867157,"activator",3.83108147628239,0.438789133699127
"activator","spliced",115,684,"e-YY1","p0.05",5.19533373760577e-11,"activator",14.3929912390488,8.43272633838656
"repressor","spliced",90,1420,"e-YY1","p0.05",5.19533373760577e-11,"activator",5.96026490066225,8.43272633838656
"activator","unspliced",368,15861,"FIRRE-RRD","p0.05",0.00413965367537354,"repressor",2.26754575143262,-0.49317250323194
"repressor","unspliced",472,16625,"FIRRE-RRD","p0.05",0.00413965367537354,"repressor",2.76071825466456,-0.49317250323194
"activator","spliced",8,791,"FIRRE-RRD","p0.05",7.61595447007359e-07,"repressor",1.00125156445557,-3.70073519051132
"repressor","spliced",71,1439,"FIRRE-RRD","p0.05",7.61595447007359e-07,"repressor",4.70198675496689,-3.70073519051132
"activator","unspliced",1584,14646,"HOTTIP-MLL","p0.05",3.84083389021571e-06,"repressor",9.75970425138632,-1.55807079686776
"repressor","unspliced",1935,15162,"HOTTIP-MLL","p0.05",3.84083389021571e-06,"repressor",11.3177750482541,-1.55807079686776
"activator","spliced",207,591,"HOTTIP-MLL","p0.05",0.000234449382201795,"activator",25.9398496240602,6.73455161081512
"repressor","spliced",290,1220,"HOTTIP-MLL","p0.05",0.000234449382201795,"activator",19.205298013245,6.73455161081512
"activator","unspliced",6,16223,"HSat3_antisense","p0.05",1,"",0.0369708546429232,0.00187697852430586
"repressor","unspliced",6,17091,"HSat3_antisense","p0.05",1,"",0.0350938761186173,0.00187697852430586
"activator","spliced",0,798,"HSat3_antisense","p0.05",1,"",0,0
"repressor","spliced",0,1510,"HSat3_antisense","p0.05",1,"",0,0
"activator","unspliced",6,16223,"HSat3_sense","p0.05",1,"",0.0369708546429232,-0.00396960622969351
"repressor","unspliced",7,17091,"HSat3_sense","p0.05",1,"",0.0409404608726167,-0.00396960622969351
"activator","spliced",0,798,"HSat3_sense","p0.05",1,"",0,0
"repressor","spliced",0,1510,"HSat3_sense","p0.05",1,"",0,0
"activator","unspliced",37,16193,"JPX-9","p0.05",7.03506986166064e-05,"activator",0.227972889710413,0.163634116826281
"repressor","unspliced",11,17086,"JPX-9","p0.05",7.03506986166064e-05,"activator",0.0643387728841317,0.163634116826281
"activator","spliced",0,799,"JPX-9","p0.05",1,"",0,-0.0662251655629139
"repressor","spliced",1,1509,"JPX-9","p0.05",1,"",0.0662251655629139,-0.0662251655629139
"activator","unspliced",1102,15127,"MALAT1E","p0.05",0.234092536983062,"",6.79031363608355,0.327569455477636
"repressor","unspliced",1105,15993,"MALAT1E","p0.05",0.234092536983062,"",6.46274418060592,0.327569455477636
"activator","spliced",33,765,"MALAT1E","p0.05",0.671230894437952,"",4.13533834586466,-0.434198077976398
"repressor","spliced",69,1441,"MALAT1E","p0.05",0.671230894437952,"",4.56953642384106,-0.434198077976398
"activator","unspliced",1939,14291,"MALAT1M","p0.05",0.567189997760315,"",11.947011706716,-0.207167389031834
"repressor","unspliced",2078,15019,"MALAT1M","p0.05",0.567189997760315,"",12.1541790957478,-0.207167389031834
"activator","spliced",30,768,"MALAT1M","p0.05",5.98606520961636e-05,"repressor",3.7593984962406,-4.25384653687198
"repressor","spliced",121,1389,"MALAT1M","p0.05",5.98606520961636e-05,"repressor",8.01324503311258,-4.25384653687198
"activator","unspliced",87,16143,"MEG3-NRE","p0.05",0.25149186899249,"",0.536044362292052,-0.101494387196163
"repressor","unspliced",109,16988,"MEG3-NRE","p0.05",0.25149186899249,"",0.637538749488214,-0.101494387196163
"activator","spliced",8,791,"MEG3-NRE","p0.05",0.477878252121776,"",1.00125156445557,0.272774743263517
"repressor","spliced",11,1499,"MEG3-NRE","p0.05",0.477878252121776,"",0.728476821192053,0.272774743263517
"activator","unspliced",132,16097,"ncRNA-a7","p0.05",1.25311980814023e-06,"activator",0.81335880214431,0.409802830685659
"repressor","unspliced",69,17029,"ncRNA-a7","p0.05",1.25311980814023e-06,"activator",0.40355597145865,0.409802830685659
"activator","spliced",15,783,"ncRNA-a7","p0.05",0.0253859383643036,"activator",1.8796992481203,1.08499726136533
"repressor","spliced",12,1498,"ncRNA-a7","p0.05",0.0253859383643036,"activator",0.794701986754967,1.08499726136533
"activator","unspliced",541,15688,"NEAT1chk1","p0.05",0.127956249761871,"",3.33353872697024,-0.310162290692646
"repressor","unspliced",623,16475,"NEAT1chk1","p0.05",0.127956249761871,"",3.64370101766288,-0.310162290692646
"activator","spliced",88,710,"NEAT1chk1","p0.05",3.9066445224859e-07,"activator",11.0275689223058,5.92823117396139
"repressor","spliced",77,1433,"NEAT1chk1","p0.05",3.9066445224859e-07,"activator",5.09933774834437,5.92823117396139
"activator","unspliced",5985,10245,"NEAT1chk10","p0.05",0.633611792544872,"",36.8761552680222,-0.256842743441148
"repressor","unspliced",6349,10749,"NEAT1chk10","p0.05",0.633611792544872,"",37.1329980114633,-0.256842743441148
"activator","spliced",137,661,"NEAT1chk10","p0.05",0.00103876966637176,"repressor",17.1679197994987,-5.81221265083238
"repressor","spliced",347,1163,"NEAT1chk10","p0.05",0.00103876966637176,"repressor",22.9801324503311,-5.81221265083238
"activator","unspliced",6528,9701,"NEAT1chk11","p0.05",0.0380965425010608,"repressor",40.2242898515004,-1.11972699257493
"repressor","unspliced",7069,10029,"NEAT1chk11","p0.05",0.0380965425010608,"repressor",41.3440168440753,-1.11972699257493
"activator","spliced",158,640,"NEAT1chk11","p0.05",4.9427558736411e-05,"repressor",19.7994987468672,-7.61771979617919
"repressor","spliced",414,1096,"NEAT1chk11","p0.05",4.9427558736411e-05,"repressor",27.4172185430464,-7.61771979617919
"activator","unspliced",7043,9186,"NEAT1chk12","p0.05",5.57114595784665e-10,"activator",43.3976215416846,3.35200217099801
"repressor","unspliced",6847,10251,"NEAT1chk12","p0.05",5.57114595784665e-10,"activator",40.0456193706866,3.35200217099801
"activator","spliced",154,645,"NEAT1chk12","p0.05",0.512450770396476,"",19.2740926157697,-1.18948354317068
"repressor","spliced",309,1201,"NEAT1chk12","p0.05",0.512450770396476,"",20.4635761589404,-1.18948354317068
"activator","unspliced",4651,11578,"NEAT1chk13","p0.05",0.535867937045818,"",28.6585741573726,0.310229321719312
"repressor","unspliced",4847,12251,"NEAT1chk13","p0.05",0.535867937045818,"",28.3483448356533,0.310229321719312
"activator","spliced",91,707,"NEAT1chk13","p0.05",3.29455122840302e-08,"repressor",11.4035087719298,-8.99384222144766
"repressor","spliced",308,1202,"NEAT1chk13","p0.05",3.29455122840302e-08,"repressor",20.3973509933775,-8.99384222144766
"activator","unspliced",334,15895,"NEAT1chk14","p0.05",4.77724857000668e-06,"repressor",2.05804424178939,-0.778544832956195
"repressor","unspliced",485,16613,"NEAT1chk14","p0.05",4.77724857000668e-06,"repressor",2.83658907474558,-0.778544832956195
"activator","spliced",5,793,"NEAT1chk14","p0.05",0.000632387751104258,"repressor",0.6265664160401,-1.95621504091354
"repressor","spliced",39,1471,"NEAT1chk14","p0.05",0.000632387751104258,"repressor",2.58278145695364,-1.95621504091354
"activator","unspliced",5448,10781,"NEAT1chk15","p0.05",9.82990991986971e-05,"activator",33.5695360157742,2.00444068298677
"repressor","unspliced",5397,11701,"NEAT1chk15","p0.05",9.82990991986971e-05,"activator",31.5650953327875,2.00444068298677
"activator","spliced",130,669,"NEAT1chk15","p0.05",0.432247884602617,"",16.270337922403,1.23722533962155
"repressor","spliced",227,1283,"NEAT1chk15","p0.05",0.432247884602617,"",15.0331125827815,1.23722533962155
"activator","unspliced",5859,10371,"NEAT1chk16","p0.05",0.507697672616378,"",36.0998151571165,0.350853350951631
"repressor","unspliced",6112,10985,"NEAT1chk16","p0.05",0.507697672616378,"",35.7489618061648,0.350853350951631
"activator","spliced",144,655,"NEAT1chk16","p0.05",0.90918626758544,"",18.0225281602002,0.207958623776406
"repressor","spliced",269,1241,"NEAT1chk16","p0.05",0.90918626758544,"",17.8145695364238,0.207958623776406
"activator","unspliced",4800,11429,"NEAT1chk17","p0.05",6.33253182103405e-95,"activator",29.5766837143385,9.7439547401895
"repressor","unspliced",3391,13707,"NEAT1chk17","p0.05",6.33253182103405e-95,"activator",19.832728974149,9.7439547401895
"activator","spliced",58,741,"NEAT1chk17","p0.05",0.00314571230371053,"repressor",7.25907384230288,-3.80052880670374
"repressor","spliced",167,1343,"NEAT1chk17","p0.05",0.00314571230371053,"repressor",11.0596026490066,-3.80052880670374
"activator","unspliced",483,15746,"NEAT1chk18","p0.05",6.33560275765033e-17,"activator",2.97615379875531,1.36192991292071
"repressor","unspliced",276,16822,"NEAT1chk18","p0.05",6.33560275765033e-17,"activator",1.6142238858346,1.36192991292071
"activator","spliced",3,796,"NEAT1chk18","p0.05",0.00321347812858673,"repressor",0.375469336670839,-1.41261013352784
"repressor","spliced",27,1483,"NEAT1chk18","p0.05",0.00321347812858673,"repressor",1.78807947019868,-1.41261013352784
"activator","unspliced",2091,14139,"NEAT1chk19","p0.05",1.11719800312332e-40,"activator",12.8835489833641,4.49660314174524
"repressor","unspliced",1434,15664,"NEAT1chk19","p0.05",1.11719800312332e-40,"activator",8.3869458416189,4.49660314174524
"activator","spliced",6,792,"NEAT1chk19","p0.05",3.70909076339886e-11,"repressor",0.75187969924812,-5.20838520141413
"repressor","spliced",90,1420,"NEAT1chk19","p0.05",3.70909076339886e-11,"repressor",5.96026490066225,-5.20838520141413
"activator","unspliced",266,15963,"NEAT1chk2","p0.05",0.11829871995343,"",1.63904122250293,0.21197372922886
"repressor","unspliced",244,16854,"NEAT1chk2","p0.05",0.11829871995343,"",1.42706749327407,0.21197372922886
"activator","spliced",7,791,"NEAT1chk2","p0.05",0.670065706608037,"",0.87719298245614,-0.248634832113396
"repressor","spliced",17,1493,"NEAT1chk2","p0.05",0.670065706608037,"",1.12582781456954,-0.248634832113396
"activator","unspliced",694,15535,"NEAT1chk20","p0.05",0.46886882449094,"",4.27629552036478,-0.16307980864031
"repressor","unspliced",759,16338,"NEAT1chk20","p0.05",0.46886882449094,"",4.43937532900509,-0.16307980864031
"activator","spliced",3,796,"NEAT1chk20","p0.05",0.000335267711229119,"repressor",0.375469336670839,-1.87618629246823
"repressor","spliced",34,1476,"NEAT1chk20","p0.05",0.000335267711229119,"repressor",2.25165562913907,-1.87618629246823
"activator","unspliced",1369,14861,"NEAT1chk21","p0.05",3.29268762142101e-20,"repressor",8.43499691928527,-3.02315363344328
"repressor","unspliced",1959,15138,"NEAT1chk21","p0.05",3.29268762142101e-20,"repressor",11.4581505527285,-3.02315363344328
"activator","spliced",41,758,"NEAT1chk21","p0.05",2.62409894994933e-13,"repressor",5.13141426783479,-9.70302281825792
"repressor","spliced",224,1286,"NEAT1chk21","p0.05",2.62409894994933e-13,"repressor",14.8344370860927,-9.70302281825792
"activator","unspliced",1029,15200,"NEAT1chk22","p0.05",1.03550908717017e-19,"repressor",6.34050157126132,-2.6488539089118
"repressor","unspliced",1537,15561,"NEAT1chk22","p0.05",1.03550908717017e-19,"repressor",8.98935548017312,-2.6488539089118
"activator","spliced",90,708,"NEAT1chk22","p0.05",0.116195863940728,"",11.2781954887218,-2.36418861723846
"repressor","spliced",206,1304,"NEAT1chk22","p0.05",0.116195863940728,"",13.6423841059603,-2.36418861723846
"activator","unspliced",2132,14098,"NEAT1chk3","p0.05",0.000531645902128269,"activator",13.1361675908811,1.25758530055473
"repressor","unspliced",2031,15067,"NEAT1chk3","p0.05",0.000531645902128269,"activator",11.8785822903264,1.25758530055473
"activator","spliced",47,751,"NEAT1chk3","p0.05",0.000452201101420546,"repressor",5.88972431077694,-4.24272602034889
"repressor","spliced",153,1357,"NEAT1chk3","p0.05",0.000452201101420546,"repressor",10.1324503311258,-4.24272602034889
"activator","unspliced",5932,10297,"NEAT1chk4","p0.05",4.90457258236277e-05,"repressor",36.5518516236367,-2.16027845005613
"repressor","unspliced",6619,10479,"NEAT1chk4","p0.05",4.90457258236277e-05,"repressor",38.7121300736928,-2.16027845005613
"activator","spliced",133,666,"NEAT1chk4","p0.05",3.9212115892079e-12,"repressor",16.6458072590738,-12.8906165819858
"repressor","spliced",446,1064,"NEAT1chk4","p0.05",3.9212115892079e-12,"repressor",29.5364238410596,-12.8906165819858
"activator","unspliced",309,15920,"NEAT1chk5","p0.05",0.746888746496913,"",1.90399901411054,0.0498725591769289
"repressor","unspliced",317,16780,"NEAT1chk5","p0.05",0.746888746496913,"",1.85412645493361,0.0498725591769289
"activator","spliced",8,791,"NEAT1chk5","p0.05",0.836478747478806,"",1.00125156445557,-0.124576250113967
"repressor","spliced",17,1493,"NEAT1chk5","p0.05",0.836478747478806,"",1.12582781456954,-0.124576250113967
"activator","unspliced",115,16114,"NEAT1chk6","p0.05",0.0197745770933774,"activator",0.708608047322694,0.199746843602743
"repressor","unspliced",87,17010,"NEAT1chk6","p0.05",0.0197745770933774,"activator",0.508861203719951,0.199746843602743
"activator","spliced",0,799,"NEAT1chk6","p0.05",1,"",0,0
"repressor","spliced",0,1510,"NEAT1chk6","p0.05",1,"",0,0
"activator","unspliced",6074,10155,"NEAT1chk7","p0.05",0.0494605064692979,"repressor",37.4268285168525,-1.0455074288721
"repressor","unspliced",6578,10520,"NEAT1chk7","p0.05",0.0494605064692979,"repressor",38.4723359457246,-1.0455074288721
"activator","spliced",143,656,"NEAT1chk7","p0.05",0.000277581516304069,"repressor",17.8973717146433,-6.60593954363484
"repressor","spliced",370,1140,"NEAT1chk7","p0.05",0.000277581516304069,"repressor",24.5033112582781,-6.60593954363484
"activator","unspliced",910,15319,"NEAT1chk8","p0.05",0.00363316537694629,"repressor",5.60724628751001,-0.756443248665924
"repressor","unspliced",1088,16009,"NEAT1chk8","p0.05",0.00363316537694629,"repressor",6.36368953617594,-0.756443248665924
"activator","spliced",16,783,"NEAT1chk8","p0.05",7.23870300539845e-05,"repressor",2.00250312891114,-3.36173528168489
"repressor","spliced",81,1429,"NEAT1chk8","p0.05",7.23870300539845e-05,"repressor",5.36423841059603,-3.36173528168489
"activator","unspliced",6626,9603,"NEAT1chk9","p0.05",0.00278994918099288,"repressor",40.8281471440015,-1.61789602146615
"repressor","unspliced",7257,9840,"NEAT1chk9","p0.05",0.00278994918099288,"repressor",42.4460431654676,-1.61789602146615
"activator","spliced",178,620,"NEAT1chk9","p0.05",0.0428137287371601,"repressor",22.3057644110276,-3.85317598632342
"repressor","spliced",395,1115,"NEAT1chk9","p0.05",0.0428137287371601,"repressor",26.158940397351,-3.85317598632342
"activator","unspliced",65,16164,"NKILA-SRSFNRE","p0.05",0.00801175697688936,"activator",0.400517591965001,0.166572101264334
"repressor","unspliced",40,17058,"NKILA-SRSFNRE","p0.05",0.00801175697688936,"activator",0.233945490700667,0.166572101264334
"activator","spliced",14,784,"NKILA-SRSFNRE","p0.05",0.00418081050242326,"activator",1.75438596491228,1.29080980597188
"repressor","spliced",7,1503,"NKILA-SRSFNRE","p0.05",0.00418081050242326,"activator",0.463576158940397,1.29080980597188
"activator","unspliced",47,16182,"NXF1-enChr","p0.05",0.676911762001294,"",0.289605028036231,0.0264163509979813
"repressor","unspliced",45,17053,"NXF1-enChr","p0.05",0.676911762001294,"",0.26318867703825,0.0264163509979813
"activator","spliced",5,793,"NXF1-enChr","p0.05",0.528154932267387,"",0.6265664160401,0.229215422662617
"repressor","spliced",6,1504,"NXF1-enChr","p0.05",0.528154932267387,"",0.397350993377483,0.229215422662617
"activator","unspliced",71,16158,"PRRX2-eRNA","p0.05",0.933469986221498,"",0.437488446607924,0.0105129538314136
"repressor","unspliced",73,17024,"PRRX2-eRNA","p0.05",0.933469986221498,"",0.42697549277651,0.0105129538314136
"activator","spliced",3,796,"PRRX2-eRNA","p0.05",0.560532677006962,"",0.375469336670839,-0.220557153395387
"repressor","spliced",9,1501,"PRRX2-eRNA","p0.05",0.560532677006962,"",0.596026490066225,-0.220557153395387
"activator","unspliced",128,16101,"PVT1-22","p0.05",2.15764954405678e-13,"activator",0.788711565715694,0.560614712282544
"repressor","unspliced",39,17059,"PVT1-22","p0.05",2.15764954405678e-13,"activator",0.22809685343315,0.560614712282544
"activator","spliced",2,796,"PVT1-22","p0.05",0.119447706062252,"",0.25062656641604,0.25062656641604
"repressor","spliced",0,1510,"PVT1-22","p0.05",0.119447706062252,"",0,0.25062656641604
"activator","unspliced",2106,14124,"SEMA3C-eRNA","p0.05",0.0290915910214941,"activator",12.9759704251386,0.798395411978429
"repressor","unspliced",2082,15015,"SEMA3C-eRNA","p0.05",0.0290915910214941,"activator",12.1775750131602,0.798395411978429
"activator","spliced",41,758,"SEMA3C-eRNA","p0.05",0.0100587964067393,"repressor",5.13141426783479,-2.88183076527779
"repressor","spliced",121,1389,"SEMA3C-eRNA","p0.05",0.0100587964067393,"repressor",8.01324503311258,-2.88183076527779
"activator","unspliced",2865,13365,"XIST-PfIMI","p0.05",0.908409453632717,"",17.6524953789279,0.0529165054413312
"repressor","unspliced",3009,14088,"XIST-PfIMI","p0.05",0.908409453632717,"",17.5995788734866,0.0529165054413312
"activator","spliced",52,747,"XIST-PfIMI","p0.05",0.000253172467500044,"repressor",6.5081351689612,-4.68391781117125
"repressor","spliced",169,1341,"XIST-PfIMI","p0.05",0.000253172467500044,"repressor",11.1920529801325,-4.68391781117125
"activator","unspliced",787,15443,"XISTint1","p0.05",0.314161787205999,"",4.849044978435,0.234470174364346
"repressor","unspliced",789,16309,"XISTint1","p0.05",0.314161787205999,"",4.61457480407065,0.234470174364346
"activator","spliced",18,781,"XISTint1","p0.05",0.886100293248192,"",2.25281602002503,-0.197515105802784
"repressor","spliced",37,1473,"XISTint1","p0.05",0.886100293248192,"",2.45033112582781,-0.197515105802784
"activator","unspliced",212,16017,"XISTint10","p0.05",0.00514381813878188,"repressor",1.30630353071662,-0.372255365060665
"repressor","unspliced",287,16811,"XISTint10","p0.05",0.00514381813878188,"repressor",1.67855889577728,-0.372255365060665
"activator","spliced",13,786,"XISTint10","p0.05",0.182816728436453,"",1.6270337922403,-0.889522499150428
"repressor","spliced",38,1472,"XISTint10","p0.05",0.182816728436453,"",2.51655629139073,-0.889522499150428
"activator","unspliced",6263,9966,"XISTint11","p0.05",7.04112432075294e-09,"repressor",38.5914104381046,-3.11522191655674
"repressor","unspliced",7131,9967,"XISTint11","p0.05",7.04112432075294e-09,"repressor",41.7066323546614,-3.11522191655674
"activator","spliced",155,644,"XISTint11","p0.05",1.70248706153531e-17,"repressor",19.3992490613267,-16.8259165015873
"repressor","spliced",547,963,"XISTint11","p0.05",1.70248706153531e-17,"repressor",36.2251655629139,-16.8259165015873
"activator","unspliced",6942,9287,"XISTint12","p0.05",1.50723237094157e-05,"repressor",42.7752788218621,-2.35865497156403
"repressor","unspliced",7717,9381,"XISTint12","p0.05",1.50723237094157e-05,"repressor",45.1339337934261,-2.35865497156403
"activator","spliced",168,630,"XISTint12","p0.05",2.30742098205205e-24,"repressor",21.0526315789474,-20.8016730568142
"repressor","spliced",632,878,"XISTint12","p0.05",2.30742098205205e-24,"repressor",41.8543046357616,-20.8016730568142
"activator","unspliced",6945,9284,"XISTint13","p0.05",2.06014314144229e-18,"repressor",42.7937642491836,-4.77905128479702
"repressor","unspliced",8134,8964,"XISTint13","p0.05",2.06014314144229e-18,"repressor",47.5728155339806,-4.77905128479702
"activator","spliced",160,638,"XISTint13","p0.05",5.00784594793755e-21,"repressor",20.0501253132832,-18.8902720377102
"repressor","spliced",588,922,"XISTint13","p0.05",5.00784594793755e-21,"repressor",38.9403973509934,-18.8902720377102
"activator","unspliced",7807,8422,"XISTint14","p0.05",3.36611643106408e-06,"repressor",48.1052436995502,-2.54691749832079
"repressor","unspliced",8660,8437,"XISTint14","p0.05",3.36611643106408e-06,"repressor",50.652161197871,-2.54691749832079
"activator","spliced",212,586,"XISTint14","p0.05",9.03050837788157e-20,"repressor",26.5664160401003,-19.2613985294362
"repressor","spliced",692,818,"XISTint14","p0.05",9.03050837788157e-20,"repressor",45.8278145695364,-19.2613985294362
"activator","unspliced",142,16087,"XISTint2","p0.05",0.81261645027803,"",0.874976893215848,0.0269244894259312
"repressor","unspliced",145,16953,"XISTint2","p0.05",0.81261645027803,"",0.848052403789917,0.0269244894259312
"activator","spliced",6,793,"XISTint2","p0.05",0.510270071258612,"",0.750938673341677,-0.374889141227859
"repressor","spliced",17,1493,"XISTint2","p0.05",0.510270071258612,"",1.12582781456954,-0.374889141227859
"activator","unspliced",3308,12921,"XISTint3","p0.05",1.75331334003239e-05,"activator",20.383264526465,1.86539589454124
"repressor","unspliced",3166,13931,"XISTint3","p0.05",1.75331334003239e-05,"activator",18.5178686319237,1.86539589454124
"activator","spliced",55,744,"XISTint3","p0.05",0.000847447175483769,"repressor",6.88360450563204,-4.30844847450041
"repressor","spliced",169,1341,"XISTint3","p0.05",0.000847447175483769,"repressor",11.1920529801325,-4.30844847450041
"activator","unspliced",3529,12700,"XISTint4","p0.05",0.411679840398122,"",21.745024339146,-0.374521806602065
"repressor","unspliced",3782,13316,"XISTint4","p0.05",0.411679840398122,"",22.119546145748,-0.374521806602065
"activator","spliced",83,715,"XISTint4","p0.05",0.105406252864214,"",10.4010025062657,-2.31422928181381
"repressor","spliced",192,1318,"XISTint4","p0.05",0.105406252864214,"",12.7152317880795,-2.31422928181381
"activator","unspliced",5233,10996,"XISTint5","p0.05",0.10962850806759,"",32.2447470577361,0.818180993514357
"repressor","unspliced",5373,11724,"XISTint5","p0.05",0.10962850806759,"",31.4265660642218,0.818180993514357
"activator","spliced",134,664,"XISTint5","p0.05",0.0648316004824109,"",16.7919799498747,2.95092034722568
"repressor","spliced",209,1301,"XISTint5","p0.05",0.0648316004824109,"",13.841059602649,2.95092034722568
"activator","unspliced",3692,12538,"XISTint6","p0.05",0.864994417945658,"",22.7479975354282,0.0786794865336127
"repressor","unspliced",3876,13222,"XISTint6","p0.05",0.864994417945658,"",22.6693180488946,0.0786794865336127
"activator","spliced",85,713,"XISTint6","p0.05",0.108490298929348,"",10.6516290726817,-2.32850337764942
"repressor","spliced",196,1314,"XISTint6","p0.05",0.108490298929348,"",12.9801324503311,-2.32850337764942
"activator","unspliced",5055,11174,"XISTint7","p0.05",1.42611394249322e-05,"activator",31.1479450366628,2.18549328792022
"repressor","unspliced",4952,12146,"XISTint7","p0.05",1.42611394249322e-05,"activator",28.9624517487425,2.18549328792022
"activator","spliced",111,687,"XISTint7","p0.05",0.576335813412901,"",13.9097744360902,-0.924662650002489
"repressor","spliced",224,1286,"XISTint7","p0.05",0.576335813412901,"",14.8344370860927,-0.924662650002489
"activator","unspliced",5224,11005,"XISTint8","p0.05",0.0162244692413552,"repressor",32.1892907757718,-1.23762622721122
"repressor","unspliced",5715,11382,"XISTint8","p0.05",0.0162244692413552,"repressor",33.426917002983,-1.23762622721122
"activator","spliced",112,686,"XISTint8","p0.05",7.26799320326941e-12,"repressor",14.0350877192982,-12.1900778436157
"repressor","spliced",396,1114,"XISTint8","p0.05",7.26799320326941e-12,"repressor",26.2251655629139,-12.1900778436157
"activator","unspliced",36,16193,"XISTint9","p0.05",0.908620132807564,"",0.221825127857539,-0.0062850669134735
"repressor","unspliced",39,17058,"XISTint9","p0.05",0.908620132807564,"",0.228110194771012,-0.0062850669134735
"activator","spliced",4,795,"XISTint9","p0.05",0.237680701548573,"",0.500625782227785,-0.558976866778838
"repressor","spliced",16,1494,"XISTint9","p0.05",0.237680701548573,"",1.05960264900662,-0.558976866778838
"activator","unspliced",130,16099,"XISTrA","p0.05",0.00135060321174415,"activator",0.801035183930002,0.286355104388535
"repressor","unspliced",88,17010,"XISTrA","p0.05",0.00135060321174415,"activator",0.514680079541467,0.286355104388535
"activator","spliced",5,793,"XISTrA","p0.05",0.800496789611961,"",0.6265664160401,-0.168135570714867
"repressor","spliced",12,1498,"XISTrA","p0.05",0.800496789611961,"",0.794701986754967,-0.168135570714867
"activator","unspliced",38,16192,"XISTrB1","p0.05",0.402387847632842,"",0.234134319162046,0.0469779266015122
"repressor","unspliced",32,17066,"XISTrB1","p0.05",0.402387847632842,"",0.187156392560533,0.0469779266015122
"activator","spliced",5,793,"XISTrB1","p0.05",0.134231164770496,"",0.6265664160401,0.427890919351358
"repressor","spliced",3,1507,"XISTrB1","p0.05",0.134231164770496,"",0.198675496688742,0.427890919351358
"activator","unspliced",29,16201,"XISTrB2","p0.05",0.411145382527299,"",0.178681454097351,0.0383141596769505
"repressor","unspliced",24,17074,"XISTrB2","p0.05",0.411145382527299,"",0.1403672944204,0.0383141596769505
"activator","spliced",6,792,"XISTrB2","p0.05",0.360795675376339,"",0.75187969924812,0.354528705870637
"repressor","spliced",6,1504,"XISTrB2","p0.05",0.360795675376339,"",0.397350993377483,0.354528705870637
"activator","unspliced",165,16064,"XISTrD","p0.05",0.520158619679701,"",1.01669850268039,-0.0769966663452302
"repressor","unspliced",187,16911,"XISTrD","p0.05",0.520158619679701,"",1.09369516902562,-0.0769966663452302
"activator","spliced",4,794,"XISTrD","p0.05",9.92512188634565e-06,"repressor",0.50125313283208,-2.67755481418779
"repressor","spliced",48,1462,"XISTrD","p0.05",9.92512188634565e-06,"repressor",3.17880794701987,-2.67755481418779
"activator","unspliced",637,15592,"XISTrE","p0.05",0.0488216667277804,"activator",3.92507240125701,0.410041403479491
"repressor","unspliced",601,16497,"XISTrE","p0.05",0.0488216667277804,"activator",3.51503099777752,0.410041403479491
"activator","spliced",5,793,"XISTrE","p0.05",0.0717856354047029,"",0.6265664160401,-0.89661239190692
"repressor","spliced",23,1487,"XISTrE","p0.05",0.0717856354047029,"",1.52317880794702,-0.89661239190692
"activator","unspliced",244,15986,"XISTrF","p0.05",0.892973887307203,"",1.5033887861984,-0.0231948249614544
"repressor","unspliced",261,16836,"XISTrF","p0.05",0.892973887307203,"",1.52658361115985,-0.0231948249614544
"activator","spliced",4,794,"XISTrF","p0.05",0.0263479301666789,"repressor",0.50125313283208,-1.08815084067785
"repressor","spliced",24,1486,"XISTrF","p0.05",0.0263479301666789,"repressor",1.58940397350993,-1.08815084067785
"activator","unspliced",3448,12781,"ASAR6-141chk1","p0.01",0.178024143446185,"",21.2459178014665,0.606076884400188
"repressor","unspliced",3529,13569,"ASAR6-141chk1","p0.01",0.178024143446185,"",20.6398409170663,0.606076884400188
"activator","spliced",78,721,"ASAR6-141chk1","p0.01",0.0452695222214628,"activator",9.7622027534418,2.47743454152127
"repressor","spliced",110,1400,"ASAR6-141chk1","p0.01",0.0452695222214628,"activator",7.28476821192053,2.47743454152127
"activator","unspliced",5857,10372,"ASAR6-141chk2","p0.01",1.99910029848848e-31,"repressor",36.0897159406002,-6.24272060168549
"repressor","unspliced",7238,9860,"ASAR6-141chk2","p0.01",1.99910029848848e-31,"repressor",42.3324365422856,-6.24272060168549
"activator","spliced",89,710,"ASAR6-141chk2","p0.01",1.92216549378636e-41,"repressor",11.1389236545682,-25.0862419083457
"repressor","spliced",547,963,"ASAR6-141chk2","p0.01",1.92216549378636e-41,"repressor",36.2251655629139,-25.0862419083457
"activator","unspliced",5832,10397,"ASAR6-141chk3","p0.01",2.03579244817447e-06,"repressor",35.9356707129213,-2.52136853373015
"repressor","unspliced",6575,10522,"ASAR6-141chk3","p0.01",2.03579244817447e-06,"repressor",38.4570392466515,-2.52136853373015
"activator","spliced",98,700,"ASAR6-141chk3","p0.01",2.60727902848344e-06,"repressor",12.280701754386,-7.71929824561403
"repressor","spliced",302,1208,"ASAR6-141chk3","p0.01",2.60727902848344e-06,"repressor",20,-7.71929824561403
"activator","unspliced",6447,9782,"ASAR6-141chk4","p0.01",1.60969726001432e-20,"repressor",39.7251833138209,-5.02858905721661
"repressor","unspliced",7652,9446,"ASAR6-141chk4","p0.01",1.60969726001432e-20,"repressor",44.7537723710375,-5.02858905721661
"activator","spliced",157,641,"ASAR6-141chk4","p0.01",4.81853199563364e-22,"repressor",19.6741854636591,-19.3324370528971
"repressor","spliced",589,921,"ASAR6-141chk4","p0.01",4.81853199563364e-22,"repressor",39.0066225165563,-19.3324370528971
"activator","unspliced",2338,13891,"ASAR6-141chk5","p0.01",6.41475119531853e-07,"repressor",14.4063096925257,-1.97083249616235
"repressor","unspliced",2800,14297,"ASAR6-141chk5","p0.01",6.41475119531853e-07,"repressor",16.3771421886881,-1.97083249616235
"activator","spliced",29,769,"ASAR6-141chk5","p0.01",7.54308898053405e-11,"repressor",3.63408521303258,-7.55796776709987
"repressor","spliced",169,1341,"ASAR6-141chk5","p0.01",7.54308898053405e-11,"repressor",11.1920529801325,-7.55796776709987
"activator","unspliced",5,16224,"Blustr-5ss","p0.01",0.497419511417324,"",0.0308090455357693,0.0132631337332193
"repressor","unspliced",3,17095,"Blustr-5ss","p0.01",0.497419511417324,"",0.01754591180255,0.0132631337332193
"activator","spliced",0,799,"Blustr-5ss","p0.01",1,"",0,0
"repressor","spliced",0,1510,"Blustr-5ss","p0.01",1,"",0,0
"activator","unspliced",24,16206,"e-Ccnd1","p0.01",0.241714178251938,"",0.147874306839187,-0.0568279975238967
"repressor","unspliced",35,17063,"e-Ccnd1","p0.01",0.241714178251938,"",0.204702304363083,-0.0568279975238967
"activator","spliced",0,799,"e-Ccnd1","p0.01",0.305177949912603,"",0,-0.264900662251656
"repressor","spliced",4,1506,"e-Ccnd1","p0.01",0.305177949912603,"",0.264900662251656,-0.264900662251656
"activator","unspliced",16,16214,"e-ID1","p0.01",0.030996127059455,"repressor",0.0985828712261245,-0.0944334474262707
"repressor","unspliced",33,17064,"e-ID1","p0.01",0.030996127059455,"repressor",0.193016318652395,-0.0944334474262707
"activator","spliced",0,799,"e-ID1","p0.01",0.00120492533286223,"repressor",0,-1.12582781456954
"repressor","spliced",17,1493,"e-ID1","p0.01",0.00120492533286223,"repressor",1.12582781456954,-1.12582781456954
"activator","unspliced",3,16226,"e-Med13l","p0.01",0.727272784779792,"",0.0184854273214616,-0.0107577590161218
"repressor","unspliced",5,17093,"e-Med13l","p0.01",0.727272784779792,"",0.0292431863375833,-0.0107577590161218
"activator","spliced",0,799,"e-Med13l","p0.01",1,"",0,0
"repressor","spliced",0,1510,"e-Med13l","p0.01",1,"",0,0
"activator","unspliced",321,15909,"e-YY1","p0.01",3.04274918655824e-22,"activator",1.97781885397412,1.21745153807075
"repressor","unspliced",130,16967,"e-YY1","p0.01",3.04274918655824e-22,"activator",0.760367315903375,1.21745153807075
"activator","spliced",48,751,"e-YY1","p0.01",3.02776001620928e-09,"activator",6.00750938673342,4.61678090991222
"repressor","spliced",21,1489,"e-YY1","p0.01",3.02776001620928e-09,"activator",1.39072847682119,4.61678090991222
"activator","unspliced",8,16221,"FIRRE-RRD","p0.01",0.213454298190538,"",0.0492944728572309,-0.0384350861555192
"repressor","unspliced",15,17083,"FIRRE-RRD","p0.01",0.213454298190538,"",0.08772955901275,-0.0384350861555192
"activator","spliced",0,799,"FIRRE-RRD","p0.01",0.547212962914314,"",0,-0.132450331125828
"repressor","spliced",2,1508,"FIRRE-RRD","p0.01",0.547212962914314,"",0.132450331125828,-0.132450331125828
"activator","unspliced",651,15579,"HOTTIP-MLL","p0.01",0.116860334099404,"",4.01109057301294,0.332297731744954
"repressor","unspliced",629,16469,"HOTTIP-MLL","p0.01",0.116860334099404,"",3.67879284126798,0.332297731744954
"activator","spliced",117,681,"HOTTIP-MLL","p0.01",3.22329554677035e-07,"activator",14.6616541353383,6.91330976447742
"repressor","spliced",117,1393,"HOTTIP-MLL","p0.01",3.22329554677035e-07,"activator",7.74834437086093,6.91330976447742
"activator","unspliced",1,16229,"HSat3_antisense","p0.01",1,"",0.00616142945163278,0.00031279218411611
"repressor","unspliced",1,17097,"HSat3_antisense","p0.01",1,"",0.00584863726751667,0.00031279218411611
"activator","spliced",0,799,"HSat3_antisense","p0.01",1,"",0,0
"repressor","spliced",0,1510,"HSat3_antisense","p0.01",1,"",0,0
"activator","unspliced",1,16229,"HSat3_sense","p0.01",1,"",0.00616142945163278,-0.00553584508340056
"repressor","unspliced",2,17096,"HSat3_sense","p0.01",1,"",0.0116972745350333,-0.00553584508340056
"activator","spliced",0,799,"HSat3_sense","p0.01",1,"",0,0
"repressor","spliced",0,1510,"HSat3_sense","p0.01",1,"",0,0
"activator","unspliced",37,16193,"JPX-9","p0.01",7.03506986166064e-05,"activator",0.227972889710413,0.163634116826281
"repressor","unspliced",11,17086,"JPX-9","p0.01",7.03506986166064e-05,"activator",0.0643387728841317,0.163634116826281
"activator","spliced",0,799,"JPX-9","p0.01",1,"",0,-0.0662251655629139
"repressor","spliced",1,1509,"JPX-9","p0.01",1,"",0.0662251655629139,-0.0662251655629139
"activator","unspliced",172,16058,"MALAT1E","p0.01",0.00550266714229713,"activator",1.05976586568084,0.293594383636154
"repressor","unspliced",131,16967,"MALAT1E","p0.01",0.00550266714229713,"activator",0.766171482044684,0.293594383636154
"activator","spliced",3,796,"MALAT1E","p0.01",0.403438335387089,"",0.375469336670839,-0.353007484521214
"repressor","spliced",11,1499,"MALAT1E","p0.01",0.403438335387089,"",0.728476821192053,-0.353007484521214
"activator","unspliced",132,16098,"MALAT1M","p0.01",0.0219368127513185,"activator",0.813308687615527,0.21089904906131
"repressor","unspliced",103,16995,"MALAT1M","p0.01",0.0219368127513185,"activator",0.602409638554217,0.21089904906131
"activator","spliced",7,792,"MALAT1M","p0.01",0.612117404980502,"",0.876095118898623,0.213843463269484
"repressor","spliced",10,1500,"MALAT1M","p0.01",0.612117404980502,"",0.662251655629139,0.213843463269484
"activator","unspliced",5,16225,"MEG3-NRE","p0.01",1,"",0.0308071472581639,0.00156396092058055
"repressor","unspliced",5,17093,"MEG3-NRE","p0.01",1,"",0.0292431863375833,0.00156396092058055
"activator","spliced",0,799,"MEG3-NRE","p0.01",0.555750559842457,"",0,-0.198675496688742
"repressor","spliced",3,1507,"MEG3-NRE","p0.01",0.555750559842457,"",0.198675496688742,-0.198675496688742
"activator","unspliced",5,16225,"ncRNA-a7","p0.01",0.0273784614453865,"activator",0.0308071472581639,0.0308071472581639
"repressor","unspliced",0,17098,"ncRNA-a7","p0.01",0.0273784614453865,"activator",0,0.0308071472581639
"activator","spliced",5,794,"ncRNA-a7","p0.01",0.00492096893966781,"activator",0.625782227784731,0.625782227784731
"repressor","spliced",0,1510,"ncRNA-a7","p0.01",0.00492096893966781,"activator",0,0.625782227784731
"activator","unspliced",384,15846,"NEAT1chk1","p0.01",0.304743770036611,"",2.36598890942699,-0.178317109172767
"repressor","unspliced",435,16662,"NEAT1chk1","p0.01",0.304743770036611,"",2.54430601859975,-0.178317109172767
"activator","spliced",57,742,"NEAT1chk1","p0.01",0.00621754255830146,"activator",7.13391739674593,2.76305646959361
"repressor","spliced",66,1444,"NEAT1chk1","p0.01",0.00621754255830146,"activator",4.37086092715232,2.76305646959361
"activator","unspliced",4449,11780,"NEAT1chk10","p0.01",0.17496368820738,"",27.4138887177275,0.660657156634933
"repressor","unspliced",4574,12523,"NEAT1chk10","p0.01",0.17496368820738,"",26.7532315610926,0.660657156634933
"activator","spliced",81,718,"NEAT1chk10","p0.01",0.266928812098558,"",10.1376720901126,-1.58418221452312
"repressor","spliced",177,1333,"NEAT1chk10","p0.01",0.266928812098558,"",11.7218543046358,-1.58418221452312
"activator","unspliced",4658,11571,"NEAT1chk11","p0.01",0.083977226782418,"",28.7017068211227,0.85634479047582
"repressor","unspliced",4761,12337,"NEAT1chk11","p0.01",0.083977226782418,"",27.8453620306469,0.85634479047582
"activator","spliced",90,708,"NEAT1chk11","p0.01",0.352489777453041,"",11.2781954887218,1.2781954887218
"repressor","spliced",151,1359,"NEAT1chk11","p0.01",0.352489777453041,"",10,1.2781954887218
"activator","unspliced",3258,12971,"NEAT1chk12","p0.01",1.29679038171591e-09,"activator",20.0751740711073,2.59944591576747
"repressor","unspliced",2988,14110,"NEAT1chk12","p0.01",1.29679038171591e-09,"activator",17.4757281553398,2.59944591576747
"activator","spliced",25,773,"NEAT1chk12","p0.01",2.53854248781228e-07,"repressor",3.1328320802005,-5.41021427741539
"repressor","spliced",129,1381,"NEAT1chk12","p0.01",2.53854248781228e-07,"repressor",8.5430463576159,-5.41021427741539
"activator","unspliced",1030,15200,"NEAT1chk13","p0.01",3.30658705919894e-05,"activator",6.34627233518176,1.06495288261421
"repressor","unspliced",903,16195,"NEAT1chk13","p0.01",3.30658705919894e-05,"activator",5.28131945256755,1.06495288261421
"activator","spliced",10,788,"NEAT1chk13","p0.01",0.000370647428888084,"repressor",1.2531328320802,-2.52170160500589
"repressor","spliced",57,1453,"NEAT1chk13","p0.01",0.000370647428888084,"repressor",3.77483443708609,-2.52170160500589
"activator","unspliced",6,16223,"NEAT1chk14","p0.01",1,"",0.0369708546429232,-0.00396960622969351
"repressor","unspliced",7,17091,"NEAT1chk14","p0.01",1,"",0.0409404608726167,-0.00396960622969351
"activator","spliced",0,799,"NEAT1chk14","p0.01",1,"",0,0
"repressor","spliced",0,1510,"NEAT1chk14","p0.01",1,"",0,0
"activator","unspliced",2973,13256,"NEAT1chk15","p0.01",9.73656132644856e-08,"activator",18.3190584755684,2.20606280356
"repressor","unspliced",2755,14343,"NEAT1chk15","p0.01",9.73656132644856e-08,"activator",16.1129956720084,2.20606280356
"activator","spliced",36,763,"NEAT1chk15","p0.01",0.280495489209646,"",4.50563204005006,-1.12350703279762
"repressor","spliced",85,1425,"NEAT1chk15","p0.01",0.280495489209646,"",5.62913907284768,-1.12350703279762
"activator","unspliced",3339,12890,"NEAT1chk16","p0.01",0.0612612571968234,"",20.5742806087867,0.828126312711404
"repressor","unspliced",3376,13721,"NEAT1chk16","p0.01",0.0612612571968234,"",19.7461542960753,0.828126312711404
"activator","spliced",64,735,"NEAT1chk16","p0.01",0.0391790462866332,"repressor",8.01001251564456,-2.7184643055475
"repressor","spliced",162,1348,"NEAT1chk16","p0.01",0.0391790462866332,"repressor",10.7284768211921,-2.7184643055475
"activator","unspliced",308,15921,"NEAT1chk17","p0.01",1.78269359200898e-13,"activator",1.89783720500339,0.950302549800722
"repressor","unspliced",162,16935,"NEAT1chk17","p0.01",1.78269359200898e-13,"activator",0.947534655202667,0.950302549800722
"activator","spliced",0,799,"NEAT1chk17","p0.01",1.78711568284779e-07,"repressor",0,-2.45033112582781
"repressor","spliced",37,1473,"NEAT1chk17","p0.01",1.78711568284779e-07,"repressor",2.45033112582781,-2.45033112582781
"activator","unspliced",8,16222,"NEAT1chk19","p0.01",0.386575462324682,"",0.0492914356130622,-0.0267408488646545
"repressor","unspliced",13,17085,"NEAT1chk19","p0.01",0.386575462324682,"",0.0760322844777167,-0.0267408488646545
"activator","spliced",0,799,"NEAT1chk19","p0.01",1,"",0,0
"repressor","spliced",0,1510,"NEAT1chk19","p0.01",1,"",0,0
"activator","unspliced",24,16205,"NEAT1chk2","p0.01",0.00175377909666291,"activator",0.147883418571693,0.106940563099972
"repressor","unspliced",7,17090,"NEAT1chk2","p0.01",0.00175377909666291,"activator",0.0409428554717202,0.106940563099972
"activator","spliced",0,799,"NEAT1chk2","p0.01",1,"",0,0
"repressor","spliced",0,1510,"NEAT1chk2","p0.01",1,"",0,0
"activator","unspliced",4,16225,"NEAT1chk20","p0.01",0.0562211560722021,"",0.0246472364286154,0.0246472364286154
"repressor","unspliced",0,17098,"NEAT1chk20","p0.01",0.0562211560722021,"",0,0.0246472364286154
"activator","spliced",0,799,"NEAT1chk20","p0.01",1,"",0,0
"repressor","spliced",0,1510,"NEAT1chk20","p0.01",1,"",0,0
"activator","unspliced",103,16126,"NEAT1chk21","p0.01",1.11888789341483e-53,"repressor",0.634666338036848,-2.10834454042847
"repressor","unspliced",469,16629,"NEAT1chk21","p0.01",1.11888789341483e-53,"repressor",2.74301087846532,-2.10834454042847
"activator","spliced",0,799,"NEAT1chk21","p0.01",1,"",0,0
"repressor","spliced",0,1510,"NEAT1chk21","p0.01",1,"",0,0
"activator","unspliced",323,15907,"NEAT1chk22","p0.01",1.93548402847737e-47,"repressor",1.99014171287739,-2.8469642121387
"repressor","unspliced",827,16270,"NEAT1chk22","p0.01",1.93548402847737e-47,"repressor",4.83710592501608,-2.8469642121387
"activator","spliced",11,788,"NEAT1chk22","p0.01",2.20680671354467e-14,"repressor",1.37672090112641,-7.29877578761531
"repressor","spliced",131,1379,"NEAT1chk22","p0.01",2.20680671354467e-14,"repressor",8.67549668874172,-7.29877578761531
"activator","unspliced",163,16067,"NEAT1chk3","p0.01",0.0675817497931875,"",1.00431300061614,-0.212203551027324
"repressor","unspliced",208,16890,"NEAT1chk3","p0.01",0.0675817497931875,"",1.21651655164347,-0.212203551027324
"activator","spliced",0,799,"NEAT1chk3","p0.01",7.54393640841829e-05,"repressor",0,-1.52317880794702
"repressor","spliced",23,1487,"NEAT1chk3","p0.01",7.54393640841829e-05,"repressor",1.52317880794702,-1.52317880794702
"activator","unspliced",3509,12720,"NEAT1chk4","p0.01",0.00393850322002784,"repressor",21.6217881570029,-1.31656720619748
"repressor","unspliced",3922,13176,"NEAT1chk4","p0.01",0.00393850322002784,"repressor",22.9383553632004,-1.31656720619748
"activator","spliced",61,737,"NEAT1chk4","p0.01",0.00557907255002101,"repressor",7.64411027568922,-3.68039303556905
"repressor","spliced",171,1339,"NEAT1chk4","p0.01",0.00557907255002101,"repressor",11.3245033112583,-3.68039303556905
"activator","unspliced",19,16211,"NEAT1chk5","p0.01",0.00340792840901474,"activator",0.117067159581023,0.0878239732434395
"repressor","unspliced",5,17093,"NEAT1chk5","p0.01",0.00340792840901474,"activator",0.0292431863375833,0.0878239732434395
"activator","spliced",0,799,"NEAT1chk5","p0.01",1,"",0,0
"repressor","spliced",0,1510,"NEAT1chk5","p0.01",1,"",0,0
"activator","unspliced",0,16229,"NEAT1chk6","p0.01",0.50032495851941,"",0,-0.0116972745350333
"repressor","unspliced",2,17096,"NEAT1chk6","p0.01",0.50032495851941,"",0.0116972745350333,-0.0116972745350333
"activator","spliced",0,799,"NEAT1chk6","p0.01",1,"",0,0
"repressor","spliced",0,1510,"NEAT1chk6","p0.01",1,"",0,0
"activator","unspliced",4524,11705,"NEAT1chk7","p0.01",0.275282403176522,"",27.8760244007641,0.537894904361185
"repressor","unspliced",4674,12423,"NEAT1chk7","p0.01",0.275282403176522,"",27.3381294964029,0.537894904361185
"activator","spliced",73,726,"NEAT1chk7","p0.01",0.220365875636628,"",9.13642052565707,-1.72450662666081
"repressor","spliced",164,1346,"NEAT1chk7","p0.01",0.220365875636628,"",10.8609271523179,-1.72450662666081
"activator","unspliced",102,16128,"NEAT1chk8","p0.01",0.834081436213613,"",0.628465804066543,0.0202075282448099
"repressor","unspliced",104,16994,"NEAT1chk8","p0.01",0.834081436213613,"",0.608258275821734,0.0202075282448099
"activator","spliced",0,799,"NEAT1chk8","p0.01",0.00352143172220417,"repressor",0,-0.927152317880795
"repressor","spliced",14,1496,"NEAT1chk8","p0.01",0.00352143172220417,"repressor",0.927152317880795,-0.927152317880795
"activator","unspliced",4511,11718,"NEAT1chk9","p0.01",0.0261009055066051,"repressor",27.7959208823711,-1.10388610131028
"repressor","unspliced",4941,12156,"NEAT1chk9","p0.01",0.0261009055066051,"repressor",28.8998069836813,-1.10388610131028
"activator","spliced",67,732,"NEAT1chk9","p0.01",0.0426813869498917,"repressor",8.38548185231539,-2.67412079669123
"repressor","spliced",167,1343,"NEAT1chk9","p0.01",0.0426813869498917,"repressor",11.0596026490066,-2.67412079669123
"activator","unspliced",1,16228,"NKILA-SRSFNRE","p0.01",0.486962522879347,"",0.00616180910715386,0.00616180910715386
"repressor","unspliced",0,17098,"NKILA-SRSFNRE","p0.01",0.486962522879347,"",0,0.00616180910715386
"activator","spliced",0,799,"NKILA-SRSFNRE","p0.01",1,"",0,0
"repressor","spliced",0,1510,"NKILA-SRSFNRE","p0.01",1,"",0,0
"activator","unspliced",6,16224,"PRRX2-eRNA","p0.01",0.0133305985941061,"activator",0.0369685767097967,0.0369685767097967
"repressor","unspliced",0,17098,"PRRX2-eRNA","p0.01",0.0133305985941061,"activator",0,0.0369685767097967
"activator","spliced",0,799,"PRRX2-eRNA","p0.01",1,"",0,0
"repressor","spliced",0,1510,"PRRX2-eRNA","p0.01",1,"",0,0
"activator","unspliced",80,16149,"PVT1-22","p0.01",3.56597092653724e-10,"activator",0.492944728572309,0.370123345954459
"repressor","unspliced",21,17077,"PVT1-22","p0.01",3.56597092653724e-10,"activator",0.12282138261785,0.370123345954459
"activator","spliced",0,798,"PVT1-22","p0.01",1,"",0,0
"repressor","spliced",0,1510,"PVT1-22","p0.01",1,"",0,0
"activator","unspliced",102,16128,"SEMA3C-eRNA","p0.01",0.779520846208699,"",0.628465804066543,0.0260209306969464
"repressor","unspliced",103,16994,"SEMA3C-eRNA","p0.01",0.779520846208699,"",0.602444873369597,0.0260209306969464
"activator","spliced",0,799,"SEMA3C-eRNA","p0.01",0.00207765185600712,"repressor",0,-0.993377483443709
"repressor","spliced",15,1495,"SEMA3C-eRNA","p0.01",0.00207765185600712,"repressor",0.993377483443709,-0.993377483443709
"activator","unspliced",1757,14472,"XIST-PfIMI","p0.01",0.029939386587468,"repressor",10.8262986012693,-0.754003188413671
"repressor","unspliced",1980,15118,"XIST-PfIMI","p0.01",0.029939386587468,"repressor",11.580301789683,-0.754003188413671
"activator","spliced",16,783,"XIST-PfIMI","p0.01",1.33003748235405e-08,"repressor",2.00250312891114,-5.3484902485723
"repressor","spliced",111,1399,"XIST-PfIMI","p0.01",1.33003748235405e-08,"repressor",7.35099337748344,-5.3484902485723
"activator","unspliced",127,16103,"XISTint1","p0.01",0.3363291791027,"",0.782501540357363,0.092362342790396
"repressor","unspliced",118,16980,"XISTint1","p0.01",0.3363291791027,"",0.690139197566967,0.092362342790396
"activator","spliced",0,799,"XISTint1","p0.01",0.0319948405324558,"repressor",0,-0.596026490066225
"repressor","spliced",9,1501,"XISTint1","p0.01",0.0319948405324558,"repressor",0.596026490066225,-0.596026490066225
"activator","unspliced",3,16226,"XISTint10","p0.01",0.0131989963664465,"repressor",0.0184854273214616,-0.0633954944237718
"repressor","unspliced",14,17084,"XISTint10","p0.01",0.0131989963664465,"repressor",0.0818809217452334,-0.0633954944237718
"activator","spliced",0,799,"XISTint10","p0.01",0.00352143172220417,"repressor",0,-0.927152317880795
"repressor","spliced",14,1496,"XISTint10","p0.01",0.00352143172220417,"repressor",0.927152317880795,-0.927152317880795
"activator","unspliced",4275,11954,"XISTint11","p0.01",5.4324213044253e-21,"repressor",26.3417339330828,-4.66189222202311
"repressor","unspliced",5301,11797,"XISTint11","p0.01",5.4324213044253e-21,"repressor",31.0036261551059,-4.66189222202311
"activator","spliced",56,742,"XISTint11","p0.01",3.58466681348136e-32,"repressor",7.01754385964912,-19.2738468688277
"repressor","spliced",397,1113,"XISTint11","p0.01",3.58466681348136e-32,"repressor",26.2913907284768,-19.2738468688277
"activator","unspliced",5198,11031,"XISTint12","p0.01",3.99428538916963e-13,"repressor",32.0290837389858,-3.76457633821624
"repressor","unspliced",6120,10978,"XISTint12","p0.01",3.99428538916963e-13,"repressor",35.793660077202,-3.76457633821624
"activator","spliced",88,711,"XISTint12","p0.01",7.14771687302163e-32,"repressor",11.0137672090113,-21.2378884201278
"repressor","spliced",487,1023,"XISTint12","p0.01",7.14771687302163e-32,"repressor",32.2516556291391,-21.2378884201278
"activator","unspliced",4481,11748,"XISTint13","p0.01",9.62776578341896e-34,"repressor",27.6110666091564,-6.11999732018788
"repressor","unspliced",5767,11330,"XISTint13","p0.01",9.62776578341896e-34,"repressor",33.7310639293443,-6.11999732018788
"activator","spliced",69,729,"XISTint13","p0.01",1.91253389630462e-19,"repressor",8.64661654135338,-14.5321914056665
"repressor","spliced",350,1160,"XISTint13","p0.01",1.91253389630462e-19,"repressor",23.1788079470199,-14.5321914056665
"activator","unspliced",5884,10345,"XISTint14","p0.01",5.25567996316958e-05,"repressor",36.2560847864933,-2.14606751202113
"repressor","unspliced",6566,10532,"XISTint14","p0.01",5.25567996316958e-05,"repressor",38.4021522985144,-2.14606751202113
"activator","spliced",122,676,"XISTint14","p0.01",3.5513815205338e-21,"repressor",15.2882205513784,-17.8243622300785
"repressor","spliced",500,1010,"XISTint14","p0.01",3.5513815205338e-21,"repressor",33.112582781457,-17.8243622300785
"activator","unspliced",7,16223,"XISTint2","p0.01",0.804633660077694,"",0.0431300061614295,-0.0095108080164965
"repressor","unspliced",9,17088,"XISTint2","p0.01",0.804633660077694,"",0.052640814177926,-0.0095108080164965
"activator","spliced",0,799,"XISTint2","p0.01",0.547212962914314,"",0,-0.132450331125828
"repressor","spliced",2,1508,"XISTint2","p0.01",0.547212962914314,"",0.132450331125828,-0.132450331125828
"activator","unspliced",961,15268,"XISTint3","p0.01",3.85301036752215e-09,"activator",5.92149855197486,1.43533138814495
"repressor","unspliced",767,16330,"XISTint3","p0.01",3.85301036752215e-09,"activator",4.48616716382991,1.43533138814495
"activator","spliced",0,799,"XISTint3","p0.01",0.000235365746351477,"repressor",0,-1.32450331125828
"repressor","spliced",20,1490,"XISTint3","p0.01",0.000235365746351477,"repressor",1.32450331125828,-1.32450331125828
"activator","unspliced",1601,14629,"XISTint4","p0.01",0.193871291497358,"",9.86444855206408,0.424195876156025
"repressor","unspliced",1614,15483,"XISTint4","p0.01",0.193871291497358,"",9.44025267590805,0.424195876156025
"activator","spliced",3,795,"XISTint4","p0.01",2.42398000448349e-14,"repressor",0.37593984962406,-5.78300054772693
"repressor","spliced",93,1417,"XISTint4","p0.01",2.42398000448349e-14,"repressor",6.15894039735099,-5.78300054772693
"activator","unspliced",2288,13941,"XISTint5","p0.01",0.00414958045832037,"activator",14.098219237168,1.07915267967593
"repressor","unspliced",2226,14872,"XISTint5","p0.01",0.00414958045832037,"activator",13.0190665574921,1.07915267967593
"activator","spliced",27,771,"XISTint5","p0.01",0.44158214971829,"",3.38345864661654,0.602001692974157
"repressor","spliced",42,1468,"XISTint5","p0.01",0.44158214971829,"",2.78145695364238,0.602001692974157
"activator","unspliced",1401,14828,"XISTint6","p0.01",0.666633061419374,"",8.63269455912256,0.13462460942084
"repressor","unspliced",1453,15645,"XISTint6","p0.01",0.666633061419374,"",8.49806994970172,0.13462460942084
"activator","spliced",13,786,"XISTint6","p0.01",1.97927974810199e-06,"repressor",1.6270337922403,-3.93588011504447
"repressor","spliced",84,1426,"XISTint6","p0.01",1.97927974810199e-06,"repressor",5.56291390728477,-3.93588011504447
"activator","unspliced",1669,14560,"XISTint7","p0.01",1.70714226894481e-09,"activator",10.2840593998398,1.92050810729096
"repressor","unspliced",1430,15668,"XISTint7","p0.01",1.70714226894481e-09,"activator",8.36355129254884,1.92050810729096
"activator","spliced",7,791,"XISTint7","p0.01",2.66785635424795e-12,"repressor",0.87719298245614,-5.81154873939816
"repressor","spliced",101,1409,"XISTint7","p0.01",2.66785635424795e-12,"repressor",6.6887417218543,-5.81154873939816
"activator","unspliced",2582,13648,"XISTint8","p0.01",0.019365985146328,"repressor",15.9088108441158,-0.953796630879779
"repressor","unspliced",2883,14214,"XISTint8","p0.01",0.019365985146328,"repressor",16.8626074749956,-0.953796630879779
"activator","spliced",10,789,"XISTint8","p0.01",2.01922777262693e-13,"repressor",1.25156445556946,-6.76168057754312
"repressor","spliced",121,1389,"XISTint8","p0.01",2.01922777262693e-13,"repressor",8.01324503311258,-6.76168057754312
"activator","unspliced",0,16229,"XISTint9","p0.01",0.0629063052211424,"",0,-0.0292431863375833
"repressor","unspliced",5,17093,"XISTint9","p0.01",0.0629063052211424,"",0.0292431863375833,-0.0292431863375833
"activator","spliced",0,799,"XISTint9","p0.01",0.0989976336686418,"",0,-0.397350993377483
"repressor","spliced",6,1504,"XISTint9","p0.01",0.0989976336686418,"",0.397350993377483,-0.397350993377483
"activator","unspliced",7,16222,"XISTrA","p0.01",1,"",0.043132663750077,-0.00365643439005633
"repressor","unspliced",8,17090,"XISTrA","p0.01",1,"",0.0467890981401334,-0.00365643439005633
"activator","spliced",3,796,"XISTrA","p0.01",1,"",0.375469336670839,0.044343508856269
"repressor","spliced",5,1505,"XISTrA","p0.01",1,"",0.33112582781457,0.044343508856269
"activator","unspliced",20,16210,"XISTrB1","p0.01",1,"",0.123228589032656,0.000400022617495013
"repressor","unspliced",21,17076,"XISTrB1","p0.01",1,"",0.122828566415161,0.000400022617495013
"activator","spliced",2,796,"XISTrB1","p0.01",0.612459781674387,"",0.25062656641604,0.118176235290212
"repressor","spliced",2,1508,"XISTrB1","p0.01",0.612459781674387,"",0.132450331125828,0.118176235290212
"activator","unspliced",15,16214,"XISTrB2","p0.01",0.86149961578212,"",0.0924271366073079,-0.00699969694047546
"repressor","unspliced",17,17081,"XISTrB2","p0.01",0.86149961578212,"",0.0994268335477834,-0.00699969694047546
"activator","spliced",3,796,"XISTrB2","p0.01",1,"",0.375469336670839,0.044343508856269
"repressor","spliced",5,1505,"XISTrB2","p0.01",1,"",0.33112582781457,0.044343508856269
"activator","unspliced",4,16225,"XISTrD","p0.01",4.28204605986993e-06,"repressor",0.0246472364286154,-0.156671123517574
"repressor","unspliced",31,17066,"XISTrD","p0.01",4.28204605986993e-06,"repressor",0.181318359946189,-0.156671123517574
"activator","spliced",0,799,"XISTrD","p0.01",4.99097997052483e-06,"repressor",0,-1.9205298013245
"repressor","spliced",29,1481,"XISTrD","p0.01",4.99097997052483e-06,"repressor",1.9205298013245,-1.9205298013245
"activator","unspliced",445,15784,"XISTrE","p0.01",0.139237148572969,"",2.74200505268347,0.262182851256401
"repressor","unspliced",424,16674,"XISTrE","p0.01",0.139237148572969,"",2.47982220142707,0.262182851256401
"activator","spliced",0,799,"XISTrE","p0.01",0.00207765185600712,"repressor",0,-0.993377483443709
"repressor","spliced",15,1495,"XISTrE","p0.01",0.00207765185600712,"repressor",0.993377483443709,-0.993377483443709
"activator","unspliced",12,16218,"XISTrF","p0.01",0.00865850816547869,"repressor",0.0739371534195934,-0.107370601873423
"repressor","unspliced",31,17067,"XISTrF","p0.01",0.00865850816547869,"repressor",0.181307755293017,-0.107370601873423
"activator","spliced",0,799,"XISTrF","p0.01",0.0110545995963558,"repressor",0,-0.728476821192053
"repressor","spliced",11,1499,"XISTrF","p0.01",0.0110545995963558,"repressor",0.728476821192053,-0.728476821192053
"activator","unspliced",697,15532,"ASAR6-141chk1","p0.001",0.978451688859649,"",4.29478094768624,-0.0100678561974812
"repressor","unspliced",736,16361,"ASAR6-141chk1","p0.001",0.978451688859649,"",4.30484880388372,-0.0100678561974812
"activator","spliced",0,799,"ASAR6-141chk1","p0.001",1,"",0,0
"repressor","spliced",0,1510,"ASAR6-141chk1","p0.001",1,"",0,0
"activator","unspliced",2482,13747,"ASAR6-141chk2","p0.001",3.97614387763274e-35,"repressor",15.2936102039559,-5.19416614415501
"repressor","unspliced",3503,13595,"ASAR6-141chk2","p0.001",3.97614387763274e-35,"repressor",20.4877763481109,-5.19416614415501
"activator","spliced",5,794,"ASAR6-141chk2","p0.001",3.91307883225651e-23,"repressor",0.625782227784731,-9.44044293777818
"repressor","spliced",152,1358,"ASAR6-141chk2","p0.001",3.91307883225651e-23,"repressor",10.0662251655629,-9.44044293777818
"activator","unspliced",2402,13827,"ASAR6-141chk3","p0.001",4.13116521268139e-06,"repressor",14.8006654753836,-1.83968078419413
"repressor","unspliced",2845,14252,"ASAR6-141chk3","p0.001",4.13116521268139e-06,"repressor",16.6403462595777,-1.83968078419413
"activator","spliced",0,799,"ASAR6-141chk3","p0.001",4.79320134760079e-12,"repressor",0,-4.03973509933775
"repressor","spliced",61,1449,"ASAR6-141chk3","p0.001",4.79320134760079e-12,"repressor",4.03973509933775,-4.03973509933775
"activator","unspliced",2677,13552,"ASAR6-141chk4","p0.001",1.11185814497426e-72,"repressor",16.4951629798509,-7.95941969547227
"repressor","unspliced",4181,12916,"ASAR6-141chk4","p0.001",1.11185814497426e-72,"repressor",24.4545826753232,-7.95941969547227
"activator","spliced",30,768,"ASAR6-141chk4","p0.001",1.08365041551441e-08,"repressor",3.7593984962406,-6.50550216601105
"repressor","spliced",155,1355,"ASAR6-141chk4","p0.001",1.08365041551441e-08,"repressor",10.2649006622517,-6.50550216601105
"activator","unspliced",32,16197,"ASAR6-141chk5","p0.001",0.000692207420872533,"activator",0.197177891428924,0.132839118544792
"repressor","unspliced",11,17086,"ASAR6-141chk5","p0.001",0.000692207420872533,"activator",0.0643387728841317,0.132839118544792
"activator","spliced",0,799,"ASAR6-141chk5","p0.001",1,"",0,0
"repressor","spliced",0,1510,"ASAR6-141chk5","p0.001",1,"",0,0
"activator","unspliced",22,16207,"HOTTIP-MLL","p0.001",1.32351342153215e-07,"activator",0.135559800357385,0.135559800357385
"repressor","unspliced",0,17098,"HOTTIP-MLL","p0.001",1.32351342153215e-07,"activator",0,0.135559800357385
"activator","spliced",31,767,"HOTTIP-MLL","p0.001",3.41438797767607e-15,"activator",3.88471177944862,3.88471177944862
"repressor","spliced",0,1510,"HOTTIP-MLL","p0.001",3.41438797767607e-15,"activator",0,3.88471177944862
"activator","unspliced",4,16226,"JPX-9","p0.001",0.207154326629857,"",0.0246457178065311,0.0187970805390144
"repressor","unspliced",1,17097,"JPX-9","p0.001",0.207154326629857,"",0.00584863726751667,0.0187970805390144
"activator","spliced",0,799,"JPX-9","p0.001",1,"",0,0
"repressor","spliced",0,1510,"JPX-9","p0.001",1,"",0,0
"activator","unspliced",0,16229,"MEG3-NRE","p0.001",0.250487437779115,"",0,-0.01754591180255
"repressor","unspliced",3,17095,"MEG3-NRE","p0.001",0.250487437779115,"",0.01754591180255,-0.01754591180255
"activator","spliced",0,799,"MEG3-NRE","p0.001",0.555750559842457,"",0,-0.198675496688742
"repressor","spliced",3,1507,"MEG3-NRE","p0.001",0.555750559842457,"",0.198675496688742,-0.198675496688742
"activator","unspliced",5,16225,"ncRNA-a7","p0.001",0.0273784614453865,"activator",0.0308071472581639,0.0308071472581639
"repressor","unspliced",0,17098,"ncRNA-a7","p0.001",0.0273784614453865,"activator",0,0.0308071472581639
"activator","spliced",5,794,"ncRNA-a7","p0.001",0.00492096893966781,"activator",0.625782227784731,0.625782227784731
"repressor","spliced",0,1510,"ncRNA-a7","p0.001",0.00492096893966781,"activator",0,0.625782227784731
"activator","unspliced",140,16090,"NEAT1chk1","p0.001",2.54828627734809e-10,"activator",0.862600123228589,0.529227798980139
"repressor","unspliced",57,17041,"NEAT1chk1","p0.001",2.54828627734809e-10,"activator",0.33337232424845,0.529227798980139
"activator","spliced",10,788,"NEAT1chk1","p0.001",2.3526757108039e-05,"activator",1.2531328320802,1.2531328320802
"repressor","spliced",0,1510,"NEAT1chk1","p0.001",2.3526757108039e-05,"activator",0,1.2531328320802
"activator","unspliced",1399,14830,"NEAT1chk10","p0.001",9.67620097502117e-08,"activator",8.62037094090825,1.57235082041928
"repressor","unspliced",1205,15892,"NEAT1chk10","p0.001",9.67620097502117e-08,"activator",7.04802012048897,1.57235082041928
"activator","spliced",6,793,"NEAT1chk10","p0.001",1,"",0.750938673341677,-0.0437633134132898
"repressor","spliced",12,1498,"NEAT1chk10","p0.001",1,"",0.794701986754967,-0.0437633134132898
"activator","unspliced",879,15351,"NEAT1chk11","p0.001",4.99471504165594e-05,"activator",5.41589648798521,0.964823200273918
"repressor","unspliced",761,16336,"NEAT1chk11","p0.001",4.99471504165594e-05,"activator",4.45107328771129,0.964823200273918
"activator","spliced",0,799,"NEAT1chk11","p0.001",1,"",0,0
"repressor","spliced",0,1510,"NEAT1chk11","p0.001",1,"",0,0
"activator","unspliced",842,15387,"NEAT1chk12","p0.001",1.18479137705992e-14,"activator",5.18824326822355,1.72000136858617
"repressor","unspliced",593,16505,"NEAT1chk12","p0.001",1.18479137705992e-14,"activator",3.46824189963738,1.72000136858617
"activator","spliced",0,799,"NEAT1chk12","p0.001",1,"",0,0
"repressor","spliced",0,1510,"NEAT1chk12","p0.001",1,"",0,0
"activator","unspliced",73,16156,"NEAT1chk15","p0.001",1.41584004976359e-23,"activator",0.449812064822232,0.449812064822232
"repressor","unspliced",0,17098,"NEAT1chk15","p0.001",1.41584004976359e-23,"activator",0,0.449812064822232
"activator","spliced",0,799,"NEAT1chk15","p0.001",1,"",0,0
"repressor","spliced",0,1510,"NEAT1chk15","p0.001",1,"",0,0
"activator","unspliced",593,15636,"NEAT1chk16","p0.001",2.68807508795494e-09,"activator",3.65395280054224,1.12719372000179
"repressor","unspliced",432,16665,"NEAT1chk16","p0.001",2.68807508795494e-09,"activator",2.52675908054045,1.12719372000179
"activator","spliced",0,799,"NEAT1chk16","p0.001",1,"",0,0
"repressor","spliced",0,1510,"NEAT1chk16","p0.001",1,"",0,0
"activator","unspliced",0,16229,"NEAT1chk3","p0.001",0.000256576840461692,"repressor",0,-0.0760322844777167
"repressor","unspliced",13,17085,"NEAT1chk3","p0.001",0.000256576840461692,"repressor",0.0760322844777167,-0.0760322844777167
"activator","spliced",0,799,"NEAT1chk3","p0.001",1,"",0,0
"repressor","spliced",0,1510,"NEAT1chk3","p0.001",1,"",0,0
"activator","unspliced",24,16206,"NEAT1chk4","p0.001",2.40283699688967e-07,"repressor",0.147874306839187,-0.308319400027113
"repressor","unspliced",78,17020,"NEAT1chk4","p0.001",2.40283699688967e-07,"repressor",0.4561937068663,-0.308319400027113
"activator","spliced",0,799,"NEAT1chk4","p0.001",1,"",0,0
"repressor","spliced",0,1510,"NEAT1chk4","p0.001",1,"",0,0
"activator","unspliced",1310,14920,"NEAT1chk7","p0.001",5.82691491505527e-11,"activator",8.07147258163894,1.84815854993747
"repressor","unspliced",1064,16033,"NEAT1chk7","p0.001",5.82691491505527e-11,"activator",6.22331403170147,1.84815854993747
"activator","spliced",0,799,"NEAT1chk7","p0.001",0.000678245411700139,"repressor",0,-1.19205298013245
"repressor","spliced",18,1492,"NEAT1chk7","p0.001",0.000678245411700139,"repressor",1.19205298013245,-1.19205298013245
"activator","unspliced",878,15351,"NEAT1chk9","p0.001",7.74395800149949e-05,"activator",5.41006839608109,0.941709523698354
"repressor","unspliced",764,16334,"NEAT1chk9","p0.001",7.74395800149949e-05,"activator",4.46835887238274,0.941709523698354
"activator","spliced",0,799,"NEAT1chk9","p0.001",1,"",0,0
"repressor","spliced",0,1510,"NEAT1chk9","p0.001",1,"",0,0
"activator","unspliced",2,16227,"PVT1-22","p0.001",0.237125002139052,"",0.0123236182143077,0.0123236182143077
"repressor","unspliced",0,17098,"PVT1-22","p0.001",0.237125002139052,"",0,0.0123236182143077
"activator","spliced",0,799,"PVT1-22","p0.001",1,"",0,0
"repressor","spliced",0,1510,"PVT1-22","p0.001",1,"",0,0
"activator","unspliced",0,16229,"XIST-PfIMI","p0.001",6.01622919088464e-24,"repressor",0,-0.467890981401334
"repressor","unspliced",80,17018,"XIST-PfIMI","p0.001",6.01622919088464e-24,"repressor",0.467890981401334,-0.467890981401334
"activator","spliced",0,799,"XIST-PfIMI","p0.001",1.06538033823773e-15,"repressor",0,-5.29801324503311
"repressor","spliced",80,1430,"XIST-PfIMI","p0.001",1.06538033823773e-15,"repressor",5.29801324503311,-5.29801324503311
"activator","unspliced",0,16229,"XISTint1","p0.001",0.00399781326558535,"repressor",0,-0.05263773540765
"repressor","unspliced",9,17089,"XISTint1","p0.001",0.00399781326558535,"repressor",0.05263773540765,-0.05263773540765
"activator","spliced",0,799,"XISTint1","p0.001",0.0319948405324558,"repressor",0,-0.596026490066225
"repressor","spliced",9,1501,"XISTint1","p0.001",0.0319948405324558,"repressor",0.596026490066225,-0.596026490066225
"activator","unspliced",0,16229,"XISTint10","p0.001",0.000129331765627866,"repressor",0,-0.0818809217452334
"repressor","unspliced",14,17084,"XISTint10","p0.001",0.000129331765627866,"repressor",0.0818809217452334,-0.0818809217452334
"activator","spliced",0,799,"XISTint10","p0.001",0.00352143172220417,"repressor",0,-0.927152317880795
"repressor","spliced",14,1496,"XISTint10","p0.001",0.00352143172220417,"repressor",0.927152317880795,-0.927152317880795
"activator","unspliced",1021,15208,"XISTint11","p0.001",2.61124673924041e-10,"repressor",6.29120709840409,-1.79208236758409
"repressor","unspliced",1382,15715,"XISTint11","p0.001",2.61124673924041e-10,"repressor",8.08328946598819,-1.79208236758409
"activator","spliced",0,799,"XISTint11","p0.001",1.16441356636392e-08,"repressor",0,-2.8476821192053
"repressor","spliced",43,1467,"XISTint11","p0.001",1.16441356636392e-08,"repressor",2.8476821192053,-2.8476821192053
"activator","unspliced",1149,15081,"XISTint12","p0.001",8.1349199687692e-15,"repressor",7.07948243992606,-2.34267219804329
"repressor","unspliced",1611,15487,"XISTint12","p0.001",8.1349199687692e-15,"repressor",9.42215463796935,-2.34267219804329
"activator","spliced",0,799,"XISTint12","p0.001",1.22941264186508e-18,"repressor",0,-6.29139072847682
"repressor","spliced",95,1415,"XISTint12","p0.001",1.22941264186508e-18,"repressor",6.29139072847682,-6.29139072847682
"activator","unspliced",311,15918,"XISTint13","p0.001",4.55101170530976e-50,"repressor",1.91632263232485,-2.90295447610889
"repressor","unspliced",824,16274,"XISTint13","p0.001",4.55101170530976e-50,"repressor",4.81927710843374,-2.90295447610889
"activator","spliced",0,799,"XISTint13","p0.001",4.8788934874574e-05,"repressor",0,-1.65562913907285
"repressor","spliced",25,1485,"XISTint13","p0.001",4.8788934874574e-05,"repressor",1.65562913907285,-1.65562913907285
"activator","unspliced",1098,15131,"XISTint14","p0.001",6.71961168112602e-18,"repressor",6.76566639965494,-2.56875867930166
"repressor","unspliced",1596,15502,"XISTint14","p0.001",6.71961168112602e-18,"repressor",9.3344250789566,-2.56875867930166
"activator","spliced",0,799,"XISTint14","p0.001",2.15227705287164e-19,"repressor",0,-6.55629139072848
"repressor","spliced",99,1411,"XISTint14","p0.001",2.15227705287164e-19,"repressor",6.55629139072848,-6.55629139072848
"activator","unspliced",0,16229,"XISTint2","p0.001",0.500324196454503,"",0,-0.0116979587062058
"repressor","unspliced",2,17095,"XISTint2","p0.001",0.500324196454503,"",0.0116979587062058,-0.0116979587062058
"activator","spliced",0,799,"XISTint2","p0.001",0.547212962914314,"",0,-0.132450331125828
"repressor","spliced",2,1508,"XISTint2","p0.001",0.547212962914314,"",0.132450331125828,-0.132450331125828
"activator","unspliced",0,16229,"XISTint3","p0.001",0.00795485675722508,"repressor",0,-0.0467890981401334
"repressor","unspliced",8,17090,"XISTint3","p0.001",0.00795485675722508,"repressor",0.0467890981401334,-0.0467890981401334
"activator","spliced",0,799,"XISTint3","p0.001",0.0569114187850259,"",0,-0.529801324503311
"repressor","spliced",8,1502,"XISTint3","p0.001",0.0569114187850259,"",0.529801324503311,-0.529801324503311
"activator","unspliced",0,16229,"XISTint4","p0.001",2.50556386650879e-14,"repressor",0,-0.274902029595836
"repressor","unspliced",47,17050,"XISTint4","p0.001",2.50556386650879e-14,"repressor",0.274902029595836,-0.274902029595836
"activator","spliced",0,799,"XISTint4","p0.001",2.16943903050642e-09,"repressor",0,-3.11258278145695
"repressor","spliced",47,1463,"XISTint4","p0.001",2.16943903050642e-09,"repressor",3.11258278145695,-3.11258278145695
"activator","unspliced",0,16229,"XISTint6","p0.001",4.43868517842134e-16,"repressor",0,-0.309977775178383
"repressor","unspliced",53,17045,"XISTint6","p0.001",4.43868517842134e-16,"repressor",0.309977775178383,-0.309977775178383
"activator","spliced",0,799,"XISTint6","p0.001",1.42574687485336e-10,"repressor",0,-3.50993377483444
"repressor","spliced",53,1457,"XISTint6","p0.001",1.42574687485336e-10,"repressor",3.50993377483444,-3.50993377483444
"activator","unspliced",0,16229,"XISTint7","p0.001",1.57388902499096e-24,"repressor",0,-0.479588255936367
"repressor","unspliced",82,17016,"XISTint7","p0.001",1.57388902499096e-24,"repressor",0.479588255936367,-0.479588255936367
"activator","spliced",0,799,"XISTint7","p0.001",6.41642147342289e-16,"repressor",0,-5.43046357615894
"repressor","spliced",82,1428,"XISTint7","p0.001",6.41642147342289e-16,"repressor",5.43046357615894,-5.43046357615894
"activator","unspliced",0,16229,"XISTint8","p0.001",2.782523224471e-07,"repressor",0,-0.134526525121366
"repressor","unspliced",23,17074,"XISTint8","p0.001",2.782523224471e-07,"repressor",0.134526525121366,-0.134526525121366
"activator","spliced",0,799,"XISTint8","p0.001",0.00614992645563434,"repressor",0,-0.860927152317881
"repressor","spliced",13,1497,"XISTint8","p0.001",0.00614992645563434,"repressor",0.860927152317881,-0.860927152317881
"activator","unspliced",0,16229,"XISTint9","p0.001",1,"",0,0
"repressor","unspliced",0,17098,"XISTint9","p0.001",1,"",0,0
"activator","spliced",0,799,"XISTint9","p0.001",0.0989976336686418,"",0,-0.397350993377483
"repressor","spliced",6,1504,"XISTint9","p0.001",0.0989976336686418,"",0.397350993377483,-0.397350993377483
"activator","unspliced",0,16229,"XISTrA","p0.001",0.0629053520779696,"",0,-0.0292448967655144
"repressor","unspliced",5,17092,"XISTrA","p0.001",0.0629053520779696,"",0.0292448967655144,-0.0292448967655144
"activator","spliced",0,799,"XISTrA","p0.001",0.170989795494219,"",0,-0.33112582781457
"repressor","spliced",5,1505,"XISTrA","p0.001",0.170989795494219,"",0.33112582781457,-0.33112582781457
"activator","unspliced",1,16228,"XISTrB1","p0.001",0.219663785207167,"",0.00616180910715386,-0.0230813772304295
"repressor","unspliced",5,17093,"XISTrB1","p0.001",0.219663785207167,"",0.0292431863375833,-0.0230813772304295
"activator","spliced",0,798,"XISTrB1","p0.001",1,"",0,-0.0662251655629139
"repressor","spliced",1,1509,"XISTrB1","p0.001",1,"",0.0662251655629139,-0.0662251655629139
"activator","unspliced",0,16229,"XISTrB2","p0.001",0.50032495851941,"",0,-0.0116972745350333
"repressor","unspliced",2,17096,"XISTrB2","p0.001",0.50032495851941,"",0.0116972745350333,-0.0116972745350333
"activator","spliced",0,798,"XISTrB2","p0.001",0.547387613164365,"",0,-0.132450331125828
"repressor","spliced",2,1508,"XISTrB2","p0.001",0.547387613164365,"",0.132450331125828,-0.132450331125828
"activator","unspliced",0,16229,"XISTrD","p0.001",3.62352612533685e-08,"repressor",0,-0.152073463180675
"repressor","unspliced",26,17071,"XISTrD","p0.001",3.62352612533685e-08,"repressor",0.152073463180675,-0.152073463180675
"activator","spliced",0,799,"XISTrD","p0.001",2.62758556086573e-05,"repressor",0,-1.72185430463576
"repressor","spliced",26,1484,"XISTrD","p0.001",2.62758556086573e-05,"repressor",1.72185430463576,-1.72185430463576
"activator","unspliced",0,16229,"XISTrE","p0.001",0.00795452236998753,"repressor",0,-0.0467918348248231
"repressor","unspliced",8,17089,"XISTrE","p0.001",0.00795452236998753,"repressor",0.0467918348248231,-0.0467918348248231
"activator","spliced",0,799,"XISTrE","p0.001",0.103651361771395,"",0,-0.463576158940397
"repressor","spliced",7,1503,"XISTrE","p0.001",0.103651361771395,"",0.463576158940397,-0.463576158940397
"activator","unspliced",0,16229,"XISTrF","p0.001",0.00101149818893792,"repressor",0,-0.0643387728841317
"repressor","unspliced",11,17086,"XISTrF","p0.001",0.00101149818893792,"repressor",0.0643387728841317,-0.0643387728841317
"activator","spliced",0,799,"XISTrF","p0.001",0.0110545995963558,"repressor",0,-0.728476821192053
"repressor","spliced",11,1499,"XISTrF","p0.001",0.0110545995963558,"repressor",0.728476821192053,-0.728476821192053
