"category","splice","hmseekrunique_lensum","nonsig_lensum","funcdomain","pthreshold","fisherp","fisherp_bias","sigperct","perct_diff"
"activator","unspliced",5215,11014,"ASAR6-141chk1","p0.05",0.00134979111233846,"repressor",32.1338344938074,-1.65374300063641
"repressor","unspliced",5777,11321,"ASAR6-141chk1","p0.05",0.00134979111233846,"repressor",33.7875774944438,-1.65374300063641
"activator","spliced",131,667,"ASAR6-141chk1","p0.05",0.043386348668991,"repressor",16.4160401002506,-3.45150956862355
"repressor","spliced",300,1210,"ASAR6-141chk1","p0.05",0.043386348668991,"repressor",19.8675496688742,-3.45150956862355
"activator","unspliced",5910,10319,"ASAR6-141chk2","p0.05",2.88879343298778e-07,"repressor",36.4162918232793,-2.73092698703828
"repressor","unspliced",6693,10404,"ASAR6-141chk2","p0.05",2.88879343298778e-07,"repressor",39.1472188103176,-2.73092698703828
"activator","spliced",190,608,"ASAR6-141chk2","p0.05",0.0155885312028733,"repressor",23.8095238095238,-4.73352254809208
"repressor","spliced",431,1079,"ASAR6-141chk2","p0.05",0.0155885312028733,"repressor",28.5430463576159,-4.73352254809208
"activator","unspliced",5009,11220,"ASAR6-141chk3","p0.05",0.152543935934658,"",30.8645018177337,-0.731684647728091
"repressor","unspliced",5402,11695,"ASAR6-141chk3","p0.05",0.152543935934658,"",31.5961864654618,-0.731684647728091
"activator","spliced",118,681,"ASAR6-141chk3","p0.05",5.67713478285566e-07,"repressor",14.7684605757196,-8.74147319911479
"repressor","spliced",355,1155,"ASAR6-141chk3","p0.05",5.67713478285566e-07,"repressor",23.5099337748344,-8.74147319911479
"activator","unspliced",5810,10419,"ASAR6-141chk4","p0.05",2.03263757246405e-13,"repressor",35.8001109125639,-3.90860991565155
"repressor","unspliced",6789,10308,"ASAR6-141chk4","p0.05",2.03263757246405e-13,"repressor",39.7087208282155,-3.90860991565155
"activator","spliced",177,622,"ASAR6-141chk4","p0.05",3.71243750438333e-05,"repressor",22.1526908635795,-8.04598463310927
"repressor","spliced",456,1054,"ASAR6-141chk4","p0.05",3.71243750438333e-05,"repressor",30.1986754966887,-8.04598463310927
"activator","unspliced",5697,10532,"ASAR6-141chk5","p0.05",7.49512817811202e-10,"activator",35.1038264834555,3.18594615357311
"repressor","unspliced",5457,11640,"ASAR6-141chk5","p0.05",7.49512817811202e-10,"activator",31.9178803298824,3.18594615357311
"activator","spliced",89,710,"ASAR6-141chk5","p0.05",7.20310019397288e-12,"repressor",11.1389236545682,-11.3776326368225
"repressor","spliced",340,1170,"ASAR6-141chk5","p0.05",7.20310019397288e-12,"repressor",22.5165562913907,-11.3776326368225
"activator","unspliced",98,16131,"Blustr-5ss","p0.05",0.109491201857538,"",0.603857292501078,-0.144768277741055
"repressor","unspliced",128,16970,"Blustr-5ss","p0.05",0.109491201857538,"",0.748625570242134,-0.144768277741055
"activator","spliced",12,786,"Blustr-5ss","p0.05",0.0688456727860548,"",1.50375939849624,0.841507742867101
"repressor","spliced",10,1500,"Blustr-5ss","p0.05",0.0688456727860548,"",0.662251655629139,0.841507742867101
"activator","unspliced",497,15733,"e-Ccnd1","p0.05",0.000108799824203682,"repressor",3.06223043746149,-0.774700018174001
"repressor","unspliced",656,16441,"e-Ccnd1","p0.05",0.000108799824203682,"repressor",3.83693045563549,-0.774700018174001
"activator","spliced",29,769,"e-Ccnd1","p0.05",1,"",3.63408521303258,-0.0745240584905971
"repressor","spliced",56,1454,"e-Ccnd1","p0.05",1,"",3.70860927152318,-0.0745240584905971
"activator","unspliced",665,15564,"e-ID1","p0.05",4.31163815194017e-07,"repressor",4.09760305625732,-1.1720191217752
"repressor","unspliced",901,16197,"e-ID1","p0.05",4.31163815194017e-07,"repressor",5.26962217803252,-1.1720191217752
"activator","spliced",80,719,"e-ID1","p0.05",0.22041892772352,"",10.0125156445557,1.60191961806563
"repressor","spliced",127,1383,"e-ID1","p0.05",0.22041892772352,"",8.41059602649007,1.60191961806563
"activator","unspliced",347,15883,"e-Klf6","p0.05",0.00558154131136192,"repressor",2.13801601971657,-0.464779792414209
"repressor","unspliced",445,16652,"e-Klf6","p0.05",0.00558154131136192,"repressor",2.60279581213078,-0.464779792414209
"activator","spliced",20,779,"e-Klf6","p0.05",0.772415042942006,"",2.50312891113892,0.251473281999851
"repressor","spliced",34,1476,"e-Klf6","p0.05",0.772415042942006,"",2.25165562913907,0.251473281999851
"activator","unspliced",63,16166,"e-Med13l","p0.05",0.653609591913069,"",0.388193973750693,0.0314062332114173
"repressor","unspliced",61,17036,"e-Med13l","p0.05",0.653609591913069,"",0.356787740539276,0.0314062332114173
"activator","spliced",8,791,"e-Med13l","p0.05",0.456286344560014,"",1.00125156445557,0.33899990882643
"repressor","spliced",10,1500,"e-Med13l","p0.05",0.456286344560014,"",0.662251655629139,0.33899990882643
"activator","unspliced",648,15581,"e-Sp3","p0.05",0.632140510472078,"",3.9928523014357,0.103508518537117
"repressor","unspliced",665,16433,"e-Sp3","p0.05",0.632140510472078,"",3.88934378289858,0.103508518537117
"activator","spliced",86,712,"e-Sp3","p0.05",4.08374475806225e-15,"activator",10.7769423558897,8.12793573337317
"repressor","spliced",40,1470,"e-Sp3","p0.05",4.08374475806225e-15,"activator",2.64900662251656,8.12793573337317
"activator","unspliced",385,15845,"e-YY1","p0.05",0.000218059398261961,"activator",2.37215033887862,0.582362656829137
"repressor","unspliced",306,16791,"e-YY1","p0.05",0.000218059398261961,"activator",1.78978768204948,0.582362656829137
"activator","spliced",80,719,"e-YY1","p0.05",6.39596827641654e-12,"activator",10.0125156445557,7.03238319422457
"repressor","spliced",45,1465,"e-YY1","p0.05",6.39596827641654e-12,"activator",2.98013245033113,7.03238319422457
"activator","unspliced",168,16061,"FIRRE-RRD","p0.05",0.490288734820993,"",1.03518393000185,-0.0819057880938352
"repressor","unspliced",191,16907,"FIRRE-RRD","p0.05",0.490288734820993,"",1.11708971809568,-0.0819057880938352
"activator","spliced",16,782,"FIRRE-RRD","p0.05",0.145758936365141,"",2.00501253132832,0.81295955119587
"repressor","spliced",18,1492,"FIRRE-RRD","p0.05",0.145758936365141,"",1.19205298013245,0.81295955119587
"activator","unspliced",1250,14979,"HOTTIP-MLL","p0.05",0.280728261850747,"",7.70226138394233,-0.322538288514831
"repressor","unspliced",1372,15725,"HOTTIP-MLL","p0.05",0.280728261850747,"",8.02479967245716,-0.322538288514831
"activator","spliced",167,631,"HOTTIP-MLL","p0.05",4.71711602826941e-08,"activator",20.9273182957393,8.8081129977261
"repressor","spliced",183,1327,"HOTTIP-MLL","p0.05",4.71711602826941e-08,"activator",12.1192052980132,8.8081129977261
"activator","unspliced",0,16229,"HSat3_antisense","p0.05",0.50032495851941,"",0,-0.0116972745350333
"repressor","unspliced",2,17096,"HSat3_antisense","p0.05",0.50032495851941,"",0.0116972745350333,-0.0116972745350333
"activator","spliced",0,799,"HSat3_antisense","p0.05",1,"",0,0
"repressor","spliced",0,1510,"HSat3_antisense","p0.05",1,"",0,0
"activator","unspliced",0,16229,"HSat3_sense","p0.05",1,"",0,-0.00584863726751667
"repressor","unspliced",1,17097,"HSat3_sense","p0.05",1,"",0.00584863726751667,-0.00584863726751667
"activator","spliced",0,799,"HSat3_sense","p0.05",1,"",0,0
"repressor","spliced",0,1510,"HSat3_sense","p0.05",1,"",0,0
"activator","unspliced",17,16212,"JPX-9","p0.05",0.0702148574985152,"",0.104750754821616,0.0579589199967926
"repressor","unspliced",8,17089,"JPX-9","p0.05",0.0702148574985152,"",0.0467918348248231,0.0579589199967926
"activator","spliced",0,798,"JPX-9","p0.05",1,"",0,-0.0662251655629139
"repressor","spliced",1,1509,"JPX-9","p0.05",1,"",0.0662251655629139,-0.0662251655629139
"activator","unspliced",964,15266,"MALAT1E","p0.05",0.817158271319203,"",5.939617991374,-0.0610838450981026
"repressor","unspliced",1026,16072,"MALAT1E","p0.05",0.817158271319203,"",6.0007018364721,-0.0610838450981026
"activator","spliced",45,753,"MALAT1E","p0.05",0.0115371397524103,"activator",5.6390977443609,2.26161430065229
"repressor","spliced",51,1459,"MALAT1E","p0.05",0.0115371397524103,"activator",3.37748344370861,2.26161430065229
"activator","unspliced",3230,13000,"MALAT1M","p0.05",0.00326420936426126,"repressor",19.9014171287739,-1.30574160324156
"repressor","unspliced",3626,13472,"MALAT1M","p0.05",0.00326420936426126,"repressor",21.2071587320154,-1.30574160324156
"activator","spliced",52,746,"MALAT1M","p0.05",1.05517166543028e-07,"repressor",6.51629072681704,-7.12609337914322
"repressor","spliced",206,1304,"MALAT1M","p0.05",1.05517166543028e-07,"repressor",13.6423841059603,-7.12609337914322
"activator","unspliced",102,16127,"MEG3-NRE","p0.05",0.419633867144512,"",0.628504528929694,-0.0733319431723065
"repressor","unspliced",120,16978,"MEG3-NRE","p0.05",0.419633867144512,"",0.701836472102,-0.0733319431723065
"activator","spliced",12,787,"MEG3-NRE","p0.05",0.219041203096382,"",1.50187734668335,0.57472502880256
"repressor","spliced",14,1496,"MEG3-NRE","p0.05",0.219041203096382,"",0.927152317880795,0.57472502880256
"activator","unspliced",215,16015,"ncRNA-a7","p0.05",0.193644357691934,"",1.32470733210105,-0.17254380838322
"repressor","unspliced",256,16842,"ncRNA-a7","p0.05",0.193644357691934,"",1.49725114048427,-0.17254380838322
"activator","spliced",30,768,"ncRNA-a7","p0.05",0.0630452942888514,"",3.7593984962406,1.44151770153861
"repressor","spliced",35,1475,"ncRNA-a7","p0.05",0.0630452942888514,"",2.31788079470199,1.44151770153861
"activator","unspliced",1520,14709,"NEAT1chk1","p0.05",6.50511582988681e-05,"repressor",9.36594984287387,-1.31951044487909
"repressor","unspliced",1827,15271,"NEAT1chk1","p0.05",6.50511582988681e-05,"repressor",10.685460287753,-1.31951044487909
"activator","spliced",191,608,"NEAT1chk1","p0.05",4.0566054431757e-07,"activator",23.9048811013767,8.73931818746943
"repressor","spliced",229,1281,"NEAT1chk1","p0.05",4.0566054431757e-07,"activator",15.1655629139073,8.73931818746943
"activator","unspliced",6237,9993,"NEAT1chk10","p0.05",0.177230758620955,"",38.4288354898336,-0.72194237892294
"repressor","unspliced",6694,10404,"NEAT1chk10","p0.05",0.177230758620955,"",39.1507778687566,-0.72194237892294
"activator","spliced",168,631,"NEAT1chk10","p0.05",0.00030012131856089,"repressor",21.026282853567,-6.92073701398271
"repressor","spliced",422,1088,"NEAT1chk10","p0.05",0.00030012131856089,"repressor",27.9470198675497,-6.92073701398271
"activator","unspliced",6631,9598,"NEAT1chk11","p0.05",0.867233715285776,"",40.8589561895372,-0.0932019576144683
"repressor","unspliced",7002,10096,"NEAT1chk11","p0.05",0.867233715285776,"",40.9521581471517,-0.0932019576144683
"activator","spliced",165,633,"NEAT1chk11","p0.05",0.000280697707979965,"repressor",20.6766917293233,-6.87297714484887
"repressor","spliced",416,1094,"NEAT1chk11","p0.05",0.000280697707979965,"repressor",27.5496688741722,-6.87297714484887
"activator","unspliced",4630,11599,"NEAT1chk12","p0.05",0.82719630809643,"",28.5291761661224,-0.113275726022447
"repressor","unspliced",4897,12200,"NEAT1chk12","p0.05",0.82719630809643,"",28.6424518921448,-0.113275726022447
"activator","spliced",133,665,"NEAT1chk12","p0.05",0.722516426131152,"",16.6666666666667,0.573951434878587
"repressor","spliced",243,1267,"NEAT1chk12","p0.05",0.722516426131152,"",16.0927152317881,0.573951434878587
"activator","unspliced",3587,12642,"NEAT1chk13","p0.05",0.421930808255717,"",22.1024092673609,-0.368055114438143
"repressor","unspliced",3842,13256,"NEAT1chk13","p0.05",0.421930808255717,"",22.470464381799,-0.368055114438143
"activator","spliced",41,757,"NEAT1chk13","p0.05",7.30063403231456e-20,"repressor",5.13784461152882,-12.8091752560208
"repressor","spliced",271,1239,"NEAT1chk13","p0.05",7.30063403231456e-20,"repressor",17.9470198675497,-12.8091752560208
"activator","unspliced",559,15670,"NEAT1chk14","p0.05",0.0470764457901657,"repressor",3.44445129089901,-0.409800668394477
"repressor","unspliced",659,16439,"NEAT1chk14","p0.05",0.0470764457901657,"repressor",3.85425195929348,-0.409800668394477
"activator","spliced",29,769,"NEAT1chk14","p0.05",0.156816151394315,"",3.63408521303258,1.05130375607894
"repressor","spliced",39,1471,"NEAT1chk14","p0.05",0.156816151394315,"",2.58278145695364,1.05130375607894
"activator","unspliced",4804,11425,"NEAT1chk15","p0.05",0.000464492887143418,"activator",29.6013309507671,1.73679331258501
"repressor","unspliced",4764,12333,"NEAT1chk15","p0.05",0.000464492887143418,"activator",27.8645376381821,1.73679331258501
"activator","spliced",97,701,"NEAT1chk15","p0.05",4.02505311886107e-06,"repressor",12.1553884711779,-7.51348570100748
"repressor","spliced",297,1213,"NEAT1chk15","p0.05",4.02505311886107e-06,"repressor",19.6688741721854,-7.51348570100748
"activator","unspliced",4948,11282,"NEAT1chk16","p0.05",0.519723973270316,"",30.486752926679,0.329415382080523
"repressor","unspliced",5156,11941,"NEAT1chk16","p0.05",0.519723973270316,"",30.1573375445985,0.329415382080523
"activator","spliced",124,675,"NEAT1chk16","p0.05",0.0512050468760396,"",15.5193992490613,-3.28854777080622
"repressor","spliced",284,1226,"NEAT1chk16","p0.05",0.0512050468760396,"",18.8079470198675,-3.28854777080622
"activator","unspliced",343,15886,"NEAT1chk17","p0.05",6.92849584567045e-28,"activator",2.11350052375377,1.38826950258171
"repressor","unspliced",124,16974,"NEAT1chk17","p0.05",6.92849584567045e-28,"activator",0.725231021172067,1.38826950258171
"activator","spliced",2,796,"NEAT1chk17","p0.05",0.237013100174238,"",0.25062656641604,-0.411625089213099
"repressor","spliced",10,1500,"NEAT1chk17","p0.05",0.237013100174238,"",0.662251655629139,-0.411625089213099
"activator","unspliced",255,15974,"NEAT1chk18","p0.05",2.95877394762028e-15,"activator",1.57126132232423,0.898668036559818
"repressor","unspliced",115,16983,"NEAT1chk18","p0.05",2.95877394762028e-15,"activator",0.672593285764417,0.898668036559818
"activator","spliced",5,793,"NEAT1chk18","p0.05",0.328671662967501,"",0.6265664160401,0.295440588225531
"repressor","spliced",5,1505,"NEAT1chk18","p0.05",0.328671662967501,"",0.33112582781457,0.295440588225531
"activator","unspliced",916,15314,"NEAT1chk19","p0.05",0.00713022357078623,"activator",5.64386937769563,0.666387948205071
"repressor","unspliced",851,16246,"NEAT1chk19","p0.05",0.00713022357078623,"activator",4.97748142949055,0.666387948205071
"activator","spliced",32,766,"NEAT1chk19","p0.05",0.135352933860476,"",4.01002506265664,1.22856810901426
"repressor","spliced",42,1468,"NEAT1chk19","p0.05",0.135352933860476,"",2.78145695364238,1.22856810901426
"activator","unspliced",517,15713,"NEAT1chk2","p0.05",0.0114232652962216,"activator",3.18545902649415,0.471691334366413
"repressor","unspliced",464,16634,"NEAT1chk2","p0.05",0.0114232652962216,"activator",2.71376769212773,0.471691334366413
"activator","spliced",24,775,"NEAT1chk2","p0.05",0.500443567975426,"",3.00375469336671,0.48719840197598
"repressor","spliced",38,1472,"NEAT1chk2","p0.05",0.500443567975426,"",2.51655629139073,0.48719840197598
"activator","unspliced",354,15876,"NEAT1chk20","p0.05",5.53735186125284e-13,"activator",2.181146025878,1.01135015525743
"repressor","unspliced",200,16897,"NEAT1chk20","p0.05",5.53735186125284e-13,"activator",1.16979587062058,1.01135015525743
"activator","spliced",5,793,"NEAT1chk20","p0.05",0.328671662967501,"",0.6265664160401,0.295440588225531
"repressor","spliced",5,1505,"NEAT1chk20","p0.05",0.328671662967501,"",0.33112582781457,0.295440588225531
"activator","unspliced",1393,14837,"NEAT1chk21","p0.05",1.76477963886975e-09,"repressor",8.58287122612446,-1.93944263010763
"repressor","unspliced",1799,15298,"NEAT1chk21","p0.05",1.76477963886975e-09,"repressor",10.5223138562321,-1.93944263010763
"activator","spliced",27,772,"NEAT1chk21","p0.05",6.5875364059735e-14,"repressor",3.37922403003755,-8.87243159910153
"repressor","spliced",185,1325,"NEAT1chk21","p0.05",6.5875364059735e-14,"repressor",12.2516556291391,-8.87243159910153
"activator","unspliced",905,15324,"NEAT1chk22","p0.05",4.5823645869387e-22,"repressor",5.57643724197424,-2.68232160460703
"repressor","unspliced",1412,15685,"NEAT1chk22","p0.05",4.5823645869387e-22,"repressor",8.25875884658127,-2.68232160460703
"activator","spliced",104,695,"NEAT1chk22","p0.05",0.386182456768271,"",13.0162703379224,1.22819086772373
"repressor","spliced",178,1332,"NEAT1chk22","p0.05",0.386182456768271,"",11.7880794701987,1.22819086772373
"activator","unspliced",762,15467,"NEAT1chk3","p0.05",0.00130053968978532,"repressor",4.69529853965124,-0.779025942744361
"repressor","unspliced",936,16162,"NEAT1chk3","p0.05",0.00130053968978532,"repressor",5.4743244823956,-0.779025942744361
"activator","spliced",35,764,"NEAT1chk3","p0.05",0.102234540886968,"",4.38047559449312,-1.64601447173205
"repressor","spliced",91,1419,"NEAT1chk3","p0.05",0.102234540886968,"",6.02649006622517,-1.64601447173205
"activator","unspliced",5349,10881,"NEAT1chk4","p0.05",0.20922392587201,"",32.9574861367837,-0.64878360236704
"repressor","unspliced",5746,11352,"NEAT1chk4","p0.05",0.20922392587201,"",33.6062697391508,-0.64878360236704
"activator","spliced",145,654,"NEAT1chk4","p0.05",2.61835125173652e-05,"repressor",18.1476846057572,-7.74635512934214
"repressor","spliced",391,1119,"NEAT1chk4","p0.05",2.61835125173652e-05,"repressor",25.8940397350993,-7.74635512934214
"activator","unspliced",554,15676,"NEAT1chk5","p0.05",0.247231101242208,"",3.41343191620456,-0.236117738725842
"repressor","unspliced",624,16474,"NEAT1chk5","p0.05",0.247231101242208,"",3.6495496549304,-0.236117738725842
"activator","spliced",12,787,"NEAT1chk5","p0.05",0.000457125957861716,"repressor",1.50187734668335,-2.60408291821731
"repressor","spliced",62,1448,"NEAT1chk5","p0.05",0.000457125957861716,"repressor",4.10596026490066,-2.60408291821731
"activator","unspliced",248,15981,"NEAT1chk6","p0.05",5.7459537672842e-06,"repressor",1.52812865857416,-0.67693655754563
"repressor","unspliced",377,16720,"NEAT1chk6","p0.05",5.7459537672842e-06,"repressor",2.20506521611979,-0.67693655754563
"activator","spliced",3,795,"NEAT1chk6","p0.05",2.79657143647425e-06,"repressor",0.37593984962406,-2.73664293183289
"repressor","spliced",47,1463,"NEAT1chk6","p0.05",2.79657143647425e-06,"repressor",3.11258278145695,-2.73664293183289
"activator","unspliced",5691,10539,"NEAT1chk7","p0.05",0.000115199212649912,"repressor",35.0646950092421,-2.03321117861609
"repressor","unspliced",6343,10755,"NEAT1chk7","p0.05",0.000115199212649912,"repressor",37.0979061878582,-2.03321117861609
"activator","spliced",137,662,"NEAT1chk7","p0.05",7.98717516041297e-06,"repressor",17.1464330413016,-8.08535503816857
"repressor","spliced",381,1129,"NEAT1chk7","p0.05",7.98717516041297e-06,"repressor",25.2317880794702,-8.08535503816857
"activator","unspliced",514,15716,"NEAT1chk8","p0.05",4.08678926537775e-08,"repressor",3.16697473813925,-1.14347092802054
"repressor","unspliced",737,16361,"NEAT1chk8","p0.05",4.08678926537775e-08,"repressor",4.31044566615978,-1.14347092802054
"activator","spliced",6,793,"NEAT1chk8","p0.05",2.21023851481254e-07,"repressor",0.750938673341677,-3.61992225381064
"repressor","spliced",66,1444,"NEAT1chk8","p0.05",2.21023851481254e-07,"repressor",4.37086092715232,-3.61992225381064
"activator","unspliced",6346,9883,"NEAT1chk9","p0.05",0.121948708625972,"",39.1028405939984,-0.83165466860541
"repressor","unspliced",6828,10270,"NEAT1chk9","p0.05",0.121948708625972,"",39.9344952626038,-0.83165466860541
"activator","spliced",183,616,"NEAT1chk9","p0.05",0.141679108530313,"",22.9036295369212,-2.85795986705236
"repressor","spliced",389,1121,"NEAT1chk9","p0.05",0.141679108530313,"",25.7615894039735,-2.85795986705236
"activator","unspliced",172,16058,"NKILA-SRSFNRE","p0.05",0.625160229458092,"",1.05976586568084,0.0596488929354877
"repressor","unspliced",171,16927,"NKILA-SRSFNRE","p0.05",0.625160229458092,"",1.00011697274535,0.0596488929354877
"activator","spliced",21,778,"NKILA-SRSFNRE","p0.05",0.118925085195086,"",2.62828535669587,0.972656217623022
"repressor","spliced",25,1485,"NKILA-SRSFNRE","p0.05",0.118925085195086,"",1.65562913907285,0.972656217623022
"activator","unspliced",239,15990,"NXF1-enChr","p0.05",0.963793400506961,"",1.47267237660977,-0.00703285207194448
"repressor","unspliced",253,16845,"NXF1-enChr","p0.05",0.963793400506961,"",1.47970522868172,-0.00703285207194448
"activator","spliced",26,772,"NXF1-enChr","p0.05",0.514703563874707,"",3.25814536340852,0.542913575329051
"repressor","spliced",41,1469,"NXF1-enChr","p0.05",0.514703563874707,"",2.71523178807947,0.542913575329051
"activator","unspliced",62,16168,"PRRX2-eRNA","p0.05",1,"",0.382008626001232,-0.00400143365486783
"repressor","unspliced",66,17032,"PRRX2-eRNA","p0.05",1,"",0.3860100596561,-0.00400143365486783
"activator","spliced",1,798,"PRRX2-eRNA","p0.05",0.433256310176122,"",0.125156445556946,-0.272194547820537
"repressor","spliced",6,1504,"PRRX2-eRNA","p0.05",0.433256310176122,"",0.397350993377483,-0.272194547820537
"activator","unspliced",57,16172,"PVT1-22","p0.05",0.00845979999478118,"activator",0.35122311910777,0.152369452012203
"repressor","unspliced",34,17064,"PVT1-22","p0.05",0.00845979999478118,"activator",0.198853667095567,0.152369452012203
"activator","spliced",3,795,"PVT1-22","p0.05",0.348002269407702,"",0.37593984962406,0.243489518498232
"repressor","spliced",2,1508,"PVT1-22","p0.05",0.348002269407702,"",0.132450331125828,0.243489518498232
"activator","unspliced",360,15869,"SEMA3C-eRNA","p0.05",2.93776490140691e-05,"repressor",2.21825127857539,-0.729461904253011
"repressor","unspliced",504,16594,"SEMA3C-eRNA","p0.05",2.93776490140691e-05,"repressor",2.9477131828284,-0.729461904253011
"activator","spliced",14,784,"SEMA3C-eRNA","p0.05",0.301545693782891,"",1.75438596491228,-0.695945160915534
"repressor","spliced",37,1473,"SEMA3C-eRNA","p0.05",0.301545693782891,"",2.45033112582781,-0.695945160915534
"activator","unspliced",1517,14712,"XIST-PfIMI","p0.05",0.000408017723696573,"repressor",9.3474644155524,-1.16315148197348
"repressor","unspliced",1797,15300,"XIST-PfIMI","p0.05",0.000408017723696573,"repressor",10.5106158975259,-1.16315148197348
"activator","spliced",61,737,"XIST-PfIMI","p0.05",0.124939761176358,"",7.64411027568922,-1.95853873093329
"repressor","spliced",145,1365,"XIST-PfIMI","p0.05",0.124939761176358,"",9.60264900662252,-1.95853873093329
"activator","unspliced",770,15459,"XISTint1","p0.05",0.0954671843796799,"",4.74459301250847,-0.396359145638679
"repressor","unspliced",879,16219,"XISTint1","p0.05",0.0954671843796799,"",5.14095215814715,-0.396359145638679
"activator","spliced",26,772,"XISTint1","p0.05",0.514703563874707,"",3.25814536340852,0.542913575329051
"repressor","spliced",41,1469,"XISTint1","p0.05",0.514703563874707,"",2.71523178807947,0.542913575329051
"activator","unspliced",236,15993,"XISTint10","p0.05",0.00521906239122374,"repressor",1.45418694928831,-0.393982427246956
"repressor","unspliced",316,16782,"XISTint10","p0.05",0.00521906239122374,"repressor",1.84816937653527,-0.393982427246956
"activator","spliced",16,782,"XISTint10","p0.05",0.217083200843547,"",2.00501253132832,-0.908894753439891
"repressor","spliced",44,1466,"XISTint10","p0.05",0.217083200843547,"",2.91390728476821,-0.908894753439891
"activator","unspliced",5854,10376,"XISTint11","p0.05",0.000258801678662015,"repressor",36.0690080098583,-1.93765982660425
"repressor","unspliced",6498,10599,"XISTint11","p0.05",0.000258801678662015,"repressor",38.0066678364625,-1.93765982660425
"activator","spliced",176,622,"XISTint11","p0.05",1.29704087956671e-16,"repressor",22.0551378446115,-16.8190343408189
"repressor","spliced",587,923,"XISTint11","p0.05",1.29704087956671e-16,"repressor",38.8741721854305,-16.8190343408189
"activator","unspliced",4953,11276,"XISTint12","p0.05",6.07565469477356e-12,"repressor",30.5194405077331,-3.52547702648146
"repressor","unspliced",5821,11277,"XISTint12","p0.05",6.07565469477356e-12,"repressor",34.0449175342145,-3.52547702648146
"activator","spliced",129,670,"XISTint12","p0.05",1.37522318403756e-20,"repressor",16.1451814768461,-17.7621032913659
"repressor","spliced",512,998,"XISTint12","p0.05",1.37522318403756e-20,"repressor",33.9072847682119,-17.7621032913659
"activator","unspliced",5315,10915,"XISTint13","p0.05",0.000137696157069835,"repressor",32.7479975354282,-1.9773928839436
"repressor","unspliced",5937,11160,"XISTint13","p0.05",0.000137696157069835,"repressor",34.7253904193718,-1.9773928839436
"activator","spliced",169,629,"XISTint13","p0.05",3.69522216603818e-05,"repressor",21.1779448621554,-7.89490281996382
"repressor","spliced",439,1071,"XISTint13","p0.05",3.69522216603818e-05,"repressor",29.0728476821192,-7.89490281996382
"activator","unspliced",4709,11521,"XISTint14","p0.05",2.4750603393401e-05,"repressor",29.0141712877388,-2.12397352451999
"repressor","unspliced",5324,11774,"XISTint14","p0.05",2.4750603393401e-05,"repressor",31.1381448122587,-2.12397352451999
"activator","spliced",119,679,"XISTint14","p0.05",5.47838458202861e-12,"repressor",14.9122807017544,-12.4387126757291
"repressor","spliced",413,1097,"XISTint14","p0.05",5.47838458202861e-12,"repressor",27.3509933774834,-12.4387126757291
"activator","unspliced",193,16036,"XISTint2","p0.05",0.919772405381189,"",1.1892291576807,-0.0155901194277388
"repressor","unspliced",206,16892,"XISTint2","p0.05",0.919772405381189,"",1.20481927710843,-0.0155901194277388
"activator","spliced",17,782,"XISTint2","p0.05",0.0377933265515766,"activator",2.12765957446809,1.13428209102438
"repressor","spliced",15,1495,"XISTint2","p0.05",0.0377933265515766,"activator",0.993377483443709,1.13428209102438
"activator","unspliced",4515,11714,"XISTint3","p0.05",0.0583272095146619,"",27.8205681187997,0.928533962758038
"repressor","unspliced",4598,12500,"XISTint3","p0.05",0.0583272095146619,"",26.8920341560416,0.928533962758038
"activator","spliced",65,733,"XISTint3","p0.05",0.254704255252551,"",8.1453634085213,-1.52351076366413
"repressor","spliced",146,1364,"XISTint3","p0.05",0.254704255252551,"",9.66887417218543,-1.52351076366413
"activator","unspliced",2454,13775,"XISTint4","p0.05",2.81859336122503e-06,"repressor",15.1210795489556,-1.8867576249829
"repressor","unspliced",2908,14190,"XISTint4","p0.05",2.81859336122503e-06,"repressor",17.0078371739385,-1.8867576249829
"activator","spliced",86,713,"XISTint4","p0.05",0.278464068469758,"",10.7634543178974,-1.55442647680461
"repressor","spliced",186,1324,"XISTint4","p0.05",0.278464068469758,"",12.317880794702,-1.55442647680461
"activator","unspliced",2703,13526,"XISTint5","p0.05",0.871376253828761,"",16.6553700166369,0.0686347259596118
"repressor","unspliced",2836,14262,"XISTint5","p0.05",0.871376253828761,"",16.5867352906773,0.0686347259596118
"activator","spliced",71,728,"XISTint5","p0.05",0.017517262871724,"repressor",8.88610763454318,-3.29932282903298
"repressor","spliced",184,1326,"XISTint5","p0.05",0.017517262871724,"repressor",12.1854304635762,-3.29932282903298
"activator","unspliced",3616,12614,"XISTint6","p0.05",0.173041978448305,"",22.2797288971041,-0.629383279758663
"repressor","unspliced",3917,13181,"XISTint6","p0.05",0.173041978448305,"",22.9091121768628,-0.629383279758663
"activator","spliced",113,685,"XISTint6","p0.05",0.149039798470774,"",14.1604010025063,-2.39589038822221
"repressor","spliced",250,1260,"XISTint6","p0.05",0.149039798470774,"",16.5562913907285,-2.39589038822221
"activator","unspliced",925,15304,"XISTint7","p0.05",0.511181105613136,"",5.69967342411732,-0.172358392469414
"repressor","unspliced",1004,16094,"XISTint7","p0.05",0.511181105613136,"",5.87203181658673,-0.172358392469414
"activator","spliced",19,780,"XISTint7","p0.05",4.43067718032423e-07,"repressor",2.37797246558198,-4.77434541521272
"repressor","spliced",108,1402,"XISTint7","p0.05",4.43067718032423e-07,"repressor",7.1523178807947,-4.77434541521272
"activator","unspliced",4818,11411,"XISTint8","p0.05",1.85955517073354e-11,"repressor",29.6875962782673,-3.42153929314456
"repressor","unspliced",5661,11437,"XISTint8","p0.05",1.85955517073354e-11,"repressor",33.1091355714119,-3.42153929314456
"activator","spliced",87,711,"XISTint8","p0.05",1.86314167268316e-14,"repressor",10.9022556390977,-12.8063536324254
"repressor","spliced",358,1152,"XISTint8","p0.05",1.86314167268316e-14,"repressor",23.7086092715232,-12.8063536324254
"activator","unspliced",413,15816,"XISTint9","p0.05",0.391505091089946,"",2.54482716125454,-0.15139461907064
"repressor","unspliced",461,16637,"XISTint9","p0.05",0.391505091089946,"",2.69622178032518,-0.15139461907064
"activator","spliced",29,769,"XISTint9","p0.05",0.199470406901028,"",3.63408521303258,0.985078590516025
"repressor","spliced",40,1470,"XISTint9","p0.05",0.199470406901028,"",2.64900662251656,0.985078590516025
"activator","unspliced",103,16127,"XISTrA","p0.05",0.251274279283785,"",0.634627233518176,0.0965526049066426
"repressor","unspliced",92,17006,"XISTrA","p0.05",0.251274279283785,"",0.538074628611534,0.0965526049066426
"activator","spliced",15,783,"XISTrA","p0.05",0.199193993665529,"",1.8796992481203,0.68764626798785
"repressor","spliced",18,1492,"XISTrA","p0.05",0.199193993665529,"",1.19205298013245,0.68764626798785
"activator","unspliced",88,16142,"XISTrB1","p0.05",0.490495713993415,"",0.542205791743685,0.056768898539801
"repressor","unspliced",83,17015,"XISTrB1","p0.05",0.490495713993415,"",0.485436893203884,0.056768898539801
"activator","spliced",13,786,"XISTrB1","p0.05",0.447485075241416,"",1.6270337922403,0.43498081210785
"repressor","spliced",18,1492,"XISTrB1","p0.05",0.447485075241416,"",1.19205298013245,0.43498081210785
"activator","unspliced",56,16173,"XISTrB2","p0.05",0.498003677784317,"",0.345061310000616,0.0467808093572661
"repressor","unspliced",51,17047,"XISTrB2","p0.05",0.498003677784317,"",0.29828050064335,0.0467808093572661
"activator","spliced",7,792,"XISTrB2","p0.05",1,"",0.876095118898623,-0.117282364545085
"repressor","spliced",15,1495,"XISTrB2","p0.05",1,"",0.993377483443709,-0.117282364545085
"activator","unspliced",228,16002,"XISTrD","p0.05",0.0194123563417639,"repressor",1.40480591497227,-0.320542078945144
"repressor","unspliced",295,16803,"XISTrD","p0.05",0.0194123563417639,"repressor",1.72534799391742,-0.320542078945144
"activator","spliced",11,788,"XISTrD","p0.05",7.49751760859954e-05,"repressor",1.37672090112641,-2.99414002602591
"repressor","spliced",66,1444,"XISTrD","p0.05",7.49751760859954e-05,"repressor",4.37086092715232,-2.99414002602591
"activator","unspliced",506,15723,"XISTrE","p0.05",0.0751313746004149,"",3.11787540821985,-0.350366491417531
"repressor","unspliced",593,16505,"XISTrE","p0.05",0.0751313746004149,"",3.46824189963738,-0.350366491417531
"activator","spliced",13,786,"XISTrE","p0.05",0.00233034140981799,"repressor",1.6270337922403,-2.28025097597162
"repressor","spliced",59,1451,"XISTrE","p0.05",0.00233034140981799,"repressor",3.90728476821192,-2.28025097597162
"activator","unspliced",748,15481,"XISTrF","p0.05",0.677484206531373,"",4.60903321215109,-0.0991197881998307
"repressor","unspliced",805,16293,"XISTrF","p0.05",0.677484206531373,"",4.70815300035092,-0.0991197881998307
"activator","spliced",45,754,"XISTrF","p0.05",0.367401724080917,"",5.63204005006258,0.930053295095691
"repressor","spliced",71,1439,"XISTrF","p0.05",0.367401724080917,"",4.70198675496689,0.930053295095691
"activator","unspliced",2984,13245,"ASAR6-141chk1","p0.01",0.0513231995833263,"",18.3868383757471,-0.837632322580173
"repressor","unspliced",3287,13811,"ASAR6-141chk1","p0.01",0.0513231995833263,"",19.2244706983273,-0.837632322580173
"activator","spliced",51,748,"ASAR6-141chk1","p0.01",0.859901035598111,"",6.38297872340426,-0.239537832887136
"repressor","spliced",100,1410,"ASAR6-141chk1","p0.01",0.859901035598111,"",6.62251655629139,-0.239537832887136
"activator","unspliced",3823,12407,"ASAR6-141chk2","p0.01",2.81379433213077e-18,"repressor",23.5551447935921,-4.17324449170441
"repressor","unspliced",4741,12357,"ASAR6-141chk2","p0.01",2.81379433213077e-18,"repressor",27.7283892852965,-4.17324449170441
"activator","spliced",59,740,"ASAR6-141chk2","p0.01",1.5971172791637e-16,"repressor",7.38423028785982,-12.5495445465773
"repressor","spliced",301,1209,"ASAR6-141chk2","p0.01",1.5971172791637e-16,"repressor",19.9337748344371,-12.5495445465773
"activator","unspliced",2745,13485,"ASAR6-141chk3","p0.01",0.000561724200133081,"repressor",16.913123844732,-1.44682234465797
"repressor","unspliced",3139,13958,"ASAR6-141chk3","p0.01",0.000561724200133081,"repressor",18.35994618939,-1.44682234465797
"activator","spliced",32,766,"ASAR6-141chk3","p0.01",1.25851280127241e-06,"repressor",4.01002506265664,-5.39394844727713
"repressor","spliced",142,1368,"ASAR6-141chk3","p0.01",1.25851280127241e-06,"repressor",9.40397350993377,-5.39394844727713
"activator","unspliced",4077,12153,"ASAR6-141chk4","p0.01",4.87569627263507e-13,"repressor",25.1201478743068,-3.51645503848488
"repressor","unspliced",4896,12201,"ASAR6-141chk4","p0.01",4.87569627263507e-13,"repressor",28.6366029127917,-3.51645503848488
"activator","spliced",36,763,"ASAR6-141chk4","p0.01",2.96065349543538e-28,"repressor",4.50563204005006,-15.8917189533274
"repressor","spliced",308,1202,"ASAR6-141chk4","p0.01",2.96065349543538e-28,"repressor",20.3973509933775,-15.8917189533274
"activator","unspliced",3314,12915,"ASAR6-141chk5","p0.01",7.71503611405353e-05,"activator",20.4202353811079,1.72104838923797
"repressor","unspliced",3197,13900,"ASAR6-141chk5","p0.01",7.71503611405353e-05,"activator",18.6991869918699,1.72104838923797
"activator","spliced",47,752,"ASAR6-141chk5","p0.01",0.0141400609096235,"repressor",5.88235294117647,-2.85936891312816
"repressor","spliced",132,1378,"ASAR6-141chk5","p0.01",0.0141400609096235,"repressor",8.74172185430464,-2.85936891312816
"activator","unspliced",12,16218,"Blustr-5ss","p0.01",0.0357113711843572,"repressor",0.0739371534195934,-0.0781363097610816
"repressor","unspliced",26,17071,"Blustr-5ss","p0.01",0.0357113711843572,"repressor",0.152073463180675,-0.0781363097610816
"activator","spliced",0,799,"Blustr-5ss","p0.01",0.555750559842457,"",0,-0.198675496688742
"repressor","spliced",3,1507,"Blustr-5ss","p0.01",0.555750559842457,"",0.198675496688742,-0.198675496688742
"activator","unspliced",26,16203,"e-Ccnd1","p0.01",0.14012386390156,"",0.160207036786,-0.073752137338115
"repressor","unspliced",40,17057,"e-Ccnd1","p0.01",0.14012386390156,"",0.233959174124115,-0.073752137338115
"activator","spliced",0,799,"e-Ccnd1","p0.01",0.547212962914314,"",0,-0.132450331125828
"repressor","spliced",2,1508,"e-Ccnd1","p0.01",0.547212962914314,"",0.132450331125828,-0.132450331125828
"activator","unspliced",66,16164,"e-ID1","p0.01",1.00939860581861e-07,"repressor",0.406654343807763,-0.464843579804566
"repressor","unspliced",149,16948,"e-ID1","p0.01",1.00939860581861e-07,"repressor",0.87149792361233,-0.464843579804566
"activator","spliced",13,785,"e-ID1","p0.01",0.628881896147507,"",1.62907268170426,-0.357682285183156
"repressor","spliced",30,1480,"e-ID1","p0.01",0.628881896147507,"",1.98675496688742,-0.357682285183156
"activator","unspliced",17,16213,"e-Klf6","p0.01",0.227086541463595,"",0.104744300677757,-0.0531689055451928
"repressor","unspliced",27,17071,"e-Klf6","p0.01",0.227086541463595,"",0.15791320622295,-0.0531689055451928
"activator","spliced",1,797,"e-Klf6","p0.01",0.345753899480069,"",0.12531328320802,0.12531328320802
"repressor","spliced",0,1510,"e-Klf6","p0.01",0.345753899480069,"",0,0.12531328320802
"activator","unspliced",19,16211,"e-Med13l","p0.01",0.307005046481752,"",0.117067159581023,-0.0466946839094439
"repressor","unspliced",28,17070,"e-Med13l","p0.01",0.307005046481752,"",0.163761843490467,-0.0466946839094439
"activator","spliced",1,797,"e-Med13l","p0.01",1,"",0.12531328320802,-0.0733622134807217
"repressor","spliced",3,1507,"e-Med13l","p0.01",1,"",0.198675496688742,-0.0733622134807217
"activator","unspliced",38,16192,"e-Sp3","p0.01",0.00760555148710973,"activator",0.234134319162046,0.123003711453091
"repressor","unspliced",19,17078,"e-Sp3","p0.01",0.00760555148710973,"activator",0.111130607708955,0.123003711453091
"activator","spliced",9,790,"e-Sp3","p0.01",0.00181638107305421,"activator",1.12640801001252,0.993957678886688
"repressor","spliced",2,1508,"e-Sp3","p0.01",0.00181638107305421,"activator",0.132450331125828,0.993957678886688
"activator","unspliced",170,16060,"e-YY1","p0.01",4.1356116920484e-06,"activator",1.04744300677757,0.456730642758389
"repressor","unspliced",101,16997,"e-YY1","p0.01",4.1356116920484e-06,"activator",0.590712364019183,0.456730642758389
"activator","spliced",43,755,"e-YY1","p0.01",4.56291934653335e-06,"activator",5.38847117794486,3.60039170774619
"repressor","spliced",27,1483,"e-YY1","p0.01",4.56291934653335e-06,"activator",1.78807947019868,3.60039170774619
"activator","unspliced",44,16185,"FIRRE-RRD","p0.01",0.831480196821055,"",0.27111960071477,0.0137795609440364
"repressor","unspliced",44,17054,"FIRRE-RRD","p0.01",0.831480196821055,"",0.257340039770733,0.0137795609440364
"activator","spliced",4,795,"FIRRE-RRD","p0.01",0.243946511025695,"",0.500625782227785,0.301950285539043
"repressor","spliced",3,1507,"FIRRE-RRD","p0.01",0.243946511025695,"",0.198675496688742,0.301950285539043
"activator","unspliced",278,15951,"HOTTIP-MLL","p0.01",2.05496729138461e-05,"activator",1.71298293178877,0.554952752820473
"repressor","unspliced",198,16900,"HOTTIP-MLL","p0.01",2.05496729138461e-05,"activator",1.1580301789683,0.554952752820473
"activator","spliced",54,745,"HOTTIP-MLL","p0.01",5.71592520562821e-05,"activator",6.75844806007509,3.71209044418105
"repressor","spliced",46,1464,"HOTTIP-MLL","p0.01",5.71592520562821e-05,"activator",3.04635761589404,3.71209044418105
"activator","unspliced",0,16229,"HSat3_antisense","p0.01",0.50032495851941,"",0,-0.0116972745350333
"repressor","unspliced",2,17096,"HSat3_antisense","p0.01",0.50032495851941,"",0.0116972745350333,-0.0116972745350333
"activator","spliced",0,799,"HSat3_antisense","p0.01",1,"",0,0
"repressor","spliced",0,1510,"HSat3_antisense","p0.01",1,"",0,0
"activator","unspliced",0,16229,"HSat3_sense","p0.01",1,"",0,-0.00584863726751667
"repressor","unspliced",1,17097,"HSat3_sense","p0.01",1,"",0.00584863726751667,-0.00584863726751667
"activator","spliced",0,799,"HSat3_sense","p0.01",1,"",0,0
"repressor","spliced",0,1510,"HSat3_sense","p0.01",1,"",0,0
"activator","unspliced",13,16216,"JPX-9","p0.01",0.107996617624381,"",0.0801035183930002,0.0450116947879002
"repressor","unspliced",6,17092,"JPX-9","p0.01",0.107996617624381,"",0.0350918236051,0.0450116947879002
"activator","spliced",0,799,"JPX-9","p0.01",1,"",0,0
"repressor","spliced",0,1510,"JPX-9","p0.01",1,"",0,0
"activator","unspliced",195,16034,"MALAT1E","p0.01",0.540335342973557,"",1.201552775895,0.0726997607461464
"repressor","unspliced",193,16904,"MALAT1E","p0.01",0.540335342973557,"",1.12885301514886,0.0726997607461464
"activator","spliced",4,795,"MALAT1E","p0.01",0.243946511025695,"",0.500625782227785,0.301950285539043
"repressor","spliced",3,1507,"MALAT1E","p0.01",0.243946511025695,"",0.198675496688742,0.301950285539043
"activator","unspliced",297,15932,"MALAT1M","p0.01",3.13075189580783e-06,"repressor",1.8300573048247,-0.755040367417671
"repressor","unspliced",442,16656,"MALAT1M","p0.01",3.13075189580783e-06,"repressor",2.58509767224237,-0.755040367417671
"activator","spliced",0,799,"MALAT1M","p0.01",0.00220655924655827,"repressor",0,-1.05960264900662
"repressor","spliced",16,1494,"MALAT1M","p0.01",0.00220655924655827,"repressor",1.05960264900662,-1.05960264900662
"activator","unspliced",12,16218,"MEG3-NRE","p0.01",0.0931523631473884,"",0.0739371534195934,-0.06058150373329
"repressor","unspliced",23,17075,"MEG3-NRE","p0.01",0.0931523631473884,"",0.134518657152883,-0.06058150373329
"activator","spliced",1,797,"MEG3-NRE","p0.01",0.433289320682645,"",0.12531328320802,-0.272037710169463
"repressor","spliced",6,1504,"MEG3-NRE","p0.01",0.433289320682645,"",0.397350993377483,-0.272037710169463
"activator","unspliced",10,16219,"ncRNA-a7","p0.01",0.000748750972448829,"activator",0.0616180910715386,0.0616180910715386
"repressor","unspliced",0,17098,"ncRNA-a7","p0.01",0.000748750972448829,"activator",0,0.0616180910715386
"activator","spliced",5,794,"ncRNA-a7","p0.01",0.00492096893966781,"activator",0.625782227784731,0.625782227784731
"repressor","spliced",0,1510,"ncRNA-a7","p0.01",0.00492096893966781,"activator",0,0.625782227784731
"activator","unspliced",655,15574,"NEAT1chk1","p0.01",0.000183748112298087,"repressor",4.03598496518578,-0.847912794655129
"repressor","unspliced",835,16262,"NEAT1chk1","p0.01",0.000183748112298087,"repressor",4.88389775984091,-0.847912794655129
"activator","spliced",63,735,"NEAT1chk1","p0.01",0.741782911151363,"",7.89473684210526,0.411293133495992
"repressor","spliced",113,1397,"NEAT1chk1","p0.01",0.741782911151363,"",7.48344370860927,0.411293133495992
"activator","unspliced",4298,11931,"NEAT1chk10","p0.01",0.0713277533897374,"",26.4834555425473,-0.8823182321632
"repressor","unspliced",4679,12419,"NEAT1chk10","p0.01",0.0713277533897374,"",27.3657737747105,-0.8823182321632
"activator","spliced",78,720,"NEAT1chk10","p0.01",6.98778760744713e-08,"repressor",9.77443609022556,-8.30503410844993
"repressor","spliced",273,1237,"NEAT1chk10","p0.01",6.98778760744713e-08,"repressor",18.0794701986755,-8.30503410844993
"activator","unspliced",4143,12086,"NEAT1chk11","p0.01",0.0443677179794881,"repressor",25.5283751309384,-0.96750133861762
"repressor","unspliced",4530,12567,"NEAT1chk11","p0.01",0.0443677179794881,"repressor",26.4958764695561,-0.96750133861762
"activator","spliced",89,709,"NEAT1chk11","p0.01",0.381791253617473,"",11.1528822055138,-1.29744892031403
"repressor","spliced",188,1322,"NEAT1chk11","p0.01",0.381791253617473,"",12.4503311258278,-1.29744892031403
"activator","unspliced",1825,14404,"NEAT1chk12","p0.01",1.16179671254429e-09,"activator",11.2453016205558,2.02200064968201
"repressor","unspliced",1577,15521,"NEAT1chk12","p0.01",1.16179671254429e-09,"activator",9.22330097087379,2.02200064968201
"activator","spliced",12,787,"NEAT1chk12","p0.01",2.36639657076041e-15,"repressor",1.50187734668335,-7.83587099768751
"repressor","spliced",141,1369,"NEAT1chk12","p0.01",2.36639657076041e-15,"repressor",9.33774834437086,-7.83587099768751
"activator","unspliced",793,15436,"NEAT1chk13","p0.01",0.328526097784303,"",4.88631462197301,0.230799357029743
"repressor","unspliced",796,16302,"NEAT1chk13","p0.01",0.328526097784303,"",4.65551526494327,0.230799357029743
"activator","spliced",0,799,"NEAT1chk13","p0.01",1.16441356636392e-08,"repressor",0,-2.8476821192053
"repressor","spliced",43,1467,"NEAT1chk13","p0.01",1.16441356636392e-08,"repressor",2.8476821192053,-2.8476821192053
"activator","unspliced",16,16213,"NEAT1chk14","p0.01",0.715639221760044,"",0.0985889457144618,0.0167080239692284
"repressor","unspliced",14,17084,"NEAT1chk14","p0.01",0.715639221760044,"",0.0818809217452334,0.0167080239692284
"activator","spliced",0,799,"NEAT1chk14","p0.01",0.547212962914314,"",0,-0.132450331125828
"repressor","spliced",2,1508,"NEAT1chk14","p0.01",0.547212962914314,"",0.132450331125828,-0.132450331125828
"activator","unspliced",2342,13887,"NEAT1chk15","p0.01",0.00432487104995696,"activator",14.4309569289543,1.08358604517356
"repressor","unspliced",2282,14815,"NEAT1chk15","p0.01",0.00432487104995696,"activator",13.3473708837808,1.08358604517356
"activator","spliced",37,761,"NEAT1chk15","p0.01",0.000823558260768062,"repressor",4.63659147869674,-3.70777938223041
"repressor","spliced",126,1384,"NEAT1chk15","p0.01",0.000823558260768062,"repressor",8.34437086092715,-3.70777938223041
"activator","unspliced",2639,13590,"NEAT1chk16","p0.01",0.00129714465689469,"activator",16.261014233779,1.28265419166885
"repressor","unspliced",2561,14537,"NEAT1chk16","p0.01",0.00129714465689469,"activator",14.9783600421102,1.28265419166885
"activator","spliced",43,756,"NEAT1chk16","p0.01",0.275988451096009,"",5.38172715894869,-1.17456423177979
"repressor","spliced",99,1411,"NEAT1chk16","p0.01",0.275988451096009,"",6.55629139072848,-1.17456423177979
"activator","unspliced",337,15893,"NEAT1chk17","p0.01",5.47435734135072e-31,"activator",2.07640172520025,1.43305162577341
"repressor","unspliced",110,16988,"NEAT1chk17","p0.01",5.47435734135072e-31,"activator",0.643350099426834,1.43305162577341
"activator","spliced",0,799,"NEAT1chk17","p0.01",0.0185286879813456,"repressor",0,-0.662251655629139
"repressor","spliced",10,1500,"NEAT1chk17","p0.01",0.0185286879813456,"repressor",0.662251655629139,-0.662251655629139
"activator","unspliced",253,15976,"NEAT1chk18","p0.01",3.39376102749181e-16,"activator",1.55893770410993,0.92143624195061
"repressor","unspliced",109,16989,"NEAT1chk18","p0.01",3.39376102749181e-16,"activator",0.637501462159317,0.92143624195061
"activator","spliced",5,793,"NEAT1chk18","p0.01",0.328671662967501,"",0.6265664160401,0.295440588225531
"repressor","spliced",5,1505,"NEAT1chk18","p0.01",0.328671662967501,"",0.33112582781457,0.295440588225531
"activator","unspliced",46,16183,"NEAT1chk19","p0.01",0.687890165811206,"",0.283443218929078,-0.0265345562493058
"repressor","unspliced",53,17045,"NEAT1chk19","p0.01",0.687890165811206,"",0.309977775178383,-0.0265345562493058
"activator","spliced",0,799,"NEAT1chk19","p0.01",0.555750559842457,"",0,-0.198675496688742
"repressor","spliced",3,1507,"NEAT1chk19","p0.01",0.555750559842457,"",0.198675496688742,-0.198675496688742
"activator","unspliced",35,16194,"NEAT1chk2","p0.01",0.00800731364211844,"activator",0.215663318750385,0.116236485202602
"repressor","unspliced",17,17081,"NEAT1chk2","p0.01",0.00800731364211844,"activator",0.0994268335477834,0.116236485202602
"activator","spliced",0,799,"NEAT1chk2","p0.01",1,"",0,0
"repressor","spliced",0,1510,"NEAT1chk2","p0.01",1,"",0,0
"activator","unspliced",297,15932,"NEAT1chk20","p0.01",2.3222485287344e-20,"activator",1.8300573048247,1.11652355818766
"repressor","unspliced",122,16976,"NEAT1chk20","p0.01",2.3222485287344e-20,"activator",0.713533746637034,1.11652355818766
"activator","spliced",5,793,"NEAT1chk20","p0.01",0.328671662967501,"",0.6265664160401,0.295440588225531
"repressor","spliced",5,1505,"NEAT1chk20","p0.01",0.328671662967501,"",0.33112582781457,0.295440588225531
"activator","unspliced",98,16131,"NEAT1chk21","p0.01",9.88341998112495e-47,"repressor",0.603857292501078,-1.88195893256765
"repressor","unspliced",425,16672,"NEAT1chk21","p0.01",9.88341998112495e-47,"repressor",2.48581622506873,-1.88195893256765
"activator","spliced",0,799,"NEAT1chk21","p0.01",1,"",0,0
"repressor","spliced",0,1510,"NEAT1chk21","p0.01",1,"",0,0
"activator","unspliced",129,16101,"NEAT1chk22","p0.01",6.69699716858253e-32,"repressor",0.794824399260628,-1.57972233135114
"repressor","unspliced",406,16692,"NEAT1chk22","p0.01",6.69699716858253e-32,"repressor",2.37454673061177,-1.57972233135114
"activator","spliced",0,799,"NEAT1chk22","p0.01",2.62758556086573e-05,"repressor",0,-1.72185430463576
"repressor","spliced",26,1484,"NEAT1chk22","p0.01",2.62758556086573e-05,"repressor",1.72185430463576,-1.72185430463576
"activator","unspliced",118,16111,"NEAT1chk3","p0.01",0.11182767765643,"",0.727093474644156,-0.161899390018378
"repressor","unspliced",152,16946,"NEAT1chk3","p0.01",0.11182767765643,"",0.888992864662534,-0.161899390018378
"activator","spliced",0,799,"NEAT1chk3","p0.01",4.8788934874574e-05,"repressor",0,-1.65562913907285
"repressor","spliced",25,1485,"NEAT1chk3","p0.01",4.8788934874574e-05,"repressor",1.65562913907285,-1.65562913907285
"activator","unspliced",2501,13729,"NEAT1chk4","p0.01",0.00243299858922509,"repressor",15.4097350585336,-1.22378933028383
"repressor","unspliced",2844,14254,"NEAT1chk4","p0.01",0.00243299858922509,"repressor",16.6335243888174,-1.22378933028383
"activator","spliced",17,781,"NEAT1chk4","p0.01",3.47772913197025e-14,"repressor",2.13032581453634,-8.00212451658949
"repressor","spliced",153,1357,"NEAT1chk4","p0.01",3.47772913197025e-14,"repressor",10.1324503311258,-8.00212451658949
"activator","unspliced",22,16207,"NEAT1chk5","p0.01",0.114729088409418,"",0.135559800357385,-0.0749911412732151
"repressor","unspliced",36,17062,"NEAT1chk5","p0.01",0.114729088409418,"",0.2105509416306,-0.0749911412732151
"activator","spliced",0,799,"NEAT1chk5","p0.01",1,"",0,0
"repressor","spliced",0,1510,"NEAT1chk5","p0.01",1,"",0,0
"activator","unspliced",0,16229,"NEAT1chk6","p0.01",0.0629063052211424,"",0,-0.0292431863375833
"repressor","unspliced",5,17093,"NEAT1chk6","p0.01",0.0629063052211424,"",0.0292431863375833,-0.0292431863375833
"activator","spliced",0,799,"NEAT1chk6","p0.01",1,"",0,0
"repressor","spliced",0,1510,"NEAT1chk6","p0.01",1,"",0,0
"activator","unspliced",3502,12727,"NEAT1chk7","p0.01",0.612036792508146,"",21.5786554932528,0.229880854427293
"repressor","unspliced",3650,13447,"NEAT1chk7","p0.01",0.612036792508146,"",21.3487746388255,0.229880854427293
"activator","spliced",31,768,"NEAT1chk7","p0.01",1.16842932991655e-18,"repressor",3.87984981226533,-11.4181634327678
"repressor","spliced",231,1279,"NEAT1chk7","p0.01",1.16842932991655e-18,"repressor",15.2980132450331,-11.4181634327678
"activator","unspliced",23,16207,"NEAT1chk8","p0.01",0.00610949146149756,"repressor",0.141712877387554,-0.139038131561384
"repressor","unspliced",48,17049,"NEAT1chk8","p0.01",0.00610949146149756,"repressor",0.280751008948938,-0.139038131561384
"activator","spliced",0,799,"NEAT1chk8","p0.01",1,"",0,0
"repressor","spliced",0,1510,"NEAT1chk8","p0.01",1,"",0,0
"activator","unspliced",4033,12197,"NEAT1chk9","p0.01",0.00177359590237664,"repressor",24.849044978435,-1.49906591172759
"repressor","unspliced",4505,12593,"NEAT1chk9","p0.01",0.00177359590237664,"repressor",26.3481108901626,-1.49906591172759
"activator","spliced",53,746,"NEAT1chk9","p0.01",2.46019555803686e-08,"repressor",6.63329161451815,-7.53889381594543
"repressor","spliced",214,1296,"NEAT1chk9","p0.01",2.46019555803686e-08,"repressor",14.1721854304636,-7.53889381594543
"activator","unspliced",19,16211,"NKILA-SRSFNRE","p0.01",0.739204458233466,"",0.117067159581023,0.0176403260332394
"repressor","unspliced",17,17081,"NKILA-SRSFNRE","p0.01",0.739204458233466,"",0.0994268335477834,0.0176403260332394
"activator","spliced",4,795,"NKILA-SRSFNRE","p0.01",0.190822111330441,"",0.500625782227785,0.368175451101957
"repressor","spliced",2,1508,"NKILA-SRSFNRE","p0.01",0.190822111330441,"",0.132450331125828,0.368175451101957
"activator","unspliced",34,16196,"NXF1-enChr","p0.01",0.104775453376434,"",0.209488601355514,-0.0946583250058355
"repressor","unspliced",52,17045,"NXF1-enChr","p0.01",0.104775453376434,"",0.30414692636135,-0.0946583250058355
"activator","spliced",2,796,"NXF1-enChr","p0.01",0.509199428367474,"",0.25062656641604,-0.279174758087271
"repressor","spliced",8,1502,"NXF1-enChr","p0.01",0.509199428367474,"",0.529801324503311,-0.279174758087271
"activator","unspliced",27,16202,"PRRX2-eRNA","p0.01",0.245358577075803,"",0.166368845893154,0.0493961005428209
"repressor","unspliced",20,17078,"PRRX2-eRNA","p0.01",0.245358577075803,"",0.116972745350333,0.0493961005428209
"activator","spliced",1,798,"PRRX2-eRNA","p0.01",1,"",0.125156445556946,-0.00729388556888164
"repressor","spliced",2,1508,"PRRX2-eRNA","p0.01",1,"",0.132450331125828,-0.00729388556888164
"activator","unspliced",40,16190,"PVT1-22","p0.01",0.000185333063143161,"activator",0.246457178065311,0.164571467121871
"repressor","unspliced",14,17083,"PVT1-22","p0.01",0.000185333063143161,"activator",0.0818857109434404,0.164571467121871
"activator","spliced",1,798,"PVT1-22","p0.01",0.346037245560849,"",0.125156445556946,0.125156445556946
"repressor","spliced",0,1510,"PVT1-22","p0.01",0.346037245560849,"",0,0.125156445556946
"activator","unspliced",78,16152,"SEMA3C-eRNA","p0.01",0.688156395058225,"",0.480591497227357,0.0302464276285732
"repressor","unspliced",77,17021,"SEMA3C-eRNA","p0.01",0.688156395058225,"",0.450345069598784,0.0302464276285732
"activator","spliced",0,799,"SEMA3C-eRNA","p0.01",0.547212962914314,"",0,-0.132450331125828
"repressor","spliced",2,1508,"SEMA3C-eRNA","p0.01",0.547212962914314,"",0.132450331125828,-0.132450331125828
"activator","unspliced",603,15626,"XIST-PfIMI","p0.01",0.015932941777805,"repressor",3.71557089161378,-0.51884249006829
"repressor","unspliced",724,16374,"XIST-PfIMI","p0.01",0.015932941777805,"repressor",4.23441338168207,-0.51884249006829
"activator","spliced",17,782,"XIST-PfIMI","p0.01",0.000526116328490315,"repressor",2.12765957446809,-2.97167817387629
"repressor","spliced",77,1433,"XIST-PfIMI","p0.01",0.000526116328490315,"repressor",5.09933774834437,-2.97167817387629
"activator","unspliced",238,15991,"XISTint1","p0.01",0.0448742098203908,"activator",1.46651056750262,0.255842653126668
"repressor","unspliced",207,16891,"XISTint1","p0.01",0.0448742098203908,"activator",1.21066791437595,0.255842653126668
"activator","spliced",6,792,"XISTint1","p0.01",0.360795675376339,"",0.75187969924812,0.354528705870637
"repressor","spliced",6,1504,"XISTint1","p0.01",0.360795675376339,"",0.397350993377483,0.354528705870637
"activator","unspliced",3,16227,"XISTint10","p0.01",0.000305355380804939,"repressor",0.0184842883548983,-0.104337094262952
"repressor","unspliced",21,17077,"XISTint10","p0.01",0.000305355380804939,"repressor",0.12282138261785,-0.104337094262952
"activator","spliced",0,799,"XISTint10","p0.01",0.00352143172220417,"repressor",0,-0.927152317880795
"repressor","spliced",14,1496,"XISTint10","p0.01",0.00352143172220417,"repressor",0.927152317880795,-0.927152317880795
"activator","unspliced",3392,12837,"XISTint11","p0.01",2.33660661519891e-15,"repressor",20.9008564914659,-3.6414608741538
"repressor","unspliced",4196,12901,"XISTint11","p0.01",2.33660661519891e-15,"repressor",24.5423173656197,-3.6414608741538
"activator","spliced",56,743,"XISTint11","p0.01",2.15901874925065e-24,"repressor",7.00876095118899,-15.9713714991421
"repressor","spliced",347,1163,"XISTint11","p0.01",2.15901874925065e-24,"repressor",22.9801324503311,-15.9713714991421
"activator","unspliced",2825,13404,"XISTint12","p0.01",5.34718322132921e-28,"repressor",17.4071107277097,-4.7884677025161
"repressor","unspliced",3795,13303,"XISTint12","p0.01",5.34718322132921e-28,"repressor",22.1955784302258,-4.7884677025161
"activator","spliced",29,769,"XISTint12","p0.01",1.29409349696047e-36,"repressor",3.63408521303258,-18.2864445882919
"repressor","spliced",331,1179,"XISTint12","p0.01",1.29409349696047e-36,"repressor",21.9205298013245,-18.2864445882919
"activator","unspliced",2380,13849,"XISTint13","p0.01",7.89935845056968e-08,"repressor",14.6651056750262,-2.14387783181672
"repressor","unspliced",2874,14224,"XISTint13","p0.01",7.89935845056968e-08,"repressor",16.8089835068429,-2.14387783181672
"activator","spliced",36,763,"XISTint13","p0.01",2.16176159889587e-16,"repressor",4.50563204005006,-10.7923812049831
"repressor","spliced",231,1279,"XISTint13","p0.01",2.16176159889587e-16,"repressor",15.2980132450331,-10.7923812049831
"activator","unspliced",2206,14024,"XISTint14","p0.01",4.89290207027946e-07,"repressor",13.5921133703019,-1.94771584948988
"repressor","unspliced",2657,14441,"XISTint14","p0.01",4.89290207027946e-07,"repressor",15.5398292197918,-1.94771584948988
"activator","spliced",14,785,"XISTint14","p0.01",1.07738580183525e-29,"repressor",1.75219023779725,-13.6120481727988
"repressor","spliced",232,1278,"XISTint14","p0.01",1.07738580183525e-29,"repressor",15.364238410596,-13.6120481727988
"activator","unspliced",43,16186,"XISTint2","p0.01",0.538206746959288,"",0.264957791607616,-0.0391713463032508
"repressor","unspliced",52,17046,"XISTint2","p0.01",0.538206746959288,"",0.304129137910867,-0.0391713463032508
"activator","spliced",4,795,"XISTint2","p0.01",0.745190523401702,"",0.500625782227785,0.103274788850301
"repressor","spliced",6,1504,"XISTint2","p0.01",0.745190523401702,"",0.397350993377483,0.103274788850301
"activator","unspliced",1919,14310,"XISTint3","p0.01",0.0389361276860838,"activator",11.8245116766283,0.723798142881622
"repressor","unspliced",1898,15200,"XISTint3","p0.01",0.0389361276860838,"activator",11.1007135337466,0.723798142881622
"activator","spliced",0,799,"XISTint3","p0.01",2.62758556086573e-05,"repressor",0,-1.72185430463576
"repressor","spliced",26,1484,"XISTint3","p0.01",2.62758556086573e-05,"repressor",1.72185430463576,-1.72185430463576
"activator","unspliced",665,15565,"XISTint4","p0.01",0.0258329285476281,"repressor",4.0973505853358,-0.499678306932304
"repressor","unspliced",786,16312,"XISTint4","p0.01",0.0258329285476281,"repressor",4.5970288922681,-0.499678306932304
"activator","spliced",4,794,"XISTint4","p0.01",5.46859639799057e-10,"repressor",0.50125313283208,-4.39940911882355
"repressor","spliced",74,1436,"XISTint4","p0.01",5.46859639799057e-10,"repressor",4.90066225165563,-4.39940911882355
"activator","unspliced",291,15938,"XISTint5","p0.01",1.56714838910162e-05,"repressor",1.79308645018177,-0.686735751245294
"repressor","unspliced",424,16674,"XISTint5","p0.01",1.56714838910162e-05,"repressor",2.47982220142707,-0.686735751245294
"activator","spliced",8,790,"XISTint5","p0.01",4.74880982548698e-07,"repressor",1.00250626566416,-3.76570565486564
"repressor","spliced",72,1438,"XISTint5","p0.01",4.74880982548698e-07,"repressor",4.7682119205298,-3.76570565486564
"activator","unspliced",921,15309,"XISTint6","p0.01",0.0043895532395034,"repressor",5.67467652495379,-0.747127194779512
"repressor","unspliced",1098,16000,"XISTint6","p0.01",0.0043895532395034,"repressor",6.4218037197333,-0.747127194779512
"activator","spliced",7,792,"XISTint6","p0.01",9.80767103207191e-13,"repressor",0.876095118898623,-6.01132209964442
"repressor","spliced",104,1406,"XISTint6","p0.01",9.80767103207191e-13,"repressor",6.88741721854305,-6.01132209964442
"activator","unspliced",193,16036,"XISTint7","p0.01",0.689260581025401,"",1.1892291576807,-0.0506819430328387
"repressor","unspliced",212,16886,"XISTint7","p0.01",0.689260581025401,"",1.23991110071353,-0.0506819430328387
"activator","spliced",0,799,"XISTint7","p0.01",1.59867026930453e-12,"repressor",0,-4.23841059602649
"repressor","spliced",64,1446,"XISTint7","p0.01",1.59867026930453e-12,"repressor",4.23841059602649,-4.23841059602649
"activator","unspliced",1906,14324,"XISTint8","p0.01",2.77840864548375e-09,"repressor",11.7436845348121,-2.18273530492589
"repressor","unspliced",2381,14716,"XISTint8","p0.01",2.77840864548375e-09,"repressor",13.926419839738,-2.18273530492589
"activator","spliced",0,799,"XISTint8","p0.01",2.05183263749429e-34,"repressor",0,-11.5894039735099
"repressor","spliced",175,1335,"XISTint8","p0.01",2.05183263749429e-34,"repressor",11.5894039735099,-11.5894039735099
"activator","unspliced",2,16228,"XISTint9","p0.01",1.05621899286705e-06,"repressor",0.0123228589032656,-0.151438984587201
"repressor","unspliced",28,17070,"XISTint9","p0.01",1.05621899286705e-06,"repressor",0.163761843490467,-0.151438984587201
"activator","spliced",0,799,"XISTint9","p0.01",0.0569114187850259,"",0,-0.529801324503311
"repressor","spliced",8,1502,"XISTint9","p0.01",0.0569114187850259,"",0.529801324503311,-0.529801324503311
"activator","unspliced",39,16190,"XISTrA","p0.01",0.0300222642470963,"activator",0.240310555179001,0.105791898026117
"repressor","unspliced",23,17075,"XISTrA","p0.01",0.0300222642470963,"activator",0.134518657152883,0.105791898026117
"activator","spliced",9,789,"XISTrA","p0.01",0.109557218795553,"",1.12781954887218,0.664243389931783
"repressor","spliced",7,1503,"XISTrA","p0.01",0.109557218795553,"",0.463576158940397,0.664243389931783
"activator","unspliced",29,16200,"XISTrB1","p0.01",0.263910975890708,"",0.178692464107462,0.0500224442220952
"repressor","unspliced",22,17076,"XISTrB1","p0.01",0.263910975890708,"",0.128670019885367,0.0500224442220952
"activator","spliced",3,795,"XISTrB1","p0.01",1,"",0.37593984962406,0.0448140218094906
"repressor","spliced",5,1505,"XISTrB1","p0.01",1,"",0.33112582781457,0.0448140218094906
"activator","unspliced",19,16211,"XISTrB2","p0.01",1,"",0.117067159581023,8.75725189651289e-05
"repressor","unspliced",20,17077,"XISTrB2","p0.01",1,"",0.116979587062058,8.75725189651289e-05
"activator","spliced",2,797,"XISTrB2","p0.01",0.727231876779748,"",0.250312891113892,-0.213263267826505
"repressor","spliced",7,1503,"XISTrB2","p0.01",0.727231876779748,"",0.463576158940397,-0.213263267826505
"activator","unspliced",32,16197,"XISTrD","p0.01",9.09108093434715e-07,"repressor",0.197177891428924,-0.31753229164413
"repressor","unspliced",88,17009,"XISTrD","p0.01",9.09108093434715e-07,"repressor",0.514710183073054,-0.31753229164413
"activator","spliced",0,799,"XISTrD","p0.01",3.75605023082405e-09,"repressor",0,-3.04635761589404
"repressor","spliced",46,1464,"XISTrD","p0.01",3.75605023082405e-09,"repressor",3.04635761589404,-3.04635761589404
"activator","unspliced",301,15928,"XISTrE","p0.01",0.283480165879048,"",1.85470454125331,-0.163193335567183
"repressor","unspliced",345,16752,"XISTrE","p0.01",0.283480165879048,"",2.0178978768205,-0.163193335567183
"activator","spliced",3,796,"XISTrE","p0.01",0.000335267711229119,"repressor",0.375469336670839,-1.87618629246823
"repressor","spliced",34,1476,"XISTrE","p0.01",0.000335267711229119,"repressor",2.25165562913907,-1.87618629246823
"activator","unspliced",61,16168,"XISTrF","p0.01",0.0238236383175522,"repressor",0.375870355536385,-0.168052910342665
"repressor","unspliced",93,17005,"XISTrF","p0.01",0.0238236383175522,"repressor",0.54392326587905,-0.168052910342665
"activator","spliced",0,799,"XISTrF","p0.01",0.00352143172220417,"repressor",0,-0.927152317880795
"repressor","spliced",14,1496,"XISTrF","p0.01",0.00352143172220417,"repressor",0.927152317880795,-0.927152317880795
"activator","unspliced",529,15701,"ASAR6-141chk1","p0.001",0.330564762147416,"",3.25939617991374,-0.197148445188611
"repressor","unspliced",591,16507,"ASAR6-141chk1","p0.001",0.330564762147416,"",3.45654462510235,-0.197148445188611
"activator","spliced",0,799,"ASAR6-141chk1","p0.001",1,"",0,0
"repressor","spliced",0,1510,"ASAR6-141chk1","p0.001",1,"",0,0
"activator","unspliced",663,15566,"ASAR6-141chk2","p0.001",6.08695224330022e-20,"repressor",4.08527943804301,-2.21955153633996
"repressor","unspliced",1078,16020,"ASAR6-141chk2","p0.001",6.08695224330022e-20,"repressor",6.30483097438297,-2.21955153633996
"activator","spliced",0,799,"ASAR6-141chk2","p0.001",1.29078652879169e-09,"repressor",0,-3.17880794701987
"repressor","spliced",48,1462,"ASAR6-141chk2","p0.001",1.29078652879169e-09,"repressor",3.17880794701987,-3.17880794701987
"activator","unspliced",213,16016,"ASAR6-141chk3","p0.001",0.537862783112521,"",1.31246533982377,-0.0795103298451949
"repressor","unspliced",238,16860,"ASAR6-141chk3","p0.001",0.537862783112521,"",1.39197566966897,-0.0795103298451949
"activator","spliced",0,799,"ASAR6-141chk3","p0.001",0.00024031409967738,"repressor",0,-1.39072847682119
"repressor","spliced",21,1489,"ASAR6-141chk3","p0.001",0.00024031409967738,"repressor",1.39072847682119,-1.39072847682119
"activator","unspliced",1300,14930,"ASAR6-141chk4","p0.001",1.00080071732931e-16,"repressor",8.00985828712261,-2.64635881429276
"repressor","unspliced",1822,15276,"ASAR6-141chk4","p0.001",1.00080071732931e-16,"repressor",10.6562171014154,-2.64635881429276
"activator","spliced",6,793,"ASAR6-141chk4","p0.001",8.95757744464248e-14,"repressor",0.750938673341677,-6.2689288763272
"repressor","spliced",106,1404,"ASAR6-141chk4","p0.001",8.95757744464248e-14,"repressor",7.01986754966887,-6.2689288763272
"activator","unspliced",209,16020,"ASAR6-141chk5","p0.001",5.84493790188796e-26,"activator",1.28781810339516,0.98952015638691
"repressor","unspliced",51,17046,"ASAR6-141chk5","p0.001",5.84493790188796e-26,"activator",0.298297947008247,0.98952015638691
"activator","spliced",0,799,"ASAR6-141chk5","p0.001",1,"",0,0
"repressor","spliced",0,1510,"ASAR6-141chk5","p0.001",1,"",0,0
"activator","unspliced",1,16229,"Blustr-5ss","p0.001",0.375810178648255,"",0.00616142945163278,-0.0172331196184339
"repressor","unspliced",4,17094,"Blustr-5ss","p0.001",0.375810178648255,"",0.0233945490700667,-0.0172331196184339
"activator","spliced",0,799,"Blustr-5ss","p0.001",1,"",0,0
"repressor","spliced",0,1510,"Blustr-5ss","p0.001",1,"",0,0
"activator","unspliced",0,16229,"e-Med13l","p0.001",0.250487437779115,"",0,-0.01754591180255
"repressor","unspliced",3,17095,"e-Med13l","p0.001",0.250487437779115,"",0.01754591180255,-0.01754591180255
"activator","spliced",0,799,"e-Med13l","p0.001",1,"",0,0
"repressor","spliced",0,1510,"e-Med13l","p0.001",1,"",0,0
"activator","unspliced",0,16229,"e-YY1","p0.001",0.00201038720132153,"repressor",0,-0.0584863726751667
"repressor","unspliced",10,17088,"e-YY1","p0.001",0.00201038720132153,"repressor",0.0584863726751667,-0.0584863726751667
"activator","spliced",0,799,"e-YY1","p0.001",1,"",0,0
"repressor","spliced",0,1510,"e-YY1","p0.001",1,"",0,0
"activator","unspliced",1,16228,"FIRRE-RRD","p0.001",0.486962522879347,"",0.00616180910715386,0.00616180910715386
"repressor","unspliced",0,17098,"FIRRE-RRD","p0.001",0.486962522879347,"",0,0.00616180910715386
"activator","spliced",0,798,"FIRRE-RRD","p0.001",1,"",0,0
"repressor","spliced",0,1510,"FIRRE-RRD","p0.001",1,"",0,0
"activator","unspliced",22,16207,"HOTTIP-MLL","p0.001",1.32351342153215e-07,"activator",0.135559800357385,0.135559800357385
"repressor","unspliced",0,17098,"HOTTIP-MLL","p0.001",1.32351342153215e-07,"activator",0,0.135559800357385
"activator","spliced",22,777,"HOTTIP-MLL","p0.001",5.99218589284103e-11,"activator",2.75344180225282,2.75344180225282
"repressor","spliced",0,1510,"HOTTIP-MLL","p0.001",5.99218589284103e-11,"activator",0,2.75344180225282
"activator","unspliced",0,16229,"HSat3_antisense","p0.001",1,"",0,0
"repressor","unspliced",0,17097,"HSat3_antisense","p0.001",1,"",0,0
"activator","spliced",0,799,"HSat3_antisense","p0.001",1,"",0,0
"repressor","spliced",0,1510,"HSat3_antisense","p0.001",1,"",0,0
"activator","unspliced",0,16229,"HSat3_sense","p0.001",1,"",0,0
"repressor","unspliced",0,17097,"HSat3_sense","p0.001",1,"",0,0
"activator","spliced",0,799,"HSat3_sense","p0.001",1,"",0,0
"repressor","spliced",0,1510,"HSat3_sense","p0.001",1,"",0,0
"activator","unspliced",13,16216,"JPX-9","p0.001",0.107996617624381,"",0.0801035183930002,0.0450116947879002
"repressor","unspliced",6,17092,"JPX-9","p0.001",0.107996617624381,"",0.0350918236051,0.0450116947879002
"activator","spliced",0,799,"JPX-9","p0.001",1,"",0,0
"repressor","spliced",0,1510,"JPX-9","p0.001",1,"",0,0
"activator","unspliced",0,16229,"MEG3-NRE","p0.001",0.125487480607867,"",0,-0.0233945490700667
"repressor","unspliced",4,17094,"MEG3-NRE","p0.001",0.125487480607867,"",0.0233945490700667,-0.0233945490700667
"activator","spliced",0,799,"MEG3-NRE","p0.001",0.305177949912603,"",0,-0.264900662251656
"repressor","spliced",4,1506,"MEG3-NRE","p0.001",0.305177949912603,"",0.264900662251656,-0.264900662251656
"activator","unspliced",6,16224,"ncRNA-a7","p0.001",0.0133305985941061,"activator",0.0369685767097967,0.0369685767097967
"repressor","unspliced",0,17098,"ncRNA-a7","p0.001",0.0133305985941061,"activator",0,0.0369685767097967
"activator","spliced",5,794,"ncRNA-a7","p0.001",0.00492096893966781,"activator",0.625782227784731,0.625782227784731
"repressor","spliced",0,1510,"ncRNA-a7","p0.001",0.00492096893966781,"activator",0,0.625782227784731
"activator","unspliced",13,16216,"NEAT1chk1","p0.001",8.63715525446289e-05,"activator",0.0801035183930002,0.0801035183930002
"repressor","unspliced",0,17098,"NEAT1chk1","p0.001",8.63715525446289e-05,"activator",0,0.0801035183930002
"activator","spliced",0,799,"NEAT1chk1","p0.001",1,"",0,0
"repressor","spliced",0,1510,"NEAT1chk1","p0.001",1,"",0,0
"activator","unspliced",1025,15204,"NEAT1chk10","p0.001",0.0322593695411494,"activator",6.31585433483271,0.560795263596305
"repressor","unspliced",984,16114,"NEAT1chk10","p0.001",0.0322593695411494,"activator",5.7550590712364,0.560795263596305
"activator","spliced",3,796,"NEAT1chk10","p0.001",0.0954967912411614,"",0.375469336670839,-0.750358477898698
"repressor","spliced",17,1493,"NEAT1chk10","p0.001",0.0954967912411614,"",1.12582781456954,-0.750358477898698
"activator","unspliced",3051,13178,"NEAT1chk11","p0.001",0.757333411333993,"",18.7996795859264,0.136678065280737
"repressor","unspliced",3191,13907,"NEAT1chk11","p0.001",0.757333411333993,"",18.6630015206457,0.136678065280737
"activator","spliced",20,778,"NEAT1chk11","p0.001",5.959735560432e-07,"repressor",2.5062656641604,-4.84472771332304
"repressor","spliced",111,1399,"NEAT1chk11","p0.001",5.959735560432e-07,"repressor",7.35099337748344,-4.84472771332304
"activator","unspliced",9,16220,"NEAT1chk12","p0.001",1.00121060305443e-09,"repressor",0.0554562819643847,-0.289633499868685
"repressor","unspliced",59,17038,"NEAT1chk12","p0.001",1.00121060305443e-09,"repressor",0.34508978183307,-0.289633499868685
"activator","spliced",0,799,"NEAT1chk12","p0.001",1,"",0,0
"repressor","spliced",0,1510,"NEAT1chk12","p0.001",1,"",0,0
"activator","unspliced",246,15984,"NEAT1chk15","p0.001",0.964299432602394,"",1.51571164510166,-0.0107826817201868
"repressor","unspliced",261,16837,"NEAT1chk15","p0.001",0.964299432602394,"",1.52649432682185,-0.0107826817201868
"activator","spliced",0,799,"NEAT1chk15","p0.001",1,"",0,0
"repressor","spliced",0,1510,"NEAT1chk15","p0.001",1,"",0,0
"activator","unspliced",388,15842,"NEAT1chk16","p0.001",9.39074988169312e-06,"activator",2.39063462723352,0.688681182386168
"repressor","unspliced",291,16807,"NEAT1chk16","p0.001",9.39074988169312e-06,"activator",1.70195344484735,0.688681182386168
"activator","spliced",0,799,"NEAT1chk16","p0.001",0.00207765185600712,"repressor",0,-0.993377483443709
"repressor","spliced",15,1495,"NEAT1chk16","p0.001",0.00207765185600712,"repressor",0.993377483443709,-0.993377483443709
"activator","unspliced",243,15986,"NEAT1chk17","p0.001",1.91384555239698e-23,"activator",1.49731961303839,1.04694820284947
"repressor","unspliced",77,17020,"NEAT1chk17","p0.001",1.91384555239698e-23,"activator",0.450371410188922,1.04694820284947
"activator","spliced",0,799,"NEAT1chk17","p0.001",0.170989795494219,"",0,-0.33112582781457
"repressor","spliced",5,1505,"NEAT1chk17","p0.001",0.170989795494219,"",0.33112582781457,-0.33112582781457
"activator","unspliced",137,16092,"NEAT1chk18","p0.001",1.29478582103785e-10,"activator",0.844167847680079,0.528322962612523
"repressor","unspliced",54,17043,"NEAT1chk18","p0.001",1.29478582103785e-10,"activator",0.315844885067556,0.528322962612523
"activator","spliced",3,796,"NEAT1chk18","p0.001",0.0413333551943436,"activator",0.375469336670839,0.375469336670839
"repressor","spliced",0,1510,"NEAT1chk18","p0.001",0.0413333551943436,"activator",0,0.375469336670839
"activator","unspliced",73,16157,"NEAT1chk20","p0.001",0.00191533811464036,"activator",0.449784349969193,0.204141584733493
"repressor","unspliced",42,17056,"NEAT1chk20","p0.001",0.00191533811464036,"activator",0.2456427652357,0.204141584733493
"activator","spliced",5,793,"NEAT1chk20","p0.001",0.00490078674822708,"activator",0.6265664160401,0.6265664160401
"repressor","spliced",0,1510,"NEAT1chk20","p0.001",0.00490078674822708,"activator",0,0.6265664160401
"activator","unspliced",64,16165,"NEAT1chk4","p0.001",1.92628885861141e-11,"repressor",0.394355782857847,-0.605819686522746
"repressor","unspliced",171,16926,"NEAT1chk4","p0.001",1.92628885861141e-11,"repressor",1.00017546938059,-0.605819686522746
"activator","spliced",0,799,"NEAT1chk4","p0.001",1,"",0,0
"repressor","spliced",0,1510,"NEAT1chk4","p0.001",1,"",0,0
"activator","unspliced",478,15751,"NEAT1chk7","p0.001",0.00627197781629612,"repressor",2.94534475321955,-0.528948982523568
"repressor","unspliced",594,16503,"NEAT1chk7","p0.001",0.00627197781629612,"repressor",3.47429373574311,-0.528948982523568
"activator","spliced",0,799,"NEAT1chk7","p0.001",1,"",0,0
"repressor","spliced",0,1510,"NEAT1chk7","p0.001",1,"",0,0
"activator","unspliced",1168,15061,"NEAT1chk9","p0.001",1.45252752524152e-06,"activator",7.19699303715571,1.30741530876642
"repressor","unspliced",1007,16091,"NEAT1chk9","p0.001",1.45252752524152e-06,"activator",5.88957772838928,1.30741530876642
"activator","spliced",0,799,"NEAT1chk9","p0.001",1,"",0,0
"repressor","spliced",0,1510,"NEAT1chk9","p0.001",1,"",0,0
"activator","unspliced",1,16229,"NKILA-SRSFNRE","p0.001",1,"",0.00616142945163278,0.00031279218411611
"repressor","unspliced",1,17097,"NKILA-SRSFNRE","p0.001",1,"",0.00584863726751667,0.00031279218411611
"activator","spliced",0,799,"NKILA-SRSFNRE","p0.001",1,"",0,0
"repressor","spliced",0,1510,"NKILA-SRSFNRE","p0.001",1,"",0,0
"activator","unspliced",0,16229,"NXF1-enChr","p0.001",1,"",0,-0.00584863726751667
"repressor","unspliced",1,17097,"NXF1-enChr","p0.001",1,"",0.00584863726751667,-0.00584863726751667
"activator","spliced",0,799,"NXF1-enChr","p0.001",1,"",0,0
"repressor","spliced",0,1510,"NXF1-enChr","p0.001",1,"",0,0
"activator","unspliced",11,16218,"PRRX2-eRNA","p0.001",0.0110300378519872,"activator",0.0677799001786925,0.0560826256436591
"repressor","unspliced",2,17096,"PRRX2-eRNA","p0.001",0.0110300378519872,"activator",0.0116972745350333,0.0560826256436591
"activator","spliced",1,798,"PRRX2-eRNA","p0.001",0.346037245560849,"",0.125156445556946,0.125156445556946
"repressor","spliced",0,1510,"PRRX2-eRNA","p0.001",0.346037245560849,"",0,0.125156445556946
"activator","unspliced",34,16195,"PVT1-22","p0.001",0.00118084184977226,"activator",0.209501509643231,0.133469225165515
"repressor","unspliced",13,17085,"PVT1-22","p0.001",0.00118084184977226,"activator",0.0760322844777167,0.133469225165515
"activator","spliced",0,798,"PVT1-22","p0.001",1,"",0,0
"repressor","spliced",0,1510,"PVT1-22","p0.001",1,"",0,0
"activator","unspliced",15,16214,"XIST-PfIMI","p0.001",8.51960410631522e-07,"repressor",0.0924271366073079,-0.246793824908659
"repressor","unspliced",58,17040,"XIST-PfIMI","p0.001",8.51960410631522e-07,"repressor",0.339220961515967,-0.246793824908659
"activator","spliced",0,799,"XIST-PfIMI","p0.001",2.84044071562904e-11,"repressor",0,-3.84105960264901
"repressor","spliced",58,1452,"XIST-PfIMI","p0.001",2.84044071562904e-11,"repressor",3.84105960264901,-3.84105960264901
"activator","unspliced",3,16227,"XISTint1","p0.001",0.115474639483822,"",0.0184842883548983,0.0184842883548983
"repressor","unspliced",0,17098,"XISTint1","p0.001",0.115474639483822,"",0,0.0184842883548983
"activator","spliced",0,799,"XISTint1","p0.001",1,"",0,0
"repressor","spliced",0,1510,"XISTint1","p0.001",1,"",0,0
"activator","unspliced",0,16229,"XISTint10","p0.001",0.000129331765627866,"repressor",0,-0.0818809217452334
"repressor","unspliced",14,17084,"XISTint10","p0.001",0.000129331765627866,"repressor",0.0818809217452334,-0.0818809217452334
"activator","spliced",0,799,"XISTint10","p0.001",0.00352143172220417,"repressor",0,-0.927152317880795
"repressor","spliced",14,1496,"XISTint10","p0.001",0.00352143172220417,"repressor",0.927152317880795,-0.927152317880795
"activator","unspliced",739,15491,"XISTint11","p0.001",1.13467258619778e-07,"repressor",4.55329636475662,-1.29534090276004
"repressor","unspliced",1000,16098,"XISTint11","p0.001",1.13467258619778e-07,"repressor",5.84863726751667,-1.29534090276004
"activator","spliced",20,779,"XISTint11","p0.001",0.00406624708968455,"repressor",2.50312891113892,-2.46375850607962
"repressor","spliced",75,1435,"XISTint11","p0.001",0.00406624708968455,"repressor",4.96688741721854,-2.46375850607962
"activator","unspliced",203,16027,"XISTint12","p0.001",2.00480033068381e-08,"repressor",1.25077017868145,-0.784555590414347
"repressor","unspliced",348,16750,"XISTint12","p0.001",2.00480033068381e-08,"repressor",2.0353257690958,-0.784555590414347
"activator","spliced",0,799,"XISTint12","p0.001",1.33712749232817e-09,"repressor",0,-3.24503311258278
"repressor","spliced",49,1461,"XISTint12","p0.001",1.33712749232817e-09,"repressor",3.24503311258278,-3.24503311258278
"activator","unspliced",38,16191,"XISTint13","p0.001",8.70499032126252e-05,"repressor",0.234148746071847,-0.26298542166707
"repressor","unspliced",85,17013,"XISTint13","p0.001",8.70499032126252e-05,"repressor",0.497134167738917,-0.26298542166707
"activator","spliced",0,799,"XISTint13","p0.001",4.8788934874574e-05,"repressor",0,-1.65562913907285
"repressor","spliced",25,1485,"XISTint13","p0.001",4.8788934874574e-05,"repressor",1.65562913907285,-1.65562913907285
"activator","unspliced",158,16071,"XISTint14","p0.001",0.0187120645585781,"repressor",0.97356583893031,-0.272266763280604
"repressor","unspliced",213,16884,"XISTint14","p0.001",0.0187120645585781,"repressor",1.24583260221091,-0.272266763280604
"activator","spliced",0,799,"XISTint14","p0.001",0.00120492533286223,"repressor",0,-1.12582781456954
"repressor","spliced",17,1493,"XISTint14","p0.001",0.00120492533286223,"repressor",1.12582781456954,-1.12582781456954
"activator","unspliced",3,16226,"XISTint2","p0.001",1,"",0.0184854273214616,-0.00490912174860509
"repressor","unspliced",4,17094,"XISTint2","p0.001",1,"",0.0233945490700667,-0.00490912174860509
"activator","spliced",0,799,"XISTint2","p0.001",0.547212962914314,"",0,-0.132450331125828
"repressor","spliced",2,1508,"XISTint2","p0.001",0.547212962914314,"",0.132450331125828,-0.132450331125828
"activator","unspliced",0,16229,"XISTint3","p0.001",5.49624987215098e-07,"repressor",0,-0.128670019885367
"repressor","unspliced",22,17076,"XISTint3","p0.001",5.49624987215098e-07,"repressor",0.128670019885367,-0.128670019885367
"activator","spliced",0,799,"XISTint3","p0.001",1,"",0,0
"repressor","spliced",0,1510,"XISTint3","p0.001",1,"",0,0
"activator","unspliced",17,16212,"XISTint4","p0.001",2.33945774407271e-05,"repressor",0.104750754821616,-0.211075657624284
"repressor","unspliced",54,17044,"XISTint4","p0.001",2.33945774407271e-05,"repressor",0.3158264124459,-0.211075657624284
"activator","spliced",0,799,"XISTint4","p0.001",1.42394873079693e-10,"repressor",0,-3.57615894039735
"repressor","spliced",54,1456,"XISTint4","p0.001",1.42394873079693e-10,"repressor",3.57615894039735,-3.57615894039735
"activator","unspliced",0,16229,"XISTint5","p0.001",1.54168663150758e-17,"repressor",0,-0.339240802479967
"repressor","unspliced",58,17039,"XISTint5","p0.001",1.54168663150758e-17,"repressor",0.339240802479967,-0.339240802479967
"activator","spliced",0,799,"XISTint5","p0.001",2.84044071562904e-11,"repressor",0,-3.84105960264901
"repressor","spliced",58,1452,"XISTint5","p0.001",2.84044071562904e-11,"repressor",3.84105960264901,-3.84105960264901
"activator","unspliced",0,16229,"XISTint6","p0.001",9.59474531327836e-21,"repressor",0,-0.403579575364099
"repressor","unspliced",69,17028,"XISTint6","p0.001",9.59474531327836e-21,"repressor",0.403579575364099,-0.403579575364099
"activator","spliced",0,799,"XISTint6","p0.001",1.68528545554133e-13,"repressor",0,-4.56953642384106
"repressor","spliced",69,1441,"XISTint6","p0.001",1.68528545554133e-13,"repressor",4.56953642384106,-4.56953642384106
"activator","unspliced",0,16229,"XISTint7","p0.001",1.07869911129432e-11,"repressor",0,-0.222248216165633
"repressor","unspliced",38,17060,"XISTint7","p0.001",1.07869911129432e-11,"repressor",0.222248216165633,-0.222248216165633
"activator","spliced",0,799,"XISTint7","p0.001",1.04716830146939e-07,"repressor",0,-2.51655629139073
"repressor","spliced",38,1472,"XISTint7","p0.001",1.04716830146939e-07,"repressor",2.51655629139073,-2.51655629139073
"activator","unspliced",51,16178,"XISTint8","p0.001",0.400455537711602,"",0.314252264464847,-0.0600605206562199
"repressor","unspliced",64,17034,"XISTint8","p0.001",0.400455537711602,"",0.374312785121067,-0.0600605206562199
"activator","spliced",0,799,"XISTint8","p0.001",0.000393861928592334,"repressor",0,-1.25827814569536
"repressor","spliced",19,1491,"XISTint8","p0.001",0.000393861928592334,"repressor",1.25827814569536,-1.25827814569536
"activator","unspliced",0,16229,"XISTint9","p0.001",5.49624987215098e-07,"repressor",0,-0.128670019885367
"repressor","unspliced",22,17076,"XISTint9","p0.001",5.49624987215098e-07,"repressor",0.128670019885367,-0.128670019885367
"activator","spliced",0,799,"XISTint9","p0.001",0.0989976336686418,"",0,-0.397350993377483
"repressor","spliced",6,1504,"XISTint9","p0.001",0.0989976336686418,"",0.397350993377483,-0.397350993377483
"activator","unspliced",2,16227,"XISTrA","p0.001",0.688107548863985,"",0.0123236182143077,-0.0110722991981038
"repressor","unspliced",4,17093,"XISTrA","p0.001",0.688107548863985,"",0.0233959174124115,-0.0110722991981038
"activator","spliced",1,798,"XISTrA","p0.001",0.664741625766388,"",0.125156445556946,-0.139744216694709
"repressor","spliced",4,1506,"XISTrA","p0.001",0.664741625766388,"",0.264900662251656,-0.139744216694709
"activator","unspliced",13,16217,"XISTrB1","p0.001",0.842214901652821,"",0.0800985828712261,0.00991083063399152
"repressor","unspliced",12,17085,"XISTrB1","p0.001",0.842214901652821,"",0.0701877522372346,0.00991083063399152
"activator","spliced",2,796,"XISTrB1","p0.001",0.612459781674387,"",0.25062656641604,0.118176235290212
"repressor","spliced",2,1508,"XISTrB1","p0.001",0.612459781674387,"",0.132450331125828,0.118176235290212
"activator","unspliced",4,16226,"XISTrB2","p0.001",1,"",0.0246457178065311,0.00125116873646444
"repressor","unspliced",4,17094,"XISTrB2","p0.001",1,"",0.0233945490700667,0.00125116873646444
"activator","spliced",0,799,"XISTrB2","p0.001",1,"",0,-0.0662251655629139
"repressor","spliced",1,1509,"XISTrB2","p0.001",1,"",0.0662251655629139,-0.0662251655629139
"activator","unspliced",0,16229,"XISTrD","p0.001",6.21182515090663e-10,"repressor",0,-0.187167339299292
"repressor","unspliced",32,17065,"XISTrD","p0.001",6.21182515090663e-10,"repressor",0.187167339299292,-0.187167339299292
"activator","spliced",0,799,"XISTrD","p0.001",1.61728703307745e-06,"repressor",0,-2.11920529801325
"repressor","spliced",32,1478,"XISTrD","p0.001",1.61728703307745e-06,"repressor",2.11920529801325,-2.11920529801325
"activator","unspliced",52,16177,"XISTrE","p0.001",0.691862302298105,"",0.320414073572001,0.0279651059168566
"repressor","unspliced",50,17047,"XISTrE","p0.001",0.691862302298105,"",0.292448967655144,0.0279651059168566
"activator","spliced",0,799,"XISTrE","p0.001",0.0569114187850259,"",0,-0.529801324503311
"repressor","spliced",8,1502,"XISTrE","p0.001",0.0569114187850259,"",0.529801324503311,-0.529801324503311
"activator","unspliced",0,16229,"XISTrF","p0.001",0.000509259162967449,"repressor",0,-0.0701877522372346
"repressor","unspliced",12,17085,"XISTrF","p0.001",0.000509259162967449,"repressor",0.0701877522372346,-0.0701877522372346
"activator","spliced",0,799,"XISTrF","p0.001",0.0110649506357658,"repressor",0,-0.794701986754967
"repressor","spliced",12,1498,"XISTrF","p0.001",0.0110649506357658,"repressor",0.794701986754967,-0.794701986754967
